"STATION","DATE","LATITUDE","LONGITUDE","ELEVATION","NAME","CDSD","CDSD_ATTRIBUTES","CLDD","CLDD_ATTRIBUTES","DP01","DP01_ATTRIBUTES","DP10","DP10_ATTRIBUTES","DP1X","DP1X_ATTRIBUTES","DT00","DT00_ATTRIBUTES","DT32","DT32_ATTRIBUTES","DX32","DX32_ATTRIBUTES","DX70","DX70_ATTRIBUTES","DX90","DX90_ATTRIBUTES","DYNT","DYNT_ATTRIBUTES","DYXP","DYXP_ATTRIBUTES","DYXT","DYXT_ATTRIBUTES","EMNT","EMNT_ATTRIBUTES","EMXP","EMXP_ATTRIBUTES","EMXT","EMXT_ATTRIBUTES","HDSD","HDSD_ATTRIBUTES","HTDD","HTDD_ATTRIBUTES","PRCP","PRCP_ATTRIBUTES","TAVG","TAVG_ATTRIBUTES","TMAX","TMAX_ATTRIBUTES","TMIN","TMIN_ATTRIBUTES","WDFG","WDFG_ATTRIBUTES","WSFG","WSFG_ATTRIBUTES"
"CA00706I155","1995-01","50.65","-70.5333","497.0","MANOUANE EST, QC CA","0.0","C","0.0","4,C","","","","","","","17","4,C","27","4,C","25","4,C","0","4,C","0","4,C","19950111",",4,C","","","19950115",",4,C","-48.1","4,C,11,","","","6.2","4,C,15,","","","990.1","4,C","","","-18.34","4,C","-11.86","4,,,C","-24.81","4,,,C","","","",""
"CA00706I155","1995-02","50.65","-70.5333","497.0","MANOUANE EST, QC CA","0.0","C","0.0","2,C","","","","","","","24","2,C","26","2,C","26","2,C","0","2,C","0","2,C","19950227",",2,C","","","19950219",",2,C","-40.1","2,C,27,","","","-0.6","2,C,19,","","","1022.1","2,C","","","-20.98","2,C","-12.59","2,,,C","-29.37","2,,,C","","","",""
"CA00706I155","1995-04","50.65","-70.5333","497.0","MANOUANE EST, QC CA","","","0.0","5,C","","","","","","","8","5,C","25","5,C","3","5,C","0","5,C","0","5,C","19950402",",5,C","","","19950429",",5,C","-24.2","5,C,02,","","","15.0","5,C,29,","","","516.2","5,C","","","-2.31","5,C","5.18","5,,,C","-9.81","5,,,C","","","",""
"CA00706I155","1995-05","50.65","-70.5333","497.0","MANOUANE EST, QC CA","","","0.0","3,C","","","","","","","0","3,C","17","3,C","0","3,C","0","3,C","0","3,C","19950507",",3,C","","","19950528",",3,C","-8.3","3,C,07,","","","20.0","3,C,28,","","","373.9","3,C","","","4.98","3,C","11.43","3,,,C","-1.47","3,,,C","","","",""
"CA00706I155","1995-08","50.65","-70.5333","497.0","MANOUANE EST, QC CA","","","6.5",",C","23","1,C","19","1,C","1","1,C","0",",C","0",",C","0",",C","12",",C","0",",C","19950823",",,C","19950824",",1,C","19950810",",,C","0.9",",C,23,","44.0","1,,C,24,","29.7",",C,10,","","","136.1",",C","224.0","1,,,C","14.15",",C","20.98",",,,C","7.32",",,,C","","","",""
"CA00706I155","1995-11","50.65","-70.5333","497.0","MANOUANE EST, QC CA","","","0.0","4,C","","","","","","","8","4,C","26","4,C","20","4,C","0","4,C","0","4,C","19951128",",4,C","","","19951112",",4,C","-32.1","4,C,28,","","","9.0","4,C,12,","","","714.1","4,C","","","-9.13","4,C","-4.29","4,,,C","-13.97","4,,,C","","","",""
"CA00706I155","1996-01","50.65","-70.5333","497.0","MANOUANE EST, QC CA","0.0","C","0.0","4,C","","","","","","","28","3,C","28","3,C","26","3,C","0","3,C","0","3,C","19960103",",3,C","","","19960119",",3,C","-43.8","3,C,03,","","","8.2","3,C,19,","","","1148.9","3,C","","","-23.66","4,C","-15.03","3,,,C","-32.29","3,,,C","","","",""
"CA00706I155","1996-02","50.65","-70.5333","497.0","MANOUANE EST, QC CA","0.0","C","0.0","4,C","","","","","","","18","4,C","25","4,C","21","4,C","0","4,C","0","4,C","19960204",",4,C","","","19960222",",4,C","-44.1","4,C,04,","","","2.6","4,C,22,","","","934.2","4,C","","","-19.04","4,C","-12.02","4,,,C","-26.05","4,,,C","","","",""
"CA00706I155","1996-04","50.65","-70.5333","497.0","MANOUANE EST, QC CA","","","","","15","5,C","13","5,C","3","5,C","","","","","","","","","","","","","19960430",",5,C","","","","","70.0","5,,C,30,","","","","","","","255.0","5,,,C","","","","","","","","","",""
"CA00706I155","1996-05","50.65","-70.5333","497.0","MANOUANE EST, QC CA","","","0.0","2,C","13","2,C","10","2,C","1","2,C","0","2,C","26","2,C","1","2,C","0","2,C","0","2,C","19960509",",2,C","19960520",",2,C","19960531",",2,C","-8.4","2,C,09,","63.0","2,,C,20,","20.1","2,C,31,","","","456.8","2,C","150.0","2,,,C","2.58","2,C","8.56","2,,,C","-3.40","2,,,C","","","",""
"CA00706I155","1996-06","50.65","-70.5333","497.0","MANOUANE EST, QC CA","","","3.3","2,C","18","2,C","7","2,C","1","2,C","0","2,C","1","2,C","0","2,C","10","2,C","0","2,C","19960601",",2,C","19960630",",2,C","19960612",",2,C","-0.3","2,C,01,","30.0","2,,C,30,","31.1","2,C,12,","","","155.8","2,C","68.0","2,,,C","12.88","2,C","19.94","2,,,C","5.83","2,,,C","","","",""
"CA00706I155","1996-07","50.65","-70.5333","497.0","MANOUANE EST, QC CA","","","0.0",",C","","","","","","","0",",C","0",",C","0",",C","8",",C","0",",C","19960722",",,C","","","19960713",",,C","1.9",",C,22,","","","24.0",",C,13,","152.5","C","152.5",",C","","","13.41",",C","18.57",",,,C","8.25",",,,C","","","",""
"CA00706I155","1996-08","50.65","-70.5333","497.0","MANOUANE EST, QC CA","","","11.6",",C","23",",C","15",",C","0",",C","0",",C","0",",C","0",",C","12",",C","0",",C","19960828","+,,C","19960825",",,C","19960806",",,C","1.5",",C,28,+","10.0",",,C,25,","29.5",",C,06,","304.3","C","151.8",",C","78.0",",,,C","13.81",",C","19.72",",,,C","7.90",",,,C","","","",""
"CA00706I155","1996-09","50.65","-70.5333","497.0","MANOUANE EST, QC CA","","","0.0","3,C","14","3,C","11","3,C","1","3,C","0","3,C","4","3,C","0","3,C","3","3,C","0","3,C","19960927",",3,C","19960913",",3,C","19960903",",3,C","-3.2","3,C,27,","26.0","3,,C,13,","24.2","3,C,03,","562.5","C","258.2","3,C","81.0","3,,,C","8.77","3,C","14.39","3,,,C","3.16","3,,,C","","","",""
"CA00706I155","1996-10","50.65","-70.5333","497.0","MANOUANE EST, QC CA","","","0.0","3,C","16","3,C","8","3,C","0","3,C","0","3,C","20","3,C","2","3,C","0","3,C","0","3,C","19961016",",3,C","19961028","+,3,C","19961002",",3,C","-10.7","3,C,16,","14.0","3,,C,28,+","15.2","3,C,02,","1034.3","C","471.8","3,C","78.0","3,,,C","1.48","3,C","5.69","3,,,C","-2.72","3,,,C","","","",""
"CA00706I155","1996-11","50.65","-70.5333","497.0","MANOUANE EST, QC CA","","","0.0","2,C","22","2,C","17","2,C","2","2,C","7","2,C","26","2,C","21","2,C","0","2,C","0","2,C","19961130",",2,C","19961109",",2,C","19961109",",2,C","-25.4","2,C,30,","48.0","2,,C,09,","12.6","2,C,09,","1736.1","C","701.8","2,C","164.0","2,,,C","-6.73","2,C","-2.72","2,,,C","-10.74","2,,,C","","","",""
"CA00706I155","1998-07","50.65","-70.5333","497.0","MANOUANE EST, QC CA","","","5.3","2,C","","","","","","","0","2,C","0","2,C","0","1,C","16","1,C","0","1,C","19980708",",2,C","","","19980717","+,1,C","4.7","2,C,08,","","","27.0","1,C,17,+","94.0","C","94.0","1,C","","","15.20","2,C","21.18","1,,,C","9.22","2,,,C","","","",""
"CA00706I155","1999-03","50.65","-70.5333","497.0","MANOUANE EST, QC CA","","","0.0",",C","","","","","","","5",",C","31",",C","15",",C","0",",C","0",",C","19990307",",,C","","","19990328",",,C","-39.8",",C,07,","","","19.6",",C,28,","","","786.4",",C","","","-7.03",",C","0.02",",,,C","-14.09",",,,C","","","",""
"CA00706I155","1999-04","50.65","-70.5333","497.0","MANOUANE EST, QC CA","","","0.0",",C","","","","","","","2",",C","29",",C","3",",C","0",",C","0",",C","19990402",",,C","","","19990430",",,C","-24.0",",C,02,","","","17.0",",C,30,","","","561.7",",C","","","-0.39",",C","6.20",",,,C","-6.98",",,,C","","","",""
"CA00706I155","1999-06","50.65","-70.5333","497.0","MANOUANE EST, QC CA","","","14.8","5,C","","","","","","","0","5,C","2","5,C","0","4,C","15","4,C","0","4,C","19990618",",5,C","","","19990624",",4,C","-1.1","5,C,18,","","","29.8","4,C,24,","","","99.4","4,C","","","15.04","5,C","22.30","4,,,C","7.77","5,,,C","","","",""
"CA00706I155","1999-07","50.65","-70.5333","497.0","MANOUANE EST, QC CA","","","7.7",",C","","","","","","","0",",C","0",",C","0",",C","17",",C","0",",C","19990706",",,C","","","19990713",",,C","3.4",",C,06,","","","28.2",",C,13,","96.3","C","96.3",",C","","","15.48",",C","21.67",",,,C","9.28",",,,C","","","",""
"CA00706I155","1999-08","50.65","-70.5333","497.0","MANOUANE EST, QC CA","","","3.4",",C","","","","","","","0",",C","0",",C","0",",C","15",",C","0",",C","19990815",",,C","","","19990827",",,C","3.8",",C,15,","","","28.8",",C,27,","216.1","C","119.8",",C","","","14.58",",C","20.64",",,,C","8.52",",,,C","","","",""
"CA00706I155","1999-09","50.65","-70.5333","497.0","MANOUANE EST, QC CA","","","8.8",",C","","","","","","","0",",C","5",",C","0",",C","9",",C","0",",C","19990922",",,C","","","19990905",",,C","-2.2",",C,22,","","","28.4",",C,05,","400.2","C","184.1",",C","","","12.49",",C","18.53",",,,C","6.44",",,,C","","","",""
"CA00706I155","1999-10","50.65","-70.5333","497.0","MANOUANE EST, QC CA","","","0.0",",C","","","","","","","0",",C","27",",C","5",",C","0",",C","0",",C","19991018",",,C","","","19991001",",,C","-13.6",",C,18,","","","9.8",",C,01,","976.7","C","576.5",",C","","","-0.26",",C","2.93",",,,C","-3.46",",,,C","","","",""
"CA00706I155","1999-11","50.65","-70.5333","497.0","MANOUANE EST, QC CA","","","0.0",",C","","","","","","","3",",C","29",",C","17",",C","0",",C","0",",C","19991130",",,C","","","19991103",",,C","-24.7",",C,30,","","","12.2",",C,03,","1679.3","C","702.6",",C","","","-5.09",",C","-1.15",",,,C","-9.03",",,,C","","","",""
"CA00706I155","1999-12","50.65","-70.5333","497.0","MANOUANE EST, QC CA","","","0.0",",C","","","","","","","17",",C","31",",C","31",",C","0",",C","0",",C","19991230",",,C","","","19991206",",,C","-42.0",",C,30,","","","-0.5",",C,06,","2700.7","C","1021.4",",C","","","-14.62",",C","-8.87",",,,C","-20.36",",,,C","","","",""
"CA00706I155","2000-01","50.65","-70.5333","497.0","MANOUANE EST, QC CA","0.0","C","0.0","2,C","","","","","","","25","2,C","29","2,C","29","2,C","0","2,C","0","2,C","20000115",",2,C","","","20000107",",2,C","-39.9","2,C,15,","","","-3.3","2,C,07,","3844.4","C","1143.7","2,C","","","-21.11","2,C","-14.07","2,,,C","-28.14","2,,,C","","","",""
"CA00706I155","2000-02","50.65","-70.5333","497.0","MANOUANE EST, QC CA","0.0","C","0.0","3,C","","","","","","","23","3,C","25","3,C","24","2,C","0","2,C","0","2,C","20000218",",3,C","","","20000227",",2,C","-41.0","3,C,18,","","","5.6","2,C,27,","4810.4","C","966.0","2,C","","","-19.01","3,C","-9.79","2,,,C","-28.23","3,,,C","","","",""
"CA00706I155","2000-03","50.65","-70.5333","497.0","MANOUANE EST, QC CA","0.0","C","0.0",",C","","","","","","","12",",C","31",",C","15",",C","0",",C","0",",C","20000317",",,C","","","20000322",",,C","-34.7",",C,17,","","","11.3",",C,22,","5619.3","C","808.9",",C","","","-7.76",",C","0.29",",,,C","-15.82",",,,C","","","",""
"CA00706I155","2000-04","50.65","-70.5333","497.0","MANOUANE EST, QC CA","0.0","C","0.0",",C","","","","","","","10",",C","30",",C","9",",C","0",",C","0",",C","20000412",",,C","","","20000427",",,C","-27.5",",C,12,","","","14.4",",C,27,","6318.7","C","699.4",",C","","","-4.98",",C","3.68",",,,C","-13.64",",,,C","","","",""
"CA00706I155","2000-05","50.65","-70.5333","497.0","MANOUANE EST, QC CA","0.0","C","0.0",",C","","","","","","","0",",C","17",",C","0",",C","0",",C","0",",C","20000503",",,C","","","20000523",",,C","-11.0",",C,03,","","","18.9",",C,23,","6735.5","C","416.8",",C","","","4.89",",C","11.10",",,,C","-1.32",",,,C","","","",""
"CA00706I155","2000-06","50.65","-70.5333","497.0","MANOUANE EST, QC CA","0.9","C","0.9",",C","","","","","","","0",",C","9",",C","0",",C","5",",C","0",",C","20000608",",,C","","","20000616",",,C","-2.8",",C,08,","","","24.2",",C,16,","7002.7","C","267.2",",C","","","9.46",",C","15.87",",,,C","3.04",",,,C","","","",""
"CA00706I155","2000-07","50.65","-70.5333","497.0","MANOUANE EST, QC CA","13.7","C","12.8","2,C","","","","","","","0","2,C","0","2,C","0","2,C","18","2,C","0","2,C","20000709",",2,C","","","20000726",",2,C","3.8","2,C,09,","","","28.1","2,C,26,","101.2","C","101.2","2,C","","","15.28","2,C","21.35","2,,,C","9.21","2,,,C","","","",""
"CA00706I155","2000-08","50.65","-70.5333","497.0","MANOUANE EST, QC CA","18.0","C","4.3",",C","","","","","","","0",",C","0",",C","0",",C","14",",C","0",",C","20000822",",,C","","","20000813","+,,C","1.9",",C,22,","","","26.0",",C,13,+","233.0","C","131.8",",C","","","14.22",",C","20.13",",,,C","8.31",",,,C","","","",""
"CA00706I155","2000-09","50.65","-70.5333","497.0","MANOUANE EST, QC CA","18.0","C","0.0","4,C","","","","","","","0","4,C","8","4,C","0","4,C","2","4,C","0","4,C","20000918",",4,C","","","20000920",",4,C","-5.3","4,C,18,","","","21.5","4,C,20,","517.1","C","284.1","4,C","","","7.41","4,C","12.25","4,,,C","2.56","4,,,C","","","",""
"CA00706I155","2000-10","50.65","-70.5333","497.0","MANOUANE EST, QC CA","18.0","C","0.0",",C","","","","","","","0",",C","23",",C","2",",C","0",",C","0",",C","20001016",",,C","","","20001002",",,C","-10.4",",C,16,","","","18.5",",C,02,","1038.4","C","521.3",",C","","","1.52",",C","5.83",",,,C","-2.79",",,,C","","","",""
"CA00706I155","2000-11","50.65","-70.5333","497.0","MANOUANE EST, QC CA","18.0","C","0.0","5,C","","","","","","","3","5,C","20","5,C","12","4,C","0","4,C","0","4,C","20001124",",5,C","","","20001103",",4,C","-21.3","5,C,24,","","","9.5","4,C,03,","1569.5","C","531.1","4,C","","","-2.99","5,C","0.55","4,,,C","-6.52","5,,,C","","","",""
"CA00706I155","2000-12","50.65","-70.5333","497.0","MANOUANE EST, QC CA","18.0","C","0.0","4,C","","","","","","","21","4,C","27","4,C","25","4,C","0","4,C","0","4,C","20001210",",4,C","","","20001218",",4,C","-35.6","4,C,10,","","","2.2","4,C,18,","2529.4","C","959.9","4,C","","","-17.22","4,C","-11.58","4,,,C","-22.86","4,,,C","","","",""
"CA00706I155","2001-01","50.65","-70.5333","497.0","MANOUANE EST, QC CA","0.0","C","0.0","5,C","","","","","","","25","5,C","26","5,C","27","4,C","0","4,C","0","4,C","20010122",",5,C","","","20010124","+,4,C","-38.4","5,C,22,","","","-6.3","4,C,24,+","3562.5","C","1033.1","4,C","","","-21.28","5,C","-13.59","4,,,C","-28.97","5,,,C","","","",""
"CA00706I155","2001-02","50.65","-70.5333","497.0","MANOUANE EST, QC CA","0.0","C","0.0",",C","","","","","","","24",",C","28",",C","28",",C","0",",C","0",",C","20010222",",,C","","","20010226",",,C","-38.9",",C,22,","","","-2.6",",C,26,","4626.1","C","1063.6",",C","","","-19.65",",C","-12.20",",,,C","-27.10",",,,C","","","",""
"CA00706I155","2001-03","50.65","-70.5333","497.0","MANOUANE EST, QC CA","0.0","C","0.0","3,C","","","","","","","14","3,C","28","3,C","14","3,C","0","3,C","0","3,C","20010302",",3,C","","","20010320",",3,C","-40.6","3,C,02,","","","6.9","3,C,20,","5418.7","C","792.6","3,C","","","-9.97","3,C","-1.94","3,,,C","-18.01","3,,,C","","","",""
"CA00706I155","2001-04","50.65","-70.5333","497.0","MANOUANE EST, QC CA","0.0","C","0.0","4,C","","","","","","","4","4,C","26","4,C","1","1,C","0","1,C","0","1,C","20010406",",4,C","","","20010421",",1,C","-22.6","4,C,06,","","","15.7","1,C,21,","5977.6","C","558.9","1,C","","","-3.24","4,C","5.13","1,,,C","-11.62","4,,,C","","","",""
"CA00706I155","2001-05","50.65","-70.5333","497.0","MANOUANE EST, QC CA","0.0","C","0.0","1,C","","","","","","","0","1,C","13","1,C","0","1,C","13","1,C","0","1,C","20010506",",1,C","","","20010526",",1,C","-7.5","1,C,06,","","","28.4","1,C,26,","6236.6","C","259.0","1,C","","","9.70","1,C","18.69","1,,,C","0.71","1,,,C","","","",""
"CA00706I155","2001-06","50.65","-70.5333","497.0","MANOUANE EST, QC CA","4.4","C","4.4","1,C","","","","","","","0","1,C","5","1,C","0","1,C","8","1,C","0","1,C","20010601",",1,C","","","20010616",",1,C","-1.7","1,C,01,","","","31.7","1,C,16,","6421.7","C","185.1","1,C","","","12.10","1,C","18.70","1,,,C","5.51","1,,,C","","","",""
"CA00706I155","2001-07","50.65","-70.5333","497.0","MANOUANE EST, QC CA","11.5","C","7.1",",C","","","","","","","0",",C","0",",C","0",",C","13",",C","0",",C","20010729",",,C","","","20010721",",,C","3.9",",C,29,","","","28.3",",C,21,","103.6","C","103.6",",C","","","15.22",",C","21.10",",,,C","9.34",",,,C","","","",""
"CA00706I155","2001-08","50.65","-70.5333","497.0","MANOUANE EST, QC CA","16.8","C","5.3","2,C","","","","","","","0","2,C","0","2,C","0","2,C","12","2,C","0","2,C","20010824",",2,C","","","20010801",",2,C","2.9","2,C,24,","","","27.6","2,C,01,","206.4","C","102.8","2,C","","","14.97","2,C","20.21","2,,,C","9.73","2,,,C","","","",""
"CA00706I155","2001-09","50.65","-70.5333","497.0","MANOUANE EST, QC CA","21.7","C","4.9","1,C","","","","","","","0","1,C","6","1,C","0","1,C","3","1,C","0","1,C","20010929",",1,C","","","20010908",",1,C","-3.1","1,C,29,","","","26.8","1,C,08,","471.1","C","264.7","1,C","","","9.37","1,C","14.36","1,,,C","4.39","1,,,C","","","",""
"CA00706I155","2001-10","50.65","-70.5333","497.0","MANOUANE EST, QC CA","21.7","C","0.0",",C","","","","","","","0",",C","15",",C","1",",C","0",",C","0",",C","20011031",",,C","","","20011011",",,C","-5.7",",C,31,","","","14.0",",C,11,","934.8","C","463.7",",C","","","3.37",",C","6.19",",,,C","0.56",",,,C","","","",""
"CA00706I155","2001-11","50.65","-70.5333","497.0","MANOUANE EST, QC CA","21.7","C","0.0",",C","","","","","","","2",",C","26",",C","14",",C","0",",C","0",",C","20011130",",,C","","","20011102",",,C","-18.9",",C,30,","","","9.6",",C,02,","1591.5","C","656.7",",C","","","-3.56",",C","0.09",",,,C","-7.20",",,,C","","","",""
"CA00706I155","2002-02","50.65","-70.5333","497.0","MANOUANE EST, QC CA","","","0.0","1,C","","","","","","","21",",C","28",",C","26","1,C","0","1,C","0","1,C","20020207",",,C","","","20020227",",1,C","-44.5",",C,07,","","","0.7","1,C,27,","","","1031.8","1,C","","","-20.07","1,C","-11.81","1,,,C","-28.33",",,,C","","","",""
"CA00706I155","2002-03","50.65","-70.5333","497.0","MANOUANE EST, QC CA","","","0.0","2,C","","","","","","","21","2,C","29","2,C","22","1,C","0","1,C","0","1,C","20020308",",2,C","","","20020331",",1,C","-35.8","2,C,08,","","","5.3","1,C,31,","","","955.3","1,C","","","-14.79","2,C","-6.28","1,,,C","-23.30","2,,,C","","","",""
"CA00706I155","2002-04","50.65","-70.5333","497.0","MANOUANE EST, QC CA","","","0.0",",C","","","","","","","5",",C","30",",C","9",",C","0",",C","0",",C","20020407",",,C","","","20020414",",,C","-28.8",",C,07,","","","12.0",",C,14,","","","652.1",",C","","","-3.40",",C","3.42",",,,C","-10.22",",,,C","","","",""
"CA00706I155","2002-05","50.65","-70.5333","497.0","MANOUANE EST, QC CA","","","0.0","2,C","","","","","","","0","2,C","26","2,C","2","1,C","2","1,C","0","1,C","20020508",",2,C","","","20020529",",1,C","-10.6","2,C,08,","","","24.6","1,C,29,","","","441.2","1,C","","","3.03","2,C","8.81","1,,,C","-2.74","2,,,C","","","",""
"CA00706I155","2002-06","50.65","-70.5333","497.0","MANOUANE EST, QC CA","","","3.4","2,C","","","","","","","0","2,C","6","2,C","0","2,C","9","2,C","0","2,C","20020607",",2,C","","","20020630",",2,C","-3.2","2,C,07,","","","30.6","2,C,30,","","","215.3","2,C","","","10.77","2,C","18.20","2,,,C","3.33","2,,,C","","","",""
"CA00706I155","2002-07","50.65","-70.5333","497.0","MANOUANE EST, QC CA","","","14.3",",C","17","3,C","9","3,C","1","3,C","0",",C","0",",C","0",",C","14",",C","1",",C","20020725",",,C","20020730",",3,C","20020702",",,C","2.1",",C,25,","38.0","3,,C,30,","33.4",",C,02,","105.8","C","105.8",",C","118.0","3,,,C","15.38",",C","20.85",",,,C","9.92",",,,C","","","",""
"CA00706I155","2002-08","50.65","-70.5333","497.0","MANOUANE EST, QC CA","","","12.2","3,C","","","","","","","0","3,C","2","3,C","0","3,C","12","3,C","0","3,C","20020831",",3,C","","","20020814",",3,C","-1.7","3,C,31,","","","28.8","3,C,14,","212.8","C","107.0","3,C","","","14.95","3,C","20.61","3,,,C","9.29","3,,,C","","","",""
"CA00706I155","2002-09","50.65","-70.5333","497.0","MANOUANE EST, QC CA","","","2.6","5,C","","","","","","","0","5,C","4","5,C","0","5,C","5","5,C","0","5,C","20020914",",5,C","","","20020902",",5,C","-2.0","5,C,14,","","","25.7","5,C,02,","411.0","C","198.2","5,C","","","10.51","5,C","15.76","5,,,C","5.26","5,,,C","","","",""
"CA00706I155","2002-10","50.65","-70.5333","497.0","MANOUANE EST, QC CA","","","0.0","3,C","","","","","","","0","3,C","24","3,C","6","3,C","0","3,C","0","3,C","20021031",",3,C","","","20021001",",3,C","-12.7","3,C,31,","","","14.6","3,C,01,","917.1","C","506.1","3,C","","","0.26","3,C","3.92","3,,,C","-3.40","3,,,C","","","",""
"CA00706I155","2002-11","50.65","-70.5333","497.0","MANOUANE EST, QC CA","","","0.0",",C","","","","","","","8",",C","30",",C","26",",C","0",",C","0",",C","20021129",",,C","","","20021111",",,C","-29.2",",C,29,","","","10.8",",C,11,","1716.4","C","799.3",",C","","","-8.31",",C","-3.72",",,,C","-12.91",",,,C","","","",""
"CA00706I155","2002-12","50.65","-70.5333","497.0","MANOUANE EST, QC CA","","","0.0",",C","","","","","","","20",",C","31",",C","31",",C","0",",C","0",",C","20021209",",,C","","","20021214",",,C","-34.1",",C,09,","","","-0.4",",C,14,","2746.1","C","1029.7",",C","","","-14.88",",C","-9.23",",,,C","-20.54",",,,C","","","",""
"CA00706I155","2003-01","50.65","-70.5333","497.0","MANOUANE EST, QC CA","0.0","C","0.0","1,C","","","","","","","29","1,C","30","1,C","30","1,C","0","1,C","0","1,C","20030118",",1,C","","","20030131",",1,C","-39.3","1,C,18,","","","-5.5","1,C,31,","3982.6","C","1236.5","1,C","","","-22.88","1,C","-16.84","1,,,C","-28.92","1,,,C","","","",""
"CA00706I155","2003-02","50.65","-70.5333","497.0","MANOUANE EST, QC CA","0.0","C","0.0","1,C","","","","","","","25","1,C","27","1,C","27","1,C","0","1,C","0","1,C","20030214",",1,C","","","20030201",",1,C","-39.8","1,C,14,","","","-1.3","1,C,01,","5071.3","C","1088.7","1,C","","","-21.99","1,C","-14.87","1,,,C","-29.11","1,,,C","","","",""
"CA00706I155","2003-03","50.65","-70.5333","497.0","MANOUANE EST, QC CA","0.0","C","0.0",",C","","","","","","","20",",C","31",",C","22",",C","0",",C","0",",C","20030304",",,C","","","20030324",",,C","-39.3",",C,04,","","","8.7",",C,24,","6098.4","C","1027.1",",C","","","-14.80",",C","-6.01",",,,C","-23.59",",,,C","","","",""
"CA00706I155","2003-04","50.65","-70.5333","497.0","MANOUANE EST, QC CA","0.0","C","0.0","1,C","","","","","","","12","1,C","26","1,C","11","1,C","0","1,C","0","1,C","20030405",",1,C","","","20030411",",1,C","-27.3","1,C,05,","","","11.2","1,C,11,","6798.1","C","699.7","1,C","","","-5.79","1,C","1.01","1,,,C","-12.60","1,,,C","","","",""
"CA00706I155","2003-05","50.65","-70.5333","497.0","MANOUANE EST, QC CA","0.0","C","0.0","2,C","","","","","","","0","2,C","20","2,C","0","2,C","6","2,C","0","2,C","20030505",",2,C","","","20030520",",2,C","-9.4","2,C,05,","","","27.2","2,C,20,","7130.0","C","331.9","2,C","","","6.89","2,C","15.53","2,,,C","-1.75","2,,,C","","","",""
"CA00706I155","2003-06","50.65","-70.5333","497.0","MANOUANE EST, QC CA","","","","","","","","","","","","","","","0","1,C","15","1,C","1","1,C","","","","","20030624",",1,C","","","","","32.9","1,C,24,","","","","","","","","","20.73","1,,,C","","","","","",""
"CA00706I155","2003-07","50.65","-70.5333","497.0","MANOUANE EST, QC CA","","","3.8","3,C","","","","","","","0","3,C","1","3,C","0",",C","18",",C","0",",C","20030704",",3,C","","","20030715",",,C","-3.3","3,C,04,","","","26.6",",C,15,","95.9","C","95.9",",C","","","14.88","3,C","21.10",",,,C","8.66","3,,,C","","","",""
"CA00706I155","2003-08","50.65","-70.5333","497.0","MANOUANE EST, QC CA","","","4.0",",C","","","","","","","0",",C","2",",C","0",",C","15",",C","0",",C","20030825",",,C","","","20030802",",,C","-2.5",",C,25,","","","28.0",",C,02,","250.0","C","154.1",",C","","","13.49",",C","19.69",",,,C","7.29",",,,C","","","",""
"CA00706I155","2003-09","50.65","-70.5333","497.0","MANOUANE EST, QC CA","","","2.2","3,C","","","","","","","0","3,C","3","3,C","0","2,C","8","2,C","0","2,C","20030911",",3,C","","","20030912",",2,C","-1.4","3,C,11,","","","26.8","2,C,12,","438.4","C","188.4","2,C","","","11.37","3,C","17.43","2,,,C","5.30","3,,,C","","","",""
"CA00706I155","2003-10","50.65","-70.5333","497.0","MANOUANE EST, QC CA","","","0.0",",C","","","","","","","0",",C","18",",C","1",",C","1",",C","0",",C","20031031",",,C","","","20031012",",,C","-4.7",",C,31,","","","22.3",",C,12,","932.2","C","493.8",",C","","","2.40",",C","5.65",",,,C","-0.85",",,,C","","","",""
"CA00706I155","2003-11","50.65","-70.5333","497.0","MANOUANE EST, QC CA","","","0.0",",C","","","","","","","0",",C","30",",C","22",",C","0",",C","0",",C","20031123",",,C","","","20031120",",,C","-16.5",",C,23,","","","7.5",",C,20,","1623.4","C","691.2",",C","","","-4.71",",C","-1.39",",,,C","-8.02",",,,C","","","",""
"CA00706I155","2003-12","50.65","-70.5333","497.0","MANOUANE EST, QC CA","","","0.0","3,C","","","","","","","21","3,C","28","3,C","24","3,C","0","3,C","0","3,C","20031222",",3,C","","","20031229",",3,C","-37.9","3,C,22,","","","0.5","3,C,29,","2580.4","C","957.0","3,C","","","-15.84","3,C","-9.03","3,,,C","-22.66","3,,,C","","","",""
"CA00706I155","2004-01","50.65","-70.5333","497.0","MANOUANE EST, QC CA","0.0","C","0.0",",C","","","","","","","27",",C","31",",C","31",",C","0",",C","0",",C","20040112",",,C","","","20040131",",,C","-43.9",",C,12,","","","-1.1",",C,31,","3852.8","C","1272.4",",C","","","-22.71",",C","-16.86",",,,C","-28.56",",,,C","","","",""
"CA00706I155","2004-02","50.65","-70.5333","497.0","MANOUANE EST, QC CA","0.0","C","0.0","3,C","","","","","","","23","3,C","26","3,C","27","2,C","0","2,C","0","2,C","20040215",",3,C","","","20040201",",2,C","-46.1","3,C,15,","","","-1.9","2,C,01,","4810.4","C","957.6","2,C","","","-18.39","3,C","-10.79","2,,,C","-26.00","3,,,C","","","",""
"CA00706I155","2004-03","50.65","-70.5333","497.0","MANOUANE EST, QC CA","0.0","C","0.0",",C","","","","","","","19",",C","31",",C","21",",C","0",",C","0",",C","20040317",",,C","","","20040329",",,C","-35.3",",C,17,","","","12.3",",C,29,","5730.6","C","920.2",",C","","","-11.35",",C","-1.97",",,,C","-20.74",",,,C","","","",""
"CA00706I155","2004-04","50.65","-70.5333","497.0","MANOUANE EST, QC CA","0.0","C","0.0",",C","","","","","","","2",",C","29",",C","6",",C","0",",C","0",",C","20040425",",,C","","","20040402",",,C","-20.7",",C,25,","","","10.2",",C,02,","6393.2","C","662.6",",C","","","-3.76",",C","2.98",",,,C","-10.49",",,,C","","","",""
"CA00706I155","2004-06","50.65","-70.5333","497.0","MANOUANE EST, QC CA","","","0.0","1,C","2","4,C","0","4,C","0","4,C","0",",C","3",",C","0","1,C","5","1,C","0","1,C","20040605",",,C","20040609","+,4,C","20040613","+,1,C","-2.2",",C,05,","1.0","4,,C,09,+","23.3","1,C,13,+","","","245.6","1,C","2.0","4,,,C","9.90","1,C","16.03","1,,,C","3.77",",,,C","","","",""
"CA00706I155","2004-07","50.65","-70.5333","497.0","MANOUANE EST, QC CA","","","3.7","1,C","8","1,C","7","1,C","0","1,C","0","1,C","0","1,C","0","1,C","18","1,C","0","1,C","20040718",",1,C","20040725",",1,C","20040729",",1,C","3.0","1,C,18,","13.0","1,,C,25,","27.9","1,C,29,","90.6","C","90.6","1,C","56.0","1,,,C","15.44","1,C","21.80","1,,,C","9.07","1,,,C","","","",""
"CA00706I155","2004-08","50.65","-70.5333","497.0","MANOUANE EST, QC CA","","","0.6",",C","29",",C","21",",C","0",",C","0",",C","0",",C","0",",C","5",",C","0",",C","20040820",",,C","20040825",",,C","20040827",",,C","1.6",",C,20,","17.0",",,C,25,","24.7",",C,27,","241.1","C","150.5",",C","153.0",",,,C","13.50",",C","18.49",",,,C","8.50",",,,C","","","",""
"CA00706I155","2004-09","50.65","-70.5333","497.0","MANOUANE EST, QC CA","","","0.0","1,C","24","4,C","22","4,C","0","4,C","0","1,C","10","1,C","0","1,C","3","1,C","0","1,C","20040920",",1,C","20040929",",4,C","20040924",",1,C","-2.8","1,C,20,","19.0","4,,C,29,","22.0","1,C,24,","512.1","C","271.0","1,C","164.0","4,,,C","8.99","1,C","15.09","1,,,C","2.89","1,,,C","","","",""
"CA00706I155","2004-10","50.65","-70.5333","497.0","MANOUANE EST, QC CA","","","0.0","5,C","","","","","","","0","5,C","20","5,C","0","5,C","0","5,C","0","5,C","20041030",",5,C","","","20041001",",5,C","-9.0","5,C,30,","","","19.5","5,C,01,","914.5","C","402.4","5,C","","","2.86","5,C","8.10","5,,,C","-2.39","5,,,C","","","",""
"CA00706I155","2004-11","50.65","-70.5333","497.0","MANOUANE EST, QC CA","","","0.0","4,C","","","","","","","4","4,C","26","4,C","22","4,C","0","4,C","0","4,C","20041113",",4,C","","","20041118",",4,C","-24.8","4,C,13,","","","1.2","4,C,18,","1564.1","C","649.6","4,C","","","-6.65","4,C","-2.69","4,,,C","-10.62","4,,,C","","","",""
"CA00706I155","2004-12","50.65","-70.5333","497.0","MANOUANE EST, QC CA","","","0.0","1,C","5","3,C","0","3,C","0","3,C","24","1,C","30","1,C","27","1,C","0","1,C","0","1,C","20041226",",1,C","20041223",",3,C","20041223",",1,C","-44.3","1,C,26,","2.0","3,,C,23,","4.7","1,C,23,","2691.1","C","1127.0","1,C","6.0","3,,,C","-19.24","1,C","-11.69","1,,,C","-26.78","1,,,C","","","",""
"CA00706I155","2005-01","50.65","-70.5333","497.0","MANOUANE EST, QC CA","0.0","C","0.0",",C","1","1,C","0","1,C","0","1,C","30",",C","31",",C","28",",C","0",",C","0",",C","20050123",",,C","20050113",",1,C","20050114","+,,C","-43.6",",C,23,","1.0","1,,C,13,","5.8",",C,14,+","4032.5","C","1341.4",",C","1.0","1,,,C","-24.94",",C","-16.49",",,,C","-33.38",",,,C","","","",""
"CA00706I155","2005-02","50.65","-70.5333","497.0","MANOUANE EST, QC CA","0.0","C","0.0","2,C","3","3,C","0","3,C","0","3,C","20","1,C","27","1,C","22","2,C","0","2,C","0","2,C","20050221",",1,C","20050227","+,3,C","20050206",",2,C","-43.3","1,C,21,","1.0","3,,C,27,+","2.0","2,C,06,","4949.5","C","917.0","2,C","3.0","3,,,C","-17.12","2,C","-9.36","2,,,C","-24.87","1,,,C","","","",""
"CA00706I155","2005-03","50.65","-70.5333","497.0","MANOUANE EST, QC CA","0.0","C","0.0","2,C","0","5,C","0","5,C","0","5,C","13","2,C","29","2,C","15","2,C","0","2,C","0","2,C","20050307",",2,C","20050331","+,5,C","20050330",",2,C","-37.8","2,C,07,","0.0","5,,C,31,+","8.8","2,C,30,","5778.3","C","828.8","2,C","0.0","5,,,C","-10.25","2,C","-2.29","2,,,C","-18.20","2,,,C","","","",""
"CA00706I155","2005-04","50.65","-70.5333","497.0","MANOUANE EST, QC CA","0.0","C","0.0",",C","1","4,C","0","4,C","0","4,C","0",",C","27",",C","2",",C","0",",C","0",",C","20050411",",,C","20050401",",4,C","20050416",",,C","-17.3",",C,11,","1.0","4,,C,01,","14.0",",C,16,","6358.5","C","580.2",",C","1.0","4,,,C","-1.01",",C","4.31",",,,C","-6.33",",,,C","","","",""
"CA00706I155","2005-05","50.65","-70.5333","497.0","MANOUANE EST, QC CA","0.0","C","0.0",",C","2","2,C","0","2,C","0","2,C","0",",C","17",",C","1",",C","8",",C","0",",C","20050512",",,C","20050529","+,2,C","20050529",",,C","-8.5",",C,12,","1.0","2,,C,29,+","25.3",",C,29,","6723.0","C","364.5",",C","2.0","2,,,C","6.57",",C","13.74",",,,C","-0.59",",,,C","","","",""
"CA00706I155","2005-06","50.65","-70.5333","497.0","MANOUANE EST, QC CA","6.7","C","6.7","2,C","2","4,C","0","4,C","0","4,C","0","2,C","2","2,C","0","1,C","13","1,C","0","1,C","20050609",",2,C","20050628","+,4,C","20050628",",1,C","-0.7","2,C,09,","1.0","4,,C,28,+","30.8","1,C,28,","6881.6","C","158.6","1,C","2.0","4,,,C","13.00","2,C","19.82","1,,,C","6.18","2,,,C","","","",""
"CA00706I155","2005-07","50.65","-70.5333","497.0","MANOUANE EST, QC CA","24.3","C","17.6",",C","3","2,C","0","2,C","0","2,C","0",",C","0",",C","0",",C","18",",C","0",",C","20050706",",,C","20050711","+,2,C","20050709",",,C","0.9",",C,06,","1.0","2,,C,11,+","30.4",",C,09,","83.9","C","83.9",",C","3.0","2,,,C","16.19",",C","22.93",",,,C","9.46",",,,C","","","",""
"CA00706I155","2005-08","50.65","-70.5333","497.0","MANOUANE EST, QC CA","26.1","C","1.8",",C","3","2,C","1","2,C","0","2,C","0",",C","0",",C","0",",C","15",",C","0",",C","20050815",",,C","20050831",",2,C","20050827",",,C","0.7",",C,15,","4.0","2,,C,31,","26.6",",C,27,","208.1","C","124.2",",C","6.0","2,,,C","14.38",",C","20.24",",,,C","8.53",",,,C","","","",""
"CA00706I155","2005-09","50.65","-70.5333","497.0","MANOUANE EST, QC CA","26.2","C","0.1","2,C","2","5,C","0","5,C","0","5,C","0","2,C","4","2,C","0","2,C","4","2,C","0","2,C","20050911",",2,C","20050919","+,5,C","20050914",",2,C","-0.4","2,C,11,","1.0","5,,C,19,+","24.1","2,C,14,","436.8","C","228.7","2,C","2.0","5,,,C","10.17","2,C","15.64","2,,,C","4.70","2,,,C","","","",""
"CA00706I155","2005-10","50.65","-70.5333","497.0","MANOUANE EST, QC CA","26.2","C","0.0","2,C","4","2,C","0","2,C","0","2,C","0","2,C","12","2,C","0","2,C","1","2,C","0","2,C","20051029",",2,C","20051019","+,2,C","20051003",",2,C","-6.3","2,C,29,","1.0","2,,C,19,+","22.5","2,C,03,","844.5","C","407.7","2,C","4.0","2,,,C","4.27","2,C","7.98","2,,,C","0.57","2,,,C","","","",""
"CA00706I155","2005-11","50.65","-70.5333","497.0","MANOUANE EST, QC CA","26.2","C","0.0",",C","8","3,C","1","3,C","0","3,C","6",",C","29",",C","18",",C","0",",C","0",",C","20051124",",,C","20051129",",3,C","20051101",",,C","-31.8",",C,24,","3.0","3,,C,29,","7.5",",C,01,","1595.5","C","751.0",",C","11.0","3,,,C","-6.70",",C","-1.84",",,,C","-11.57",",,,C","","","",""
"CA00706I155","2005-12","50.65","-70.5333","497.0","MANOUANE EST, QC CA","26.2","C","0.0",",C","1",",C","0",",C","0",",C","22",",C","31",",C","29",",C","0",",C","0",",C","20051222",",,C","20051212",",,C","20051201",",,C","-33.6",",C,22,","1.0",",,C,12,","1.3",",C,01,","2674.9","C","1079.4",",C","1.0",",,,C","-16.49",",C","-11.16",",,,C","-21.81",",,,C","","","",""
"CA00706I155","2006-01","50.65","-70.5333","497.0","MANOUANE EST, QC CA","0.0","C","0.0",",C","5","1,C","0","1,C","0","1,C","23",",C","31",",C","29",",C","0",",C","0",",C","20060123",",,C","20060125","+,1,C","20060113",",,C","-37.1",",C,23,","1.0","1,,C,25,+","0.9",",C,13,","3749.5","C","1074.6",",C","5.0","1,,,C","-16.33",",C","-9.62",",,,C","-23.04",",,,C","","","",""
"CA00706I155","2006-02","50.65","-70.5333","497.0","MANOUANE EST, QC CA","0.0","C","0.0",",C","3","1,C","0","1,C","0","1,C","25",",C","28",",C","28",",C","0",",C","0",",C","20060214",",,C","20060215",",1,C","20060206",",,C","-41.2",",C,14,","2.0","1,,C,15,","-2.8",",C,06,","4834.2","C","1084.7",",C","4.0","1,,,C","-20.41",",C","-13.21",",,,C","-27.60",",,,C","","","",""
"CA00706I155","2006-03","50.65","-70.5333","497.0","MANOUANE EST, QC CA","0.0","C","0.0",",C","1","4,C","0","4,C","0","4,C","10",",C","30",",C","18",",C","0",",C","0",",C","20060301",",,C","20060331",",4,C","20060328",",,C","-32.6",",C,01,","1.0","4,,C,31,","6.9",",C,28,","5636.9","C","802.7",",C","1.0","4,,,C","-7.56",",C","-1.95",",,,C","-13.16",",,,C","","","",""
"CA00706I155","2006-04","50.65","-70.5333","497.0","MANOUANE EST, QC CA","0.0","C","0.0",",C","","","","","","","0",",C","29",",C","4",",C","0",",C","0",",C","20060410",",,C","","","20060423",",,C","-13.7",",C,10,","","","17.0",",C,23,","6177.1","C","540.2",",C","","","0.33",",C","6.92",",,,C","-6.27",",,,C","","","",""
"CA00706I155","2006-05","50.65","-70.5333","497.0","MANOUANE EST, QC CA","0.4","C","0.4",",C","0","3,C","0","3,C","0","3,C","0",",C","10",",C","1",",C","7",",C","0",",C","20060508",",,C","20060531","+,3,C","20060531",",,C","-8.2",",C,08,","0.0","3,,C,31,+","26.6",",C,31,","6495.0","C","317.9",",C","0.0","3,,,C","8.09",",C","15.06",",,,C","1.12",",,,C","","","",""
"CA00706I155","2006-06","50.65","-70.5333","497.0","MANOUANE EST, QC CA","10.0","C","9.6","1,C","","","","","","","0","1,C","1","1,C","0",",C","14",",C","0",",C","20060603",",1,C","","","20060618",",,C","-0.2","1,C,03,","","","30.4",",C,18,","6625.8","C","130.8",",C","","","14.26","1,C","21.28",",,,C","7.24","1,,,C","","","",""
"CA00706I155","2006-09","50.65","-70.5333","497.0","MANOUANE EST, QC CA","","","0.0",",C","0","4,C","0","4,C","0","4,C","0",",C","8",",C","0",",C","2",",C","0",",C","20060923",",,C","20060930","+,4,C","20060904","+,,C","-2.1",",C,23,","0.0","4,,C,30,+","21.6",",C,04,+","","","316.7",",C","0.0","4,,,C","7.78",",C","12.78",",,,C","2.77",",,,C","","","",""
"CA00706I155","2006-10","50.65","-70.5333","497.0","MANOUANE EST, QC CA","","","0.0",",C","","","","","","","0",",C","18",",C","1",",C","0",",C","0",",C","20061028","+,,C","","","20061008",",,C","-8.1",",C,28,+","","","13.3",",C,08,","","","493.7",",C","","","2.41",",C","5.57",",,,C","-0.76",",,,C","","","",""
"CA00706I155","2006-11","50.65","-70.5333","497.0","MANOUANE EST, QC CA","","","0.0",",C","0","4,C","0","4,C","0","4,C","0",",C","26",",C","15",",C","0",",C","0",",C","20061128",",,C","20061130","+,4,C","20061117",",,C","-17.2",",C,28,","0.0","4,,C,30,+","14.3",",C,17,","","","635.3",",C","0.0","4,,,C","-2.84",",C","0.69",",,,C","-6.38",",,,C","","","",""
"CA00706I155","2006-12","50.65","-70.5333","497.0","MANOUANE EST, QC CA","","","0.0","1,C","0","4,C","0","4,C","0","4,C","17","1,C","30","1,C","27","1,C","0","1,C","0","1,C","20061228",",1,C","20061231","+,4,C","20061215",",1,C","-30.3","1,C,28,","0.0","4,,C,31,+","1.9","1,C,15,","","","943.9","1,C","0.0","4,,,C","-13.13","1,C","-7.81","1,,,C","-18.45","1,,,C","","","",""
"CA00706I155","2007-01","50.65","-70.5333","497.0","MANOUANE EST, QC CA","0.0","C","0.0","1,C","","","","","","","25","1,C","29","1,C","26","1,C","0","1,C","0","1,C","20070131",",1,C","","","20070106",",1,C","-40.7","1,C,31,","","","2.0","1,C,06,","","","1129.8","1,C","","","-19.33","1,C","-13.27","1,,,C","-25.39","1,,,C","","","",""
"CA00706I155","2007-02","50.65","-70.5333","497.0","MANOUANE EST, QC CA","0.0","C","0.0","2,C","0","4,C","0","4,C","0","4,C","24","2,C","26","2,C","26","2,C","0","2,C","0","2,C","20070201",",2,C","20070228","+,4,C","20070224",",2,C","-38.0","2,C,01,","0.0","4,,C,28,+","-4.9","2,C,24,","","","1020.5","2,C","0.0","4,,,C","-20.92","2,C","-14.16","2,,,C","-27.67","2,,,C","","","",""
"CA00706I155","2007-03","50.65","-70.5333","497.0","MANOUANE EST, QC CA","0.0","C","0.0","1,C","","","","","","","21","1,C","30","1,C","24","1,C","0","1,C","0","1,C","20070307",",1,C","","","20070326",",1,C","-39.8","1,C,07,","","","10.0","1,C,26,","","","991.4","1,C","","","-14.71","1,C","-6.37","1,,,C","-23.06","1,,,C","","","",""
"CA00706I155","2007-04","50.65","-70.5333","497.0","MANOUANE EST, QC CA","0.0","C","0.0","3,C","","","","","","","3","2,C","28","2,C","3","3,C","0","3,C","0","3,C","20070401",",2,C","","","20070423",",3,C","-21.8","2,C,01,","","","15.2","3,C,23,","","","504.4","3,C","","","-0.33","3,C","6.77","3,,,C","-7.43","2,,,C","","","",""
"CA00706I155","2007-05","50.65","-70.5333","497.0","MANOUANE EST, QC CA","1.4","C","1.4","1,C","1","5,C","0","5,C","0","5,C","0","1,C","23","1,C","0","1,C","3","1,C","0","1,C","20070514",",1,C","20070518",",5,C","20070525",",1,C","-7.7","1,C,14,","1.0","5,,C,18,","28.6","1,C,25,","","","377.3","1,C","1.0","5,,,C","5.80","1,C","12.66","1,,,C","-1.06","1,,,C","","","",""
"CA00706I155","2007-06","50.65","-70.5333","497.0","MANOUANE EST, QC CA","16.9","C","15.5","3,C","","","","","","","0","2,C","1","2,C","0","3,C","11","3,C","0","3,C","20070602",",2,C","","","20070615",",3,C","-1.9","2,C,02,","","","30.7","3,C,15,","","","160.8","3,C","","","13.02","3,C","19.25","3,,,C","6.79","2,,,C","","","",""
"CA00706I155","2007-07","50.65","-70.5333","497.0","MANOUANE EST, QC CA","30.2","C","13.3",",C","","","","","","","0",",C","0",",C","0",",C","14",",C","0",",C","20070719",",,C","","","20070725",",,C","2.2",",C,19,","","","28.7",",C,25,","127.1","C","127.1",",C","","","14.66",",C","20.69",",,,C","8.64",",,,C","","","",""
"CA00706I155","2007-08","50.65","-70.5333","497.0","MANOUANE EST, QC CA","30.7","C","0.5","3,C","","","","","","","0","3,C","0","3,C","0","3,C","5","3,C","0","3,C","20070830",",3,C","","","20070803",",3,C","1.1","3,C,30,","","","25.3","3,C,03,","293.6","C","166.5","3,C","","","12.40","3,C","17.89","3,,,C","6.92","3,,,C","","","",""
"CA00706I155","2007-09","50.65","-70.5333","497.0","MANOUANE EST, QC CA","30.7","C","0.0",",C","2","3,C","0","3,C","0","3,C","0",",C","2",",C","0",",C","1",",C","0",",C","20070930",",,C","20070914","+,3,C","20070922",",,C","-3.1",",C,30,","1.0","3,,C,14,+","21.7",",C,22,","586.4","C","292.8",",C","2.0","3,,,C","8.57",",C","13.35",",,,C","3.80",",,,C","","","",""
"CA00706I155","2007-10","50.65","-70.5333","497.0","MANOUANE EST, QC CA","30.7","C","0.0","2,C","4","3,C","1","3,C","0","3,C","0","2,C","13","2,C","1","2,C","0","2,C","0","2,C","20071029",",2,C","20071019",",3,C","20071002",",2,C","-6.8","2,C,29,","3.0","3,,C,19,","17.4","2,C,02,","976.5","C","390.1","2,C","6.0","3,,,C","4.88","2,C","8.76","2,,,C","1.00","2,,,C","","","",""
"CA00706I155","2008-04","50.65","-70.5333","497.0","MANOUANE EST, QC CA","","","0.0","5,C","","","","","","","0","4,C","22","4,C","2","4,C","0","4,C","0","4,C","20080403",",4,C","","","20080416",",4,C","-16.6","4,C,03,","","","12.7","4,C,16,","","","427.2","4,C","","","1.12","5,C","6.52","4,,,C","-4.27","4,,,C","","","",""
"CA00706I155","2008-05","50.65","-70.5333","497.0","MANOUANE EST, QC CA","","","0.0","2,C","2","4,C","0","4,C","0","4,C","0","2,C","13","2,C","0","2,C","1","2,C","0","2,C","20080501",",2,C","20080528",",4,C","20080514",",2,C","-4.9","2,C,01,","0.5","4,,C,28,","21.8","2,C,14,","","","365.8","2,C","0.9","4,,,C","5.72","2,C","11.51","2,,,C","-0.07","2,,,C","","","",""
"CA00706I155","2008-07","50.65","-70.5333","497.0","MANOUANE EST, QC CA","","","1.2","4,C","1","4,C","0","4,C","0","4,C","0","4,C","0","4,C","0","4,C","13","4,C","0","4,C","20080704",",4,C","20080716",",4,C","20080731",",4,C","4.8","4,C,04,","0.4","4,,C,16,","26.0","4,C,31,","68.8","C","68.8","4,C","0.4","4,,,C","15.83","4,C","20.91","4,,,C","10.74","4,,,C","","","",""
"CA00706I155","2008-08","50.65","-70.5333","497.0","MANOUANE EST, QC CA","","","2.8","3,C","2","3,C","0","3,C","0","3,C","0","3,C","0","3,C","0","3,C","12","3,C","0","3,C","20080807",",3,C","20080816",",3,C","20080822",",3,C","6.6","3,C,07,","0.7","3,,C,16,","28.0","3,C,22,","171.3","C","102.5","3,C","1.1","3,,,C","14.77","3,C","19.94","3,,,C","9.60","3,,,C","","","",""
"CA00706I155","2008-09","50.65","-70.5333","497.0","MANOUANE EST, QC CA","","","4.1","1,C","2","2,C","0","2,C","0","2,C","0","1,C","4","1,C","0","1,C","4","1,C","0","1,C","20080923",",1,C","20080908",",2,C","20080902",",1,C","-3.9","1,C,23,","0.8","2,,C,08,","30.8","1,C,02,","422.4","C","251.1","1,C","1.3","2,,,C","9.81","1,C","14.88","1,,,C","4.75","1,,,C","","","",""
"CA00706I155","2008-10","50.65","-70.5333","497.0","MANOUANE EST, QC CA","","","0.0","1,C","","","","","","","0","1,C","14","1,C","1","1,C","0","1,C","0","1,C","20081023",",1,C","","","20081014",",1,C","-11.1","1,C,23,","","","13.0","1,C,14,","873.0","C","450.6","1,C","","","3.31","1,C","6.80","1,,,C","-0.17","1,,,C","","","",""
"CA00706I155","2009-03","50.65","-70.5333","497.0","MANOUANE EST, QC CA","","","0.0","5,C","","","","","","","19","5,C","26","5,C","18","5,C","0","5,C","0","5,C","20090301",",5,C","","","20090326",",5,C","-34.8","5,C,01,","","","7.0","5,C,26,","","","799.6","5,C","","","-12.42","5,C","-3.36","5,,,C","-21.48","5,,,C","","","",""
"CA00706I155","2009-05","50.65","-70.5333","497.0","MANOUANE EST, QC CA","","","0.0","1,C","2","2,C","0","2,C","0","2,C","0","1,C","25","1,C","0","1,C","0","1,C","0","1,C","20090505",",1,C","20090501",",2,C","20090528",",1,C","-10.8","1,C,05,","0.8","2,,C,01,","18.0","1,C,28,","","","448.3","1,C","1.2","2,,,C","3.39","1,C","9.22","1,,,C","-2.44","1,,,C","","","",""
"CA00706I155","2009-06","50.65","-70.5333","497.0","MANOUANE EST, QC CA","","","12.4","5,C","","","","","","","0","4,C","0","4,C","0","5,C","12","5,C","0","5,C","20090609","+,4,C","","","20090624",",5,C","1.2","4,C,09,+","","","30.0","5,C,24,","","","126.3","5,C","","","13.81","5,C","19.26","5,,,C","8.36","4,,,C","","","",""
"CA00706I155","2009-07","50.65","-70.5333","497.0","MANOUANE EST, QC CA","","","","","","","","","","","","","","","0","5,C","9","5,C","0","5,C","","","","","20090723",",5,C","","","","","27.5","5,C,23,","","","","","","","","","20.05","5,,,C","","","","","",""
"CA00706I155","2009-08","50.65","-70.5333","497.0","MANOUANE EST, QC CA","","","2.8",",C","3","2,C","0","2,C","0","2,C","0",",C","1",",C","0",",C","9",",C","0",",C","20090829",",,C","20090825","+,2,C","20090813",",,C","-0.2",",C,29,","0.5","2,,C,25,+","27.5",",C,13,","","","141.7",",C","1.3","2,,,C","13.85",",C","18.85",",,,C","8.85",",,,C","","","",""
"CA00706I155","2009-10","50.65","-70.5333","497.0","MANOUANE EST, QC CA","","","0.0","2,C","2","5,C","0","5,C","0","5,C","0","2,C","19","2,C","3","2,C","0","2,C","0","2,C","20091027",",2,C","20091004",",5,C","20091001",",2,C","-11.5","2,C,27,","0.4","5,,C,04,","12.8","2,C,01,","","","493.3","2,C","0.7","5,,,C","1.32","2,C","4.60","2,,,C","-1.96","2,,,C","","","",""
"CA00706I155","2009-11","50.65","-70.5333","497.0","MANOUANE EST, QC CA","","","0.0","2,C","2","5,C","0","5,C","0","5,C","0","2,C","25","2,C","9","2,C","0","2,C","0","2,C","20091107",",2,C","20091120",",5,C","20091114",",2,C","-15.4","2,C,07,","0.8","5,,C,20,","7.6","2,C,14,","","","554.4","2,C","1.2","5,,,C","-1.47","2,C","1.76","2,,,C","-4.70","2,,,C","","","",""
"CA00706I155","2009-12","50.65","-70.5333","497.0","MANOUANE EST, QC CA","","","0.0","2,C","2","3,C","0","3,C","0","3,C","13","2,C","29","2,C","27","2,C","0","2,C","0","2,C","20091215",",2,C","20091203",",3,C","20091223",",2,C","-28.9","2,C,15,","1.1","3,,C,03,","1.3","2,C,23,","","","905.4","2,C","1.5","3,,,C","-12.89","2,C","-8.74","2,,,C","-17.03","2,,,C","","","",""
"CA00706I155","2010-01","50.65","-70.5333","497.0","MANOUANE EST, QC CA","0.0","C","0.0","2,C","0","2,C","0","2,C","0","2,C","18","2,C","29","2,C","26","2,C","0","2,C","0","2,C","20100124",",2,C","20100131","+,2,C","20100126",",2,C","-33.9","2,C,24,","0.0","2,,C,31,+","3.4","2,C,26,","","","997.1","2,C","0.0","2,,,C","-16.05","2,C","-9.89","2,,,C","-22.21","2,,,C","","","",""
"CA00706I155","2010-02","50.65","-70.5333","497.0","MANOUANE EST, QC CA","0.0","C","0.0","3,C","0","4,C","0","4,C","0","4,C","6","3,C","25","3,C","12","3,C","0","3,C","0","3,C","20100202",",3,C","20100228","+,4,C","20100227",",3,C","-41.3","3,C,02,","0.0","4,,C,28,+","6.8","3,C,27,","","","659.4","3,C","0.0","4,,,C","-8.04","3,C","-3.35","3,,,C","-12.74","3,,,C","","","",""
"CA00706I155","2010-03","50.65","-70.5333","497.0","MANOUANE EST, QC CA","0.0","C","0.0",",C","0","1,C","0","1,C","0","1,C","14",",C","31",",C","20",",C","0",",C","0",",C","20100327",",,C","20100331","+,1,C","20100315",",,C","-36.9",",C,27,","0.0","1,,C,31,+","11.0",",C,15,","","","849.5",",C","0.0","1,,,C","-9.07",",C","-0.26",",,,C","-17.88",",,,C","","","",""
"CA00706I155","2010-04","50.65","-70.5333","497.0","MANOUANE EST, QC CA","0.0","C","0.0","1,C","4","2,C","1","2,C","0","2,C","0",",C","27",",C","1","1,C","1","1,C","0","1,C","20100413",",,C","20100409",",2,C","20100403",",1,C","-13.8",",C,13,","4.4","2,,C,09,","21.8","1,C,03,","","","492.2","1,C","8.3","2,,,C","1.36","1,C","7.64","1,,,C","-4.92",",,,C","","","",""
"CA00706I155","2010-08","50.65","-70.5333","497.0","MANOUANE EST, QC CA","","","6.8",",C","15","3,C","6","3,C","1","3,C","0",",C","0",",C","0",",C","15",",C","0",",C","20100811",",,C","20100816",",3,C","20100802",",,C","4.1",",C,11,","26.0","3,,C,16,","25.3",",C,02,","","","102.4",",C","79.4","3,,,C","15.25",",C","20.32",",,,C","10.18",",,,C","","","",""
"CA00706I155","2010-09","50.65","-70.5333","497.0","MANOUANE EST, QC CA","","","4.5","1,C","17","2,C","10","2,C","0","2,C","0","1,C","4","1,C","0","1,C","2","1,C","0","1,C","20100926",",1,C","20100904",",2,C","20100901",",1,C","-3.7","1,C,26,","22.2","2,,C,04,","28.5","1,C,01,","","","269.6","1,C","88.0","2,,,C","9.19","1,C","13.74","1,,,C","4.64","1,,,C","","","",""
"CA00706I155","2010-10","50.65","-70.5333","497.0","MANOUANE EST, QC CA","","","0.0","3,C","","","","","","","0","3,C","17","3,C","1","3,C","0","3,C","0","3,C","20101031",",3,C","","","20101006",",3,C","-3.9","3,C,31,","","","13.6","3,C,06,","","","443.9","3,C","","","2.48","3,C","5.53","3,,,C","-0.56","3,,,C","","","",""
"CA00706I155","2010-11","50.65","-70.5333","497.0","MANOUANE EST, QC CA","","","0.0","1,C","11","2,C","4","2,C","0","2,C","1","1,C","29","1,C","20","1,C","0","1,C","0","1,C","20101127",",1,C","20101105",",2,C","20101112",",1,C","-18.5","1,C,27,","14.3","2,,C,05,","4.9","1,C,12,","","","675.5","1,C","51.9","2,,,C","-4.96","1,C","-1.42","1,,,C","-8.50","1,,,C","","","",""
"CA00706I155","2010-12","50.65","-70.5333","497.0","MANOUANE EST, QC CA","","","0.0","3,C","15","3,C","11","3,C","1","3,C","10",",C","30",",C","19","3,C","0","3,C","0","3,C","20101229",",,C","20101213",",3,C","20101214",",3,C","-27.3",",C,29,","30.5","3,,C,13,","7.1","3,C,14,","","","760.2","3,C","117.6","3,,,C","-8.20","3,C","-4.69","3,,,C","-11.70",",,,C","","","",""
"CA00706I155","2011-01","50.65","-70.5333","497.0","MANOUANE EST, QC CA","0.0","C","0.0","2,C","","","","","","","24","1,C","30","1,C","28","2,C","0","2,C","0","2,C","20110125",",1,C","","","20110101",",2,C","-39.0","1,C,25,","","","0.5","2,C,01,","","","1115.5","2,C","","","-19.84","2,C","-14.72","2,,,C","-24.96","1,,,C","","","",""
"CA00706I155","2011-02","50.65","-70.5333","497.0","MANOUANE EST, QC CA","0.0","C","0.0",",C","5",",C","2",",C","0",",C","23",",C","28",",C","28",",C","0",",C","0",",C","20110227",",,C","20110218",",,C","20110217",",,C","-40.7",",C,27,","7.1",",,C,18,","-1.7",",C,17,","","","1081.8",",C","12.2",",,,C","-20.30",",C","-12.91",",,,C","-27.69",",,,C","","","",""
"CA00706I155","2011-03","50.65","-70.5333","497.0","MANOUANE EST, QC CA","0.0","C","0.0",",C","15","1,C","9","1,C","0","1,C","15",",C","31",",C","23",",C","0",",C","0",",C","20110309",",,C","20110312",",1,C","20110316",",,C","-37.0",",C,09,","7.4","1,,C,12,","5.2",",C,16,","","","931.4",",C","42.4","1,,,C","-11.71",",C","-4.37",",,,C","-19.05",",,,C","","","",""
"CA00706I155","2011-04","50.65","-70.5333","497.0","MANOUANE EST, QC CA","0.0","C","0.0",",C","23","2,C","18","2,C","1","2,C","6",",C","30",",C","6",",C","0",",C","0",",C","20110408",",,C","20110414",",2,C","20110425",",,C","-25.8",",C,08,","41.1","2,,C,14,","11.4",",C,25,","","","672.8",",C","230.6","2,,,C","-4.09",",C","3.13",",,,C","-11.32",",,,C","","","",""
"CA00706I155","2011-05","50.65","-70.5333","497.0","MANOUANE EST, QC CA","0.0","C","0.0",",C","11","3,C","7","3,C","0","3,C","0",",C","19",",C","0",",C","1",",C","0",",C","20110510",",,C","20110524",",3,C","20110519",",,C","-7.8",",C,10,","16.4","3,,C,24,","21.5",",C,19,","","","393.6",",C","66.8","3,,,C","5.64",",C","12.29",",,,C","-1.02",",,,C","","","",""
"CA00706I155","2011-06","50.65","-70.5333","497.0","MANOUANE EST, QC CA","0.0","C","0.0","1,C","11","2,C","5","2,C","0","2,C","0","1,C","3","1,C","0","1,C","11","1,C","0","1,C","20110610",",1,C","20110626",",2,C","20110628",",1,C","-1.4","1,C,10,","10.8","2,,C,26,","26.6","1,C,28,","","","160.2","1,C","44.6","2,,,C","12.81","1,C","19.34","1,,,C","6.28","1,,,C","","","",""
"CA00706I155","2011-07","50.65","-70.5333","497.0","MANOUANE EST, QC CA","3.7","C","3.7","1,C","","","","","","","0","1,C","0","1,C","0","1,C","18","1,C","0","1,C","20110721",",1,C","","","20110716",",1,C","4.2","1,C,21,","","","28.5","1,C,16,","90.5","C","90.5","1,C","","","15.44","1,C","21.82","1,,,C","9.07","1,,,C","","","",""
"CA00706I155","2011-08","50.65","-70.5333","497.0","MANOUANE EST, QC CA","4.4","C","0.7","3,C","","","","","","","0","3,C","0","3,C","0","2,C","10","2,C","0","2,C","20110830",",3,C","","","20110820",",2,C","4.0","3,C,30,","","","25.9","2,C,20,","183.8","C","93.3","2,C","","","15.03","3,C","20.00","2,,,C","10.06","3,,,C","","","",""
"CA00706I155","2011-09","50.65","-70.5333","497.0","MANOUANE EST, QC CA","4.4","C","0.0","1,C","","","","","","","0","1,C","2","1,C","0","1,C","3","1,C","0","1,C","20110918",",1,C","","","20110902",",1,C","-1.1","1,C,18,","","","21.5","1,C,02,","427.6","C","243.8","1,C","","","9.93","1,C","15.67","1,,,C","4.19","1,,,C","","","",""
"CA00706I155","2011-11","50.65","-70.5333","497.0","MANOUANE EST, QC CA","","","0.0","2,C","17","4,C","9","4,C","0","4,C","1","2,C","24","2,C","10","2,C","0","2,C","0","2,C","20111122",",2,C","20111127",",4,C","20111114",",2,C","-18.8","2,C,22,","23.2","4,,C,27,","7.2","2,C,14,","","","580.8","2,C","73.0","4,,,C","-2.41","2,C","0.80","2,,,C","-5.62","2,,,C","","","",""
"CA00706I155","2012-01","50.65","-70.5333","497.0","MANOUANE EST, QC CA","0.0","C","0.0","1,C","12","3,C","4","3,C","0","3,C","24",",C","31",",C","30","1,C","0","1,C","0","1,C","20120112",",,C","20120127",",3,C","20120124",",1,C","-40.0",",C,12,","5.5","3,,C,27,","-0.5","1,C,24,","","","1161.9","1,C","26.7","3,,,C","-20.15","1,C","-13.35","1,,,C","-26.94",",,,C","","","",""
"CA00706I155","2012-02","50.65","-70.5333","497.0","MANOUANE EST, QC CA","0.0","C","0.0","1,C","5","2,C","0","2,C","0","2,C","19","1,C","28","1,C","27","1,C","0","1,C","0","1,C","20120211",",1,C","20120217",",2,C","20120223",",1,C","-41.9","1,C,11,","1.4","2,,C,17,","1.9","1,C,23,","","","1016.4","1,C","4.8","2,,,C","-17.97","1,C","-10.30","1,,,C","-25.63","1,,,C","","","",""
"CA00706I155","2012-03","50.65","-70.5333","497.0","MANOUANE EST, QC CA","0.0","C","0.0","2,C","14","1,C","7","1,C","0","1,C","12","1,C","28","1,C","21","1,C","0","1,C","0","1,C","20120306",",1,C","20120303",",1,C","20120321",",1,C","-35.7","1,C,06,","9.2","1,,C,03,","17.4","1,C,21,","","","779.7","1,C","38.7","1,,,C","-8.47","2,C","-1.37","1,,,C","-15.57","1,,,C","","","",""
"CA00706I155","2012-04","50.65","-70.5333","497.0","MANOUANE EST, QC CA","0.0","C","0.0","1,C","21","3,C","9","3,C","4","3,C","1",",C","29",",C","4","1,C","0","1,C","0","1,C","20120401",",,C","20120428",",3,C","20120424",",1,C","-18.7",",C,01,","52.2","3,,C,28,","9.8","1,C,24,","","","562.0","1,C","219.9","3,,,C","-1.22","1,C","3.81","1,,,C","-6.25",",,,C","","","",""
"CA00706I155","2012-05","50.65","-70.5333","497.0","MANOUANE EST, QC CA","0.8","C","0.8","2,C","","","","","","","0",",C","13",",C","0","2,C","6","2,C","0","2,C","20120506",",,C","","","20120521",",2,C","-7.1",",C,06,","","","30.2","2,C,21,","","","320.3","2,C","","","7.50","2,C","14.03","2,,,C","0.96",",,,C","","","",""
"CA00706I155","2012-06","50.65","-70.5333","497.0","MANOUANE EST, QC CA","10.2","C","9.4",",C","","","","","","","0",",C","1",",C","0",",C","17",",C","0",",C","20120601",",,C","","","20120611",",,C","-0.4",",C,01,","","","28.4",",C,11,","","","105.2",",C","","","15.14",",C","21.71",",,,C","8.56",",,,C","","","",""
"CA00706I155","2012-07","50.65","-70.5333","497.0","MANOUANE EST, QC CA","14.7","C","4.5","3,C","","","","","","","0","1,C","0","1,C","0","3,C","11","3,C","0","3,C","20120727",",1,C","","","20120730",",3,C","6.6","1,C,27,","","","28.2","3,C,30,","83.2","C","83.2","3,C","","","15.48","3,C","20.36","3,,,C","10.60","1,,,C","","","",""
"CA00706I155","2012-08","50.65","-70.5333","497.0","MANOUANE EST, QC CA","24.6","C","9.9","3,C","","","","","","","0","1,C","0","1,C","0","3,C","11","3,C","0","3,C","20120822",",1,C","","","20120826",",3,C","4.5","1,C,22,","","","27.0","3,C,26,","181.7","C","98.5","3,C","","","15.20","3,C","20.11","3,,,C","10.29","1,,,C","","","",""
"CA00706I155","2012-11","50.65","-70.5333","497.0","MANOUANE EST, QC CA","","","0.0","3,C","","","","","","","1","3,C","23","3,C","16","3,C","0","3,C","0","3,C","20121130",",3,C","","","20121112",",3,C","-17.8","3,C,30,","","","10.1","3,C,12,","","","574.3","3,C","","","-2.94","3,C","0.12","3,,,C","-6.00","3,,,C","","","",""
"CA00706I155","2012-12","50.65","-70.5333","497.0","MANOUANE EST, QC CA","","","0.0","2,C","","","","","","","16","1,C","30","1,C","27","2,C","0","2,C","0","2,C","20121216",",1,C","","","20121204",",2,C","-36.0","1,C,16,","","","2.6","2,C,04,","","","920.1","2,C","","","-13.29","2,C","-9.32","2,,,C","-17.26","1,,,C","","","",""
"CA00706I155","2013-01","50.65","-70.5333","497.0","MANOUANE EST, QC CA","","","","","","","","","","","","","","","25","5,C","0","5,C","0","5,C","","","","","20130131",",5,C","","","","","2.3","5,C,31,","","","","","","","","","-14.99","5,,,C","","","","","",""
"CA00706I155","2013-02","50.65","-70.5333","497.0","MANOUANE EST, QC CA","","","0.0","5,C","","","","","","","20","5,C","23","5,C","24","4,C","0","4,C","0","4,C","20130208",",5,C","","","20130226",",4,C","-42.5","5,C,08,","","","-0.4","4,C,26,","","","821.7","4,C","","","-17.30","5,C","-8.93","4,,,C","-25.66","5,,,C","","","",""
"CA00706I155","2013-03","50.65","-70.5333","497.0","MANOUANE EST, QC CA","","","0.0","1,C","","","","","","","5","1,C","29","1,C","12","1,C","0","1,C","0","1,C","20130319",",1,C","","","20130327",",1,C","-28.3","1,C,19,","","","7.7","1,C,27,","","","709.8","1,C","","","-5.33","1,C","-0.01","1,,,C","-10.65","1,,,C","","","",""
"CA00706I155","2013-04","50.65","-70.5333","497.0","MANOUANE EST, QC CA","","","0.0","2,C","13","2,C","9","2,C","0","2,C","4","1,C","28","1,C","9","2,C","0","2,C","0","2,C","20130406",",1,C","20130425",",2,C","20130429",",2,C","-22.5","1,C,06,","18.5","2,,C,25,","17.7","2,C,29,","","","593.0","2,C","84.0","2,,,C","-2.89","2,C","4.03","2,,,C","-9.82","1,,,C","","","",""
"CA00706I155","2013-06","50.65","-70.5333","497.0","MANOUANE EST, QC CA","","","0.0","2,C","12","2,C","9","2,C","0","2,C","0","2,C","1","2,C","0","2,C","7","2,C","0","2,C","20130607",",2,C","20130625",",2,C","20130611",",2,C","-0.9","2,C,07,","7.2","2,,C,25,","25.4","2,C,11,","","","204.7","2,C","52.8","2,,,C","11.02","2,C","17.14","2,,,C","4.90","2,,,C","","","",""
"CA00706I155","2013-07","50.65","-70.5333","497.0","MANOUANE EST, QC CA","","","12.0","2,C","15","2,C","10","2,C","0","2,C","0","2,C","0","2,C","0","2,C","16","2,C","0","2,C","20130702",",2,C","20130719",",2,C","20130706",",2,C","2.3","2,C,02,","19.8","2,,C,19,","28.2","2,C,06,","82.6","C","82.6","2,C","85.0","2,,,C","15.90","2,C","22.06","2,,,C","9.73","2,,,C","","","",""
"CA00706I155","2013-08","50.65","-70.5333","497.0","MANOUANE EST, QC CA","","","3.0",",C","21",",C","10",",C","1",",C","0",",C","0",",C","0",",C","5",",C","0",",C","20130824",",,C","20130821",",,C","20130821",",,C","3.5",",C,24,","43.4",",,C,21,","27.1",",C,21,","204.8","C","122.2",",C","125.6",",,,C","14.49",",C","19.13",",,,C","9.85",",,,C","","","",""
"CA00706I155","2013-09","50.65","-70.5333","497.0","MANOUANE EST, QC CA","","","0.0","2,C","14","3,C","9","3,C","0","3,C","0","2,C","0","2,C","0","2,C","2","2,C","0","2,C","20130927",",2,C","20130921",",3,C","20130928",",2,C","0.8","2,C,27,","21.6","3,,C,21,","23.4","2,C,28,","461.7","C","256.9","2,C","81.4","3,,,C","9.16","2,C","13.74","2,,,C","4.58","2,,,C","","","",""
"CA00706I155","2013-10","50.65","-70.5333","497.0","MANOUANE EST, QC CA","","","0.0","3,C","15","2,C","9","2,C","0","2,C","0","1,C","14","1,C","3","3,C","0","3,C","0","3,C","20131030",",1,C","20131007",",2,C","20131013",",3,C","-7.9","1,C,30,","18.1","2,,C,07,","15.8","3,C,13,","861.2","C","399.5","3,C","91.1","2,,,C","4.06","3,C","7.78","3,,,C","0.34","1,,,C","","","",""
"CA00706I155","2013-11","50.65","-70.5333","497.0","MANOUANE EST, QC CA","","","0.0","2,C","10","2,C","9","2,C","1","2,C","2","1,C","29","1,C","19","2,C","0","2,C","0","2,C","20131129","+,1,C","20131101",",2,C","20131101",",2,C","-18.6","1,C,29,+","26.4","2,,C,01,","10.5","2,C,01,","1525.9","C","664.7","2,C","92.8","2,,,C","-5.38","2,C","-2.36","2,,,C","-8.40","1,,,C","","","",""
"CA00706I155","2013-12","50.65","-70.5333","497.0","MANOUANE EST, QC CA","","","0.0",",C","10","3,C","2","3,C","0","3,C","28",",C","31",",C","31",",C","0",",C","0",",C","20131231",",,C","20131205",",3,C","20131205",",,C","-43.9",",C,31,","9.7","3,,C,05,","-1.5",",C,05,","2797.1","C","1271.2",",C","21.9","3,,,C","-22.67",",C","-16.04",",,,C","-29.31",",,,C","","","",""
"CA00706I155","2014-01","50.65","-70.5333","497.0","MANOUANE EST, QC CA","0.0","C","0.0",",C","13","1,C","5","1,C","0","1,C","24",",C","31",",C","30",",C","0",",C","0",",C","20140103",",,C","20140106",",1,C","20140114",",,C","-47.4",",C,03,","14.3","1,,C,06,","1.5",",C,14,","4007.7","C","1210.6",",C","54.9","1,,,C","-20.72",",C","-14.70",",,,C","-26.74",",,,C","","","",""
"CA00706I155","2014-02","50.65","-70.5333","497.0","MANOUANE EST, QC CA","0.0","C","0.0",",C","8","1,C","2","1,C","0","1,C","25",",C","28",",C","27",",C","0",",C","0",",C","20140206",",,C","20140221",",1,C","20140222",",,C","-39.4",",C,06,","7.0","1,,C,21,","0.3",",C,22,","5086.1","C","1078.4",",C","15.6","1,,,C","-20.18",",C","-13.06",",,,C","-27.31",",,,C","","","",""
"CA00706I155","2014-03","50.65","-70.5333","497.0","MANOUANE EST, QC CA","0.0","C","0.0","1,C","12","2,C","3","2,C","0","2,C","25","1,C","30","1,C","29","1,C","0","1,C","0","1,C","20140305",",1,C","20140328",",2,C","20140331",",1,C","-43.1","1,C,05,","8.0","2,,C,28,","3.3","1,C,31,","6196.5","C","1110.4","1,C","27.9","2,,,C","-18.68","1,C","-10.11","1,,,C","-27.25","1,,,C","","","",""
"CA00706I155","2014-04","50.65","-70.5333","497.0","MANOUANE EST, QC CA","0.0","C","0.0","1,C","21","1,C","12","1,C","0","1,C","5","1,C","29","1,C","6","1,C","0","1,C","0","1,C","20140413",",1,C","20140415",",1,C","20140430",",1,C","-26.0","1,C,13,","16.2","1,,C,15,","13.5","1,C,30,","6817.2","C","620.7","1,C","88.0","1,,,C","-3.07","1,C","3.57","1,,,C","-9.71","1,,,C","","","",""
"CA00706I155","2014-05","50.65","-70.5333","497.0","MANOUANE EST, QC CA","0.0","C","0.0","2,C","18","2,C","11","2,C","0","2,C","0","2,C","12","2,C","0","2,C","1","2,C","0","2,C","20140509",",2,C","20140510",",2,C","20140516",",2,C","-5.7","2,C,09,","22.7","2,,C,10,","22.1","2,C,16,","7147.5","C","330.3","2,C","105.1","2,,,C","6.94","2,C","12.94","2,,,C","0.95","2,,,C","","","",""
"CA00706I155","2014-06","50.65","-70.5333","497.0","MANOUANE EST, QC CA","6.4","C","6.4","2,C","12","3,C","6","3,C","0","3,C","0","2,C","0","2,C","0","2,C","13","2,C","0","2,C","20140616",",2,C","20140603",",3,C","20140630",",2,C","2.5","2,C,16,","20.3","3,,C,03,","29.1","2,C,30,","7271.9","C","124.4","2,C","69.6","3,,,C","14.12","2,C","21.10","2,,,C","7.13","2,,,C","","","",""
"CA00706I155","2014-07","50.65","-70.5333","497.0","MANOUANE EST, QC CA","17.6","C","11.2",",C","18",",C","11",",C","0",",C","0",",C","0",",C","0",",C","14",",C","0",",C","20140705",",,C","20140713",",,C","20140701",",,C","2.4",",C,05,","14.9",",,C,13,","27.4",",C,01,","85.2","C","85.2",",C","85.2",",,,C","15.95",",C","21.35",",,,C","10.55",",,,C","","","",""
"CA00706I155","2014-08","50.65","-70.5333","497.0","MANOUANE EST, QC CA","26.7","C","9.1",",C","11",",C","8",",C","0",",C","0",",C","0",",C","0",",C","18",",C","0",",C","20140829",",,C","20140815",",,C","20140811",",,C","2.2",",C,29,","22.6",",,C,15,","29.0",",C,11,","171.2","C","86.0",",C","63.8",",,,C","15.85",",C","21.99",",,,C","9.72",",,,C","","","",""
"CA00706I155","2014-09","50.65","-70.5333","497.0","MANOUANE EST, QC CA","27.8","C","1.1",",C","15","3,C","7","3,C","0","3,C","0",",C","8",",C","0",",C","3",",C","0",",C","20140917",",,C","20140921",",3,C","20140902",",,C","-2.5",",C,17,","15.6","3,,C,21,","23.5",",C,02,","466.4","C","295.2",",C","75.5","3,,,C","8.53",",C","13.70",",,,C","3.36",",,,C","","","",""
"CA00706I155","2014-10","50.65","-70.5333","497.0","MANOUANE EST, QC CA","27.8","C","0.0",",C","11","2,C","9","2,C","2","2,C","0",",C","17",",C","0",",C","0",",C","0",",C","20141023",",,C","20141005",",2,C","20141003",",,C","-7.3",",C,23,","33.6","2,,C,05,","17.6",",C,03,","912.2","C","445.8",",C","111.3","2,,,C","3.95",",C","8.18",",,,C","-0.27",",,,C","","","",""
"CA00706I155","2014-11","50.65","-70.5333","497.0","MANOUANE EST, QC CA","27.8","C","0.0",",C","14","2,C","8","2,C","0","2,C","8",",C","30",",C","23",",C","0",",C","0",",C","20141129",",,C","20141124",",2,C","20141125","+,,C","-31.1",",C,29,","21.8","2,,C,24,","8.0",",C,25,+","1718.7","C","806.5",",C","73.2","2,,,C","-8.55",",C","-3.54",",,,C","-13.56",",,,C","","","",""
"CA00706I155","2014-12","50.65","-70.5333","497.0","MANOUANE EST, QC CA","27.8","C","0.0",",C","11","2,C","6","2,C","0","2,C","17",",C","31",",C","30",",C","0",",C","0",",C","20141230",",,C","20141224",",2,C","20141225",",,C","-39.9",",C,30,","20.3","2,,C,24,","1.3",",C,25,","2779.5","C","1060.8",",C","71.4","2,,,C","-15.89",",C","-10.14",",,,C","-21.64",",,,C","","","",""
"CA00706I155","2015-01","50.65","-70.5333","497.0","MANOUANE EST, QC CA","0.0","C","0.0","3,C","9","4,C","6","4,C","0","4,C","26","3,C","28","3,C","28","3,C","0","3,C","0","3,C","20150108",",3,C","20150119",",4,C","20150124",",3,C","-42.3","3,C,08,","8.0","4,,C,19,","-3.6","3,C,24,","3953.4","C","1173.9","3,C","34.6","4,,,C","-23.59","3,C","-16.54","3,,,C","-30.64","3,,,C","","","",""
"CA00706I155","2015-02","50.65","-70.5333","497.0","MANOUANE EST, QC CA","0.0","C","0.0","2,C","7","2,C","0","2,C","0","2,C","26","2,C","26","2,C","26","2,C","0","2,C","0","2,C","20150206",",2,C","20150220",",2,C","20150228",",2,C","-43.7","2,C,06,","1.8","2,,C,20,","-10.1","2,C,28,","5134.4","C","1181.0","2,C","6.5","2,,,C","-27.09","2,C","-18.85","2,,,C","-35.32","2,,,C","","","",""
"CA00706I155","2015-03","50.65","-70.5333","497.0","MANOUANE EST, QC CA","0.0","C","0.0","2,C","","","","","","","25","2,C","29","2,C","23","2,C","0","2,C","0","2,C","20150314",",2,C","","","20150326","+,2,C","-35.6","2,C,14,","","","2.1","2,C,26,+","6135.7","C","1001.3","2,C","","","-16.19","2,C","-7.16","2,,,C","-25.23","2,,,C","","","",""
"CA00706I155","2015-04","50.65","-70.5333","497.0","MANOUANE EST, QC CA","0.0","C","0.0","1,C","","","","","","","8",",C","25",",C","8","1,C","0","1,C","0","1,C","20150408",",,C","","","20150413",",1,C","-30.8",",C,08,","","","16.4","1,C,13,","6793.5","C","657.8","1,C","","","-4.66","1,C","2.34","1,,,C","-11.66",",,,C","0",",C","0.0",",C"
"CA00706I155","2015-05","50.65","-70.5333","497.0","MANOUANE EST, QC CA","0.0","C","0.0","4,C","","","","","","","0","3,C","16","3,C","0","3,C","1","3,C","0","3,C","20150513",",3,C","","","20150529",",3,C","-6.1","3,C,13,","","","21.3","3,C,29,","7145.0","C","351.5","3,C","","","5.52","4,C","10.91","3,,,C","0.13","3,,,C","0","4,C","0.0","4,C"
"CA00706I155","2015-06","50.65","-70.5333","497.0","MANOUANE EST, QC CA","0.5","C","0.5","2,C","","","","","","","0","2,C","0","2,C","0","2,C","6","2,C","0","2,C","20150603",",2,C","","","20150628",",2,C","0.5","2,C,03,","","","26.2","2,C,28,","7319.3","C","174.3","2,C","","","12.13","2,C","17.93","2,,,C","6.32","2,,,C","0","2,C","0.0","2,C"
"CA00706I155","2015-07","50.65","-70.5333","497.0","MANOUANE EST, QC CA","1.4","C","0.9",",C","16","4,C","12","4,C","1","4,C","0",",C","0",",C","0",",C","12",",C","0",",C","20150713",",,C","20150720",",4,C","20150714",",,C","5.4",",C,13,","25.7","4,,C,20,","26.2",",C,14,","115.9","C","115.9",",C","136.2","4,,,C","14.62",",C","19.53",",,,C","9.71",",,,C","0","1,C","0.0","1,C"
"CA00706I155","2015-08","50.65","-70.5333","497.0","MANOUANE EST, QC CA","5.4","C","4.0","1,C","18","2,C","12","2,C","1","2,C","0","1,C","0","1,C","0",",C","13",",C","0",",C","20150831",",1,C","20150825",",2,C","20150820",",,C","5.5","1,C,31,","37.5","2,,C,25,","27.7",",C,20,","191.4","C","75.5",",C","157.4","2,,,C","16.03","1,C","21.03",",,,C","11.04","1,,,C","0",",C","0.0",",C"
"CA00706I155","2015-09","50.65","-70.5333","497.0","MANOUANE EST, QC CA","7.2","C","1.8",",C","12","1,C","7","1,C","1","1,C","0",",C","3",",C","0",",C","8",",C","0",",C","20150926",",,C","20150909",",1,C","20150906",",,C","-4.1",",C,26,","49.2","1,,C,09,","26.5",",C,06,","366.9","C","175.5",",C","99.4","1,,,C","12.54",",C","17.77",",,,C","7.31",",,,C","0",",C","0.0",",C"
"CA00706I155","2015-10","50.65","-70.5333","497.0","MANOUANE EST, QC CA","7.2","C","0.0","1,C","15","1,C","8","1,C","0","1,C","0",",C","27",",C","4","1,C","0","1,C","0","1,C","20151024",",,C","20151029",",1,C","20151013",",1,C","-11.9",",C,24,","14.4","1,,C,29,","17.2","1,C,13,","880.0","C","513.1","1,C","57.6","1,,,C","1.23","1,C","5.25","1,,,C","-2.79",",,,C","0",",C","0.0",",C"
"CA00706I155","2015-11","50.65","-70.5333","497.0","MANOUANE EST, QC CA","7.2","C","0.0","3,C","15","3,C","9","3,C","0","3,C","3","1,C","29","1,C","15","2,C","0","2,C","0","2,C","20151130",",1,C","20151113",",3,C","20151106",",2,C","-29.7","1,C,30,","22.5","3,,C,13,","10.1","2,C,06,","1491.5","C","611.5","2,C","81.0","3,,,C","-4.31","3,C","-1.16","2,,,C","-7.46","1,,,C","0","2,C","0.0","2,C"
"CA00706I155","2015-12","50.65","-70.5333","497.0","MANOUANE EST, QC CA","7.2","C","0.0",",C","17",",C","3",",C","0",",C","8",",C","30",",C","25",",C","0",",C","0",",C","20151230",",,C","20151215",",,C","20151224",",,C","-30.1",",C,30,","9.4",",,C,15,","4.6",",C,24,","2338.4","C","846.9",",C","31.6",",,,C","-8.99",",C","-5.54",",,,C","-12.43",",,,C","0","1,C","0.0","1,C"
"CA00706I155","2016-01","50.65","-70.5333","497.0","MANOUANE EST, QC CA","0.0","C","0.0","5,C","","","","","","","15","3,C","28","3,C","25","5,C","0","5,C","0","5,C","20160104",",3,C","","","20160111",",5,C","-30.8","3,C,04,","","","0.2","5,C,11,","3185.8","C","847.4","5,C","","","-14.45","5,C","-9.95","5,,,C","-18.95","3,,,C","0","3,C","0.0","3,C"
"CA00706I155","2016-02","50.65","-70.5333","497.0","MANOUANE EST, QC CA","0.0","C","0.0","2,C","","","","","","","24",",C","29",",C","27","2,C","0","2,C","0","2,C","20160213",",,C","","","20160220","+,2,C","-41.8",",C,13,","","","-2.9","2,C,20,+","4225.4","C","1039.6","2,C","","","-19.80","2,C","-12.28","2,,,C","-27.32",",,,C","0",",C","0.0",",C"
"CA00706I155","2016-03","50.65","-70.5333","497.0","MANOUANE EST, QC CA","0.0","C","0.0",",C","17","2,C","8","2,C","0","2,C","22",",C","31",",C","24",",C","0",",C","0",",C","20160302",",,C","20160309",",2,C","20160327",",,C","-36.5",",C,02,","4.4","2,,C,09,","5.7",",C,27,","5239.9","C","1014.5",",C","34.3","2,,,C","-14.39",",C","-6.34",",,,C","-22.45",",,,C","0",",C","0.0",",C"
"CA00706I155","2016-04","50.65","-70.5333","497.0","MANOUANE EST, QC CA","0.0","C","0.0",",C","22",",C","16",",C","0",",C","11",",C","30",",C","16",",C","0",",C","0",",C","20160406",",,C","20160403",",,C","20160421",",,C","-32.1",",C,06,","17.0",",,C,03,","14.1",",C,21,","6031.0","C","791.1",",C","140.8",",,,C","-8.04",",C","-0.27",",,,C","-15.80",",,,C","0",",C","0.0",",C"
"CA00706I155","2016-05","50.65","-70.5333","497.0","MANOUANE EST, QC CA","0.0","C","0.0","1,C","14","1,C","8","1,C","0","1,C","0",",C","20",",C","0","1,C","2","1,C","0","1,C","20160502",",,C","20160508",",1,C","20160523",",1,C","-7.3",",C,02,","19.2","1,,C,08,","25.0","1,C,23,","6391.7","C","360.7","1,C","71.2","1,,,C","6.39","1,C","13.35","1,,,C","-0.57",",,,C","0","1,C","0.0","1,C"
"CA00706I155","2016-06","50.65","-70.5333","497.0","MANOUANE EST, QC CA","3.6","C","3.6","3,C","19","3,C","12","3,C","2","3,C","0","1,C","1","1,C","0","2,C","9","2,C","0","2,C","20160601",",1,C","20160620",",3,C","20160627",",2,C","-1.4","1,C,01,","34.2","3,,C,20,","27.1","2,C,27,","6546.6","C","154.9","2,C","168.2","3,,,C","12.75","3,C","18.64","2,,,C","6.87","1,,,C","0","1,C","0.0","1,C"
"CA00706I155","2016-07","50.65","-70.5333","497.0","MANOUANE EST, QC CA","6.6","C","3.0","2,C","13","2,C","9","2,C","1","2,C","0",",C","0",",C","0","2,C","13","2,C","0","2,C","20160709",",,C","20160721",",2,C","20160701",",2,C","6.5",",C,09,","35.1","2,,C,21,","27.1","2,C,01,","91.7","C","91.7","2,C","121.6","2,,,C","15.27","2,C","20.50","2,,,C","10.05",",,,C","0",",C","0.0",",C"
"CA00706I155","2016-08","50.65","-70.5333","497.0","MANOUANE EST, QC CA","","","","","","","","","","","","","","","","","","","","","","","","","","","","","","","","","","","","","","","","","","","","","0","2,C","0.0","2,C"
"CA00706I155","2016-09","50.65","-70.5333","497.0","MANOUANE EST, QC CA","","","0.0","1,C","14","1,C","10","1,C","2","1,C","0",",C","4",",C","0","1,C","5","1,C","0","1,C","20160927",",,C","20160920",",1,C","20160905",",1,C","-2.3",",C,27,","30.0","1,,C,20,","25.1","1,C,05,","","","232.2","1,C","137.0","1,,,C","10.48","1,C","15.30","1,,,C","5.66",",,,C","0",",C","0.0",",C"
"CA00706I155","2016-10","50.65","-70.5333","497.0","MANOUANE EST, QC CA","","","0.0","1,C","13","1,C","9","1,C","1","1,C","0",",C","16",",C","5","1,C","0","1,C","0","1,C","20161031",",,C","20161018",",1,C","20161007",",1,C","-9.6",",C,31,","26.2","1,,C,18,","18.3","1,C,07,","","","428.9","1,C","88.1","1,,,C","4.04","1,C","8.13","1,,,C","-0.04",",,,C","0",",C","0.0",",C"
"CA00706I155","2016-11","50.65","-70.5333","497.0","MANOUANE EST, QC CA","","","0.0",",C","13","1,C","6","1,C","0","1,C","0",",C","26",",C","10",",C","0",",C","0",",C","20161129",",,C","20161110",",1,C","20161108",",,C","-17.4",",C,29,","17.9","1,,C,10,","5.0",",C,08,","","","617.8",",C","69.7","1,,,C","-2.26",",C","0.53",",,,C","-5.05",",,,C","0","1,C","0.0","1,C"
"CA00706I155","2016-12","50.65","-70.5333","497.0","MANOUANE EST, QC CA","","","0.0","3,C","14","4,C","7","4,C","0","4,C","22","1,C","30","1,C","29","2,C","0","2,C","0","2,C","20161217","+,1,C","20161230",",4,C","20161224",",2,C","-34.2","1,C,17,+","6.6","4,,C,30,","-0.9","2,C,24,","","","968.4","2,C","37.2","4,,,C","-16.26","3,C","-10.63","2,,,C","-21.89","1,,,C","0","1,C","0.0","1,C"
"CA00706I155","2017-01","50.65","-70.5333","497.0","MANOUANE EST, QC CA","0.0","C","0.0","2,C","11","4,C","7","4,C","0","4,C","20","2,C","29","2,C","29","1,C","0","1,C","0","1,C","20170108",",2,C","20170104",",4,C","20170111",",1,C","-40.7","2,C,08,","24.4","4,,C,04,","0.4","1,C,11,","","","1014.8","1,C","68.3","4,,,C","-16.57","2,C","-10.47","1,,,C","-22.68","2,,,C","0","3,C","0.0","3,C"
"CA00706I155","2017-02","50.65","-70.5333","497.0","MANOUANE EST, QC CA","0.0","C","0.0","4,C","10","4,C","5","4,C","0","4,C","22","2,C","26","2,C","21","4,C","0","4,C","0","4,C","20170207",",2,C","20170225",",4,C","20170222",",4,C","-39.4","2,C,07,","10.3","4,,C,25,","2.3","4,C,22,","","","856.9","4,C","32.4","4,,,C","-17.36","4,C","-9.81","4,,,C","-24.90","2,,,C","0","3,C","0.0","3,C"
"CA00706I155","2017-03","50.65","-70.5333","497.0","MANOUANE EST, QC CA","0.0","C","0.0","3,C","16","3,C","6","3,C","0","3,C","21","3,C","28","3,C","23","3,C","0","3,C","0","3,C","20170306",",3,C","20170308",",3,C","20170331",",3,C","-35.7","3,C,06,","11.9","3,,C,08,","2.7","3,C,31,","","","920.7","3,C","46.5","3,,,C","-14.55","3,C","-6.79","3,,,C","-22.31","3,,,C","0","3,C","0.0","3,C"
"CA00706I155","2017-04","50.65","-70.5333","497.0","MANOUANE EST, QC CA","0.0","C","0.0","2,C","27","1,C","19","1,C","0","1,C","3","2,C","27","2,C","5","1,C","0","1,C","0","1,C","20170401",",2,C","20170429",",1,C","20170426",",1,C","-19.6","2,C,01,","19.0","1,,C,29,","8.8","1,C,26,","","","576.6","1,C","165.0","1,,,C","-2.23","2,C","3.24","1,,,C","-7.70","2,,,C","0","1,C","0.0","1,C"
"CA00706I155","2017-05","50.65","-70.5333","497.0","MANOUANE EST, QC CA","0.0","C","0.0","2,C","16","4,C","11","4,C","0","4,C","0",",C","13",",C","0","2,C","1","2,C","0","2,C","20170501",",,C","20170531","+,4,C","20170525",",2,C","-7.9",",C,01,","13.8","4,,C,31,+","21.2","2,C,25,","","","334.5","2,C","89.1","4,,,C","6.95","2,C","13.09","2,,,C","0.80",",,,C","0",",C","0.0",",C"
"CA00706I155","2017-06","50.65","-70.5333","497.0","MANOUANE EST, QC CA","2.1","C","2.1","3,C","","","","","","","0",",C","0",",C","0","3,C","6","3,C","0","3,C","20170627",",,C","","","20170608",",3,C","1.3",",C,27,","","","26.3","3,C,08,","","","154.1","3,C","","","12.76","3,C","18.29","3,,,C","7.22",",,,C","0","1,C","0.0","1,C"
"CA00706I155","2017-07","50.65","-70.5333","497.0","MANOUANE EST, QC CA","","","","","","","","","","","0","3,C","0","3,C","0","5,C","10","5,C","0","5,C","20170724",",3,C","","","20170717",",5,C","1.1","3,C,24,","","","26.8","5,C,17,","","","","","","","13.94","7,C","20.12","5,,,C","7.76","3,,,C","0",",C","0.0",",C"
"CA00706I155","2017-08","50.65","-70.5333","497.0","MANOUANE EST, QC CA","","","","","","","","","","","0","2,C","0","2,C","0","5,C","4","5,C","0","5,C","20170827",",2,C","","","20170804",",5,C","2.9","2,C,27,","","","22.6","5,C,04,","","","","","","","12.99","7,C","17.80","5,,,C","8.18","2,,,C","0",",C","0.0",",C"
"CA00706I155","2017-09","50.65","-70.5333","497.0","MANOUANE EST, QC CA","","","","","","","","","","","0","3,C","2","3,C","","","","","","","20170929",",3,C","","","","","-2.6","3,C,29,","","","","","","","","","","","","","","","4.92","3,,,C","0","1,C","0.0","1,C"
"CA00706I155","2017-10","50.65","-70.5333","497.0","MANOUANE EST, QC CA","","","","","","","","","","","0","1,C","14","1,C","0","5,C","0","5,C","0","5,C","20171017",",1,C","","","20171009",",5,C","-4.7","1,C,17,","","","19.3","5,C,09,","","","","","","","5.05","6,C","9.19","5,,,C","0.90","1,,,C","0",",C","0.0",",C"
"CA00706I155","2017-11","50.65","-70.5333","497.0","MANOUANE EST, QC CA","","","0.0","3,C","18","4,C","9","4,C","0","4,C","3","1,C","29","1,C","21","2,C","0","2,C","0","2,C","20171127",",1,C","20171119",",4,C","20171106",",2,C","-21.3","1,C,27,","14.7","4,,C,19,","3.2","2,C,06,","","","701.1","2,C","70.2","4,,,C","-7.37","3,C","-3.41","2,,,C","-11.34","1,,,C","0","1,C","0.0","1,C"
"CA00706I155","2017-12","50.65","-70.5333","497.0","MANOUANE EST, QC CA","","","0.0","4,C","12","3,C","6","3,C","0","3,C","19","2,C","29","2,C","29","2,C","0","2,C","0","2,C","20171223",",2,C","20171213","+,3,C","20171206",",2,C","-35.1","2,C,23,","8.4","3,,C,13,+","0.0","2,C,06,","","","971.3","2,C","40.5","3,,,C","-17.47","4,C","-13.92","2,,,C","-21.03","2,,,C","0","2,C","0.0","2,C"
"CA00706I155","2018-01","50.65","-70.5333","497.0","MANOUANE EST, QC CA","0.0","C","0.0","4,C","","","","","","","27","1,C","30","1,C","26","3,C","0","3,C","0","3,C","20180115",",1,C","","","20180112",",3,C","-40.0","1,C,15,","","","5.4","3,C,12,","","","1088.4","3,C","","","-21.92","4,C","-15.61","3,,,C","-28.24","1,,,C","0",",C","0.0",",C"
"CA00706I155","2018-02","50.65","-70.5333","497.0","MANOUANE EST, QC CA","","","","","","","","","","","","","","","23","4,C","0","4,C","0","4,C","","","","","20180221",",4,C","","","","","0.6","4,C,21,","","","","","","","","","-10.73","4,,,C","","","0","1,C","0.0","1,C"
"CA00706I155","2018-03","50.65","-70.5333","497.0","MANOUANE EST, QC CA","","","","","","","","","","","12","3,C","28","3,C","","","","","","","20180318",",3,C","","","","","-23.9","3,C,18,","","","","","","","","","","","","","","","-12.99","3,,,C","0","3,C","0.0","3,C"
"CA00706I155","2018-04","50.65","-70.5333","497.0","MANOUANE EST, QC CA","","","0.0","3,C","20","3,C","12","3,C","1","3,C","10","1,C","27","1,C","11","3,C","0","3,C","0","3,C","20180404",",1,C","20180417",",3,C","20180430",",3,C","-29.1","1,C,04,","26.2","3,,C,17,","15.5","3,C,30,","","","656.9","3,C","107.2","3,,,C","-6.01","3,C","1.27","3,,,C","-13.30","1,,,C","0",",C","0.0",",C"
"CA00706I155","2018-05","50.65","-70.5333","497.0","MANOUANE EST, QC CA","","","","","","","","","","","0","2,C","23","2,C","1","5,C","1","5,C","0","5,C","20180516",",2,C","","","20180530",",5,C","-11.5","2,C,16,","","","22.5","5,C,30,","","","","","","","2.30","6,C","8.05","5,,,C","-3.45","2,,,C","","","41.0","3,C"
"CA00706I155","2018-06","50.65","-70.5333","497.0","MANOUANE EST, QC CA","","","0.5","5,C","","","","","","","0","2,C","4","2,C","0","4,C","6","4,C","0","4,C","20180603",",2,C","","","20180616",",4,C","-3.0","2,C,03,","","","24.3","4,C,16,","","","190.7","4,C","","","10.95","5,C","17.56","4,,,C","4.34","2,,,C","","","50.0",",C"
"CA00706I155","2018-07","50.65","-70.5333","497.0","MANOUANE EST, QC CA","","","","","14","5,C","8","5,C","0","5,C","","","","","0","5,C","18","5,C","0","5,C","","","20180724",",5,C","20180721",",5,C","","","24.7","5,,C,24,","30.5","5,C,21,","","","","","104.4","5,,,C","","","22.79","5,,,C","","","","","",""
"CA00706I155","2018-10","50.65","-70.5333","497.0","MANOUANE EST, QC CA","","","0.0","4,C","16","3,C","8","3,C","0","3,C","0","4,C","25","4,C","11","3,C","0","3,C","0","3,C","20181028","+,4,C","20181015",",3,C","20181002",",3,C","-12.2","4,C,28,+","11.8","3,,C,15,","8.6","3,C,02,","","","531.6","3,C","56.5","3,,,C","-1.35","4,C","1.53","3,,,C","-4.24","4,,,C","","","",""
"CA00706I155","2018-12","50.65","-70.5333","497.0","MANOUANE EST, QC CA","","","0.0","2,C","9","2,C","5","2,C","1","2,C","17","2,C","29","2,C","27","2,C","0","2,C","0","2,C","20181209",",2,C","20181222",",2,C","20181222",",2,C","-36.8","2,C,09,","34.2","2,,C,22,","3.5","2,C,22,","","","980.2","2,C","65.0","2,,,C","-15.47","2,C","-10.92","2,,,C","-20.01","2,,,C","","","",""
"CA00706I155","2019-04","50.65","-70.5333","497.0","MANOUANE EST, QC CA","","","","","14","5,C","8","5,C","0","5,C","","","","","","","","","","","","","20190427",",5,C","","","","","21.0","5,,C,27,","","","","","","","54.0","5,,,C","","","","","","","","","",""
"CA00706I155","2019-05","50.65","-70.5333","497.0","MANOUANE EST, QC CA","","","0.0","1,C","14","1,C","7","1,C","0","1,C","0","1,C","21","1,C","0","1,C","0","1,C","0","1,C","20190501",",1,C","20190520",",1,C","20190525",",1,C","-11.9","1,C,01,","17.5","1,,C,20,","19.0","1,C,25,","","","431.4","1,C","85.4","1,,,C","3.95","1,C","9.76","1,,,C","-1.86","1,,,C","","","",""
"CA00706I155","2019-06","50.65","-70.5333","497.0","MANOUANE EST, QC CA","","","0.0","5,C","14","5,C","6","5,C","0","5,C","0","5,C","6","5,C","0","5,C","8","5,C","0","5,C","20190602",",5,C","20190627",",5,C","20190610",",5,C","-1.8","5,C,02,","23.6","5,,C,27,","27.5","5,C,10,","","","195.1","5,C","61.7","5,,,C","10.53","5,C","16.88","5,,,C","4.18","5,,,C","","","",""
"CA00706I155","2019-07","50.65","-70.5333","497.0","MANOUANE EST, QC CA","","","8.8","5,C","11","5,C","7","5,C","0","5,C","0","5,C","0","5,C","0","5,C","13","5,C","0","5,C","20190710",",5,C","20190714",",5,C","20190705",",5,C","4.3","5,C,10,","14.1","5,,C,14,","29.3","5,C,05,","68.7","C","68.7","5,C","58.5","5,,,C","16.03","5,C","21.55","5,,,C","10.51","5,,,C","","","",""
"CA00706I155","2019-08","50.65","-70.5333","497.0","MANOUANE EST, QC CA","","","0.0","3,C","17","3,C","11","3,C","1","3,C","0","3,C","0","3,C","0","3,C","9","3,C","0","3,C","20190825",",3,C","20190808",",3,C","20190818",",3,C","3.5","3,C,25,","28.3","3,,C,08,","26.5","3,C,18,","171.9","C","103.2","3,C","134.1","3,,,C","14.65","3,C","19.84","3,,,C","9.46","3,,,C","","","",""
"CA00706I155","2019-09","50.65","-70.5333","497.0","MANOUANE EST, QC CA","","","0.0","2,C","12","2,C","3","2,C","0","2,C","0","2,C","8","2,C","0","2,C","1","2,C","0","2,C","20190930","+,2,C","20190926",",2,C","20190919",",2,C","-1.9","2,C,30,+","7.3","2,,C,26,","22.9","2,C,19,","457.1","C","285.2","2,C","22.2","2,,,C","8.15","2,C","13.43","2,,,C","2.86","2,,,C","","","",""
"CA00706I155","2020-05","50.65","-70.5333","497.0","MANOUANE EST, QC CA","","","","","","","","","","","","","","","1","5,C","3","5,C","0","5,C","","","","","20200527",",5,C","","","","","29.0","5,C,27,","","","","","","","","","11.07","5,,,C","","","","","",""
"CA00706I155","2020-06","50.65","-70.5333","497.0","MANOUANE EST, QC CA","","","14.9","2,C","","","","","","","0","2,C","9","2,C","0","2,C","11","2,C","0","2,C","20200614",",2,C","","","20200618",",2,C","-2.5","2,C,14,","","","30.3","2,C,18,","","","169.1","2,C","","","12.82","2,C","19.18","2,,,C","6.47","2,,,C","","","",""
"CA00706I155","2020-08","50.65","-70.5333","497.0","MANOUANE EST, QC CA","","","2.8","5,C","","","","","","","0","5,C","0","5,C","0","5,C","13","5,C","0","5,C","20200829",",5,C","","","20200801",",5,C","1.8","5,C,29,","","","27.2","5,C,01,","","","101.1","5,C","","","14.55","5,C","20.10","5,,,C","9.00","5,,,C","","","",""
"CA00706I155","2020-10","50.65","-70.5333","497.0","MANOUANE EST, QC CA","","","0.0","3,C","","","","","","","0","3,C","20","3,C","7","3,C","0","3,C","0","3,C","20201031",",3,C","","","20201013",",3,C","-9.2","3,C,31,","","","10.9","3,C,13,","","","493.8","3,C","","","0.70","3,C","3.73","3,,,C","-2.34","3,,,C","","","",""
"CA00706I155","2020-11","50.65","-70.5333","497.0","MANOUANE EST, QC CA","","","0.0","2,C","","","","","","","0","2,C","27","2,C","19","2,C","0","2,C","0","2,C","20201103",",2,C","","","20201111",",2,C","-17.7","2,C,03,","","","13.2","2,C,11,","","","638.8","2,C","","","-4.48","2,C","-0.64","2,,,C","-8.32","2,,,C","","","",""
"CA00706I155","2020-12","50.65","-70.5333","497.0","MANOUANE EST, QC CA","","","0.0","1,C","","","","","","","11","1,C","29","1,C","25","1,C","0","1,C","0","1,C","20201217",",1,C","","","20201225",",1,C","-37.1","1,C,17,","","","8.8","1,C,25,","","","887.8","1,C","","","-11.26","1,C","-6.67","1,,,C","-15.85","1,,,C","","","",""
"CA00706I155","2021-01","50.65","-70.5333","497.0","MANOUANE EST, QC CA","0.0","C","0.0",",C","","","","","","","14",",C","31",",C","31",",C","0",",C","0",",C","20210121",",,C","","","20210115",",,C","-37.7",",C,21,","","","-2.6",",C,15,","","","996.2",",C","","","-13.80",",C","-8.91",",,,C","-18.70",",,,C","","","",""
"CA00706I155","2021-02","50.65","-70.5333","497.0","MANOUANE EST, QC CA","0.0","C","0.0",",C","","","","","","","17",",C","28",",C","27",",C","0",",C","0",",C","20210209",",,C","","","20210227",",,C","-36.2",",C,09,","","","0.5",",C,27,","","","950.8",",C","","","-15.62",",C","-8.62",",,,C","-22.63",",,,C","","","",""
"CA00706I155","2021-03","50.65","-70.5333","497.0","MANOUANE EST, QC CA","0.0","C","0.0","2,C","","","","","","","15","2,C","28","2,C","17","2,C","0","2,C","0","2,C","20210316",",2,C","","","20210322",",2,C","-33.9","2,C,16,","","","12.9","2,C,22,","","","821.4","2,C","","","-9.99","2,C","-3.04","2,,,C","-16.94","2,,,C","","","",""
"CA00706I155","2021-04","50.65","-70.5333","497.0","MANOUANE EST, QC CA","0.0","C","0.0","3,C","","","","","","","1","3,C","25","3,C","5","3,C","0","3,C","0","3,C","20210404",",3,C","","","20210415",",3,C","-19.8","3,C,04,","","","15.2","3,C,15,","","","465.1","3,C","","","1.11","3,C","7.28","3,,,C","-5.07","3,,,C","","","",""
"CA00706I155","2021-05","50.65","-70.5333","497.0","MANOUANE EST, QC CA","0.0","C","0.0","1,C","","","","","","","0","1,C","19","1,C","0",",C","3",",C","0",",C","20210502",",1,C","","","20210519",",,C","-5.3","1,C,02,","","","23.4",",C,19,","","","359.4",",C","","","6.20","1,C","12.50",",,,C","-0.09","1,,,C","","","",""
"CA00706I155","2021-06","50.65","-70.5333","497.0","MANOUANE EST, QC CA","4.2","C","4.2","2,C","","","","","","","0","2,C","2","2,C","0","2,C","10","2,C","0","2,C","20210613",",2,C","","","20210607",",2,C","-1.0","2,C,13,","","","30.5","2,C,07,","","","137.1","2,C","","","13.59","2,C","19.82","2,,,C","7.35","2,,,C","","","",""
"CA00706I155","2021-07","50.65","-70.5333","497.0","MANOUANE EST, QC CA","4.3","C","0.1","2,C","","","","","","","0","2,C","0","2,C","0","2,C","17","2,C","0","2,C","20210712",",2,C","","","20210713",",2,C","3.5","2,C,12,","","","28.3","2,C,13,","101.1","C","101.1","2,C","","","14.85","2,C","21.22","2,,,C","8.48","2,,,C","","","",""
"CA00706I155","2021-08","50.65","-70.5333","497.0","MANOUANE EST, QC CA","32.5","C","28.2",",C","","","","","","","0",",C","0",",C","0",",C","20",",C","0",",C","20210828",",,C","","","20210822",",,C","2.5",",C,28,","","","28.8",",C,22,","175.3","C","74.2",",C","","","16.85",",C","22.73",",,,C","10.97",",,,C","","","",""
"CA00706I155","2021-09","50.65","-70.5333","497.0","MANOUANE EST, QC CA","32.5","C","0.0","1,C","","","","","","","0","1,C","1","1,C","0","1,C","3","1,C","0","1,C","20210914",",1,C","","","20210920",",1,C","-1.0","1,C,14,","","","22.1","1,C,20,","396.0","C","220.7","1,C","","","10.72","1,C","15.37","1,,,C","6.08","1,,,C","","","",""
"CA00706I155","2021-10","50.65","-70.5333","497.0","MANOUANE EST, QC CA","32.5","C","0.0","1,C","","","","","","","0","1,C","10","1,C","0","1,C","0","1,C","0","1,C","20211029",",1,C","","","20211010","+,1,C","-6.1","1,C,29,","","","17.4","1,C,10,+","757.9","C","361.9","1,C","","","6.27","1,C","10.72","1,,,C","1.82","1,,,C","","","",""
"CA00706I155","2021-11","50.65","-70.5333","497.0","MANOUANE EST, QC CA","32.5","C","0.0","1,C","","","","","","","0","1,C","26","1,C","17","1,C","0","1,C","0","1,C","20211125",",1,C","","","20211101",",1,C","-17.7","1,C,25,","","","6.8","1,C,01,","1398.7","C","640.8","1,C","","","-3.76","1,C","-1.03","1,,,C","-6.50","1,,,C","","","",""
"CA00706I155","2021-12","50.65","-70.5333","497.0","MANOUANE EST, QC CA","32.5","C","0.0","1,C","","","","","","","19","1,C","30","1,C","27","1,C","0","1,C","0","1,C","20211209",",1,C","","","20211217","+,1,C","-32.8","1,C,09,","","","4.0","1,C,17,+","2379.7","C","981.0","1,C","","","-14.37","1,C","-9.00","1,,,C","-19.73","1,,,C","","","",""
"CA00706I155","2022-01","50.65","-70.5333","497.0","MANOUANE EST, QC CA","0.0","C","0.0","1,C","","","","","","","30","1,C","30","1,C","30","1,C","0","1,C","0","1,C","20220129",",1,C","","","20220101",",1,C","-44.7","1,C,29,","","","-3.4","1,C,01,","3738.2","C","1358.5","1,C","","","-26.95","1,C","-18.86","1,,,C","-35.04","1,,,C","","","",""
"CA00706I155","2022-02","50.65","-70.5333","497.0","MANOUANE EST, QC CA","0.0","C","0.0","1,C","","","","","","","24","1,C","27","1,C","27","1,C","0","1,C","0","1,C","20220204",",1,C","","","20220210",",1,C","-44.9","1,C,04,","","","-0.2","1,C,10,","4865.5","C","1127.3","1,C","","","-23.42","1,C","-14.43","1,,,C","-32.41","1,,,C","","","",""
"CA00706I155","2022-03","50.65","-70.5333","497.0","MANOUANE EST, QC CA","0.0","C","0.0","1,C","","","","","","","14","1,C","30","1,C","23","1,C","0","1,C","0","1,C","20220301",",1,C","","","20220323",",1,C","-38.4","1,C,01,","","","2.8","1,C,23,","5789.9","C","924.4","1,C","","","-12.48","1,C","-5.37","1,,,C","-19.59","1,,,C","","","",""
"CA00706I155","2022-04","50.65","-70.5333","497.0","MANOUANE EST, QC CA","0.0","C","0.0","1,C","","","","","","","3","1,C","28","1,C","3","1,C","0","1,C","0","1,C","20220405",",1,C","","","20220430","+,1,C","-20.4","1,C,05,","","","8.2","1,C,30,+","6388.8","C","598.9","1,C","","","-2.32","1,C","3.96","1,,,C","-8.60","1,,,C","","","",""
"CA00706I155","2022-05","50.65","-70.5333","497.0","MANOUANE EST, QC CA","0.0","C","0.0","1,C","","","","","","","0","1,C","21","1,C","1","1,C","1","1,C","0","1,C","20220508",",1,C","","","20220510",",1,C","-8.7","1,C,08,","","","21.1","1,C,10,","6766.1","C","377.3","1,C","","","5.76","1,C","12.59","1,,,C","-1.08","1,,,C","","","",""
"CA00706I155","2022-06","50.65","-70.5333","497.0","MANOUANE EST, QC CA","0.0","C","0.0","1,C","","","","","","","0","1,C","2","1,C","0","1,C","10","1,C","0","1,C","20220601",",1,C","","","20220626",",1,C","-1.5","1,C,01,","","","27.2","1,C,26,","6920.2","C","154.1","1,C","","","13.02","1,C","19.68","1,,,C","6.37","1,,,C","","","",""
"CA00706I155","2022-07","50.65","-70.5333","497.0","MANOUANE EST, QC CA","0.7","C","0.7","1,C","","","","","","","0","1,C","0","1,C","0","1,C","11","1,C","0","1,C","20220707",",1,C","","","20220718",",1,C","4.2","1,C,07,","","","25.0","1,C,18,","102.2","C","102.2","1,C","","","14.95","1,C","19.94","1,,,C","9.96","1,,,C","","","",""
"CA00706I155","2022-08","50.65","-70.5333","497.0","MANOUANE EST, QC CA","3.5","C","2.8",",C","","","","","","","0",",C","0",",C","0",",C","18",",C","0",",C","20220827",",,C","","","20220817",",,C","0.1",",C,27,","","","27.2",",C,17,","210.4","C","108.2",",C","","","14.93",",C","21.46",",,,C","8.40",",,,C","","","",""
"CA00706I155","2022-09","50.65","-70.5333","497.0","MANOUANE EST, QC CA","4.0","C","0.5","1,C","","","","","","","0","1,C","3","1,C","0","1,C","6","1,C","0","1,C","20220919",",1,C","","","20220910",",1,C","-2.0","1,C,19,","","","25.5","1,C,10,","432.2","C","221.8","1,C","","","10.70","1,C","16.39","1,,,C","5.01","1,,,C","","","",""
"CA00706I155","2022-10","50.65","-70.5333","497.0","MANOUANE EST, QC CA","4.0","C","0.0","1,C","","","","","","","0","1,C","11","1,C","0","1,C","0","1,C","0","1,C","20221003",",1,C","","","20221024",",1,C","-2.7","1,C,03,","","","18.9","1,C,24,","802.1","C","369.9","1,C","","","6.00","1,C","10.22","1,,,C","1.78","1,,,C","","","",""
"CA00706I155","2022-11","50.65","-70.5333","497.0","MANOUANE EST, QC CA","4.0","C","0.0","1,C","","","","","","","4","1,C","27","1,C","20","1,C","0","1,C","0","1,C","20221129",",1,C","","","20221106",",1,C","-23.9","1,C,29,","","","16.4","1,C,06,","1463.0","C","660.9","1,C","","","-4.46","1,C","-0.96","1,,,C","-7.96","1,,,C","","","",""
"CA00706I155","2022-12","50.65","-70.5333","497.0","MANOUANE EST, QC CA","4.0","C","0.0","1,C","","","","","","","12","1,C","30","1,C","26","1,C","0","1,C","0","1,C","20221211",",1,C","","","20221231",",1,C","-32.9","1,C,11,","","","2.9","1,C,31,","2371.0","C","908.0","1,C","","","-11.93","1,C","-6.94","1,,,C","-16.93","1,,,C","","","",""
"CA00706I155","2023-01","50.65","-70.5333","497.0","MANOUANE EST, QC CA","0.0","C","0.0","1,C","","","","","","","23","1,C","30","1,C","30","1,C","0","1,C","0","1,C","20230130",",1,C","","","20230103",",1,C","-39.6","1,C,30,","","","-1.6","1,C,03,","3476.9","C","1105.9","1,C","","","-18.53","1,C","-11.42","1,,,C","-25.65","1,,,C","","","",""
"CA00706I155","2023-02","50.65","-70.5333","497.0","MANOUANE EST, QC CA","0.0","C","0.0","2,C","","","","","","","24","2,C","26","2,C","24","2,C","0","2,C","0","2,C","20230224",",2,C","","","20230215",",2,C","-41.0","2,C,24,","","","1.3","2,C,15,","4509.2","C","1032.3","2,C","","","-21.37","2,C","-12.34","2,,,C","-30.40","2,,,C","","","",""
"CA00706I155","2023-03","50.65","-70.5333","497.0","MANOUANE EST, QC CA","0.0","C","0.0",",C","","","","","","","12",",C","31",",C","18",",C","0",",C","0",",C","20230304",",,C","","","20230308",",,C","-32.6",",C,04,","","","4.7",",C,08,","5356.2","C","847.0",",C","","","-8.99",",C","-1.75",",,,C","-16.22",",,,C","","","",""
"CA00706I155","2023-04","50.65","-70.5333","497.0","MANOUANE EST, QC CA","0.0","C","0.0","2,C","","","","","","","4","2,C","22","2,C","7","2,C","0","2,C","0","2,C","20230403",",2,C","","","20230429",",2,C","-31.3","2,C,03,","","","16.4","2,C,29,","5884.1","C","527.9","2,C","","","-0.52","2,C","5.54","2,,,C","-6.58","2,,,C","","","",""
"CA00706I155","2023-05","50.65","-70.5333","497.0","MANOUANE EST, QC CA","1.5","C","1.5",",C","","","","","","","0",",C","17",",C","0",",C","2",",C","0",",C","20230517",",,C","","","20230531",",,C","-5.1",",C,17,","","","30.5",",C,31,","6252.5","C","368.4",",C","","","6.50",",C","13.38",",,,C","-0.39",",,,C","","","",""
"CA00706I155","2023-06","50.65","-70.5333","497.0","MANOUANE EST, QC CA","10.3","C","8.8","2,C","","","","","","","0","2,C","0","2,C","0","2,C","13","2,C","0","2,C","20230604",",2,C","","","20230601",",2,C","0.9","2,C,04,","","","29.4","2,C,01,","6364.7","C","112.2","2,C","","","14.64","2,C","20.83","2,,,C","8.45","2,,,C","","","",""
"CA00706I155","2023-07","50.65","-70.5333","497.0","MANOUANE EST, QC CA","34.2","C","23.9",",C","","","","","","","0",",C","0",",C","0",",C","20",",C","1",",C","20230713",",,C","","","20230705",",,C","6.9",",C,13,","","","32.3",",C,05,","55.3","C","55.3",",C","","","17.32",",C","22.90",",,,C","11.74",",,,C","","","",""
"CA00706I155","2023-08","50.65","-70.5333","497.0","MANOUANE EST, QC CA","34.2","C","0.0","1,C","","","","","","","0","1,C","0","1,C","0","1,C","9","1,C","0","1,C","20230831",",1,C","","","20230817",",1,C","3.6","1,C,31,","","","24.7","1,C,17,","184.0","C","128.7","1,C","","","14.04","1,C","19.02","1,,,C","9.07","1,,,C","","","",""
"CA00706I155","2023-09","50.65","-70.5333","497.0","MANOUANE EST, QC CA","38.7","C","4.5",",C","","","","","","","0",",C","3",",C","0",",C","6",",C","0",",C","20230925",",,C","","","20230906",",,C","-0.4",",C,25,","","","29.3",",C,06,","360.7","C","176.7",",C","","","12.60",",C","18.81",",,,C","6.38",",,,C","","","",""
"CA00706I155","2023-10","50.65","-70.5333","497.0","MANOUANE EST, QC CA","38.7","C","0.0","1,C","","","","","","","0","1,C","10","1,C","2","1,C","3","1,C","0","1,C","20231030",",1,C","","","20231005",",1,C","-5.4","1,C,30,","","","23.1","1,C,05,","694.3","C","333.6","1,C","","","7.21","1,C","11.29","1,,,C","3.14","1,,,C","","","",""
"CA00706I155","2023-11","50.65","-70.5333","497.0","MANOUANE EST, QC CA","38.7","C","0.0","3,C","","","","","","","0","3,C","27","3,C","23","3,C","0","3,C","0","3,C","20231125",",3,C","","","20231117",",3,C","-17.1","3,C,25,","","","3.6","3,C,17,","1356.2","C","661.9","3,C","","","-6.18","3,C","-3.15","3,,,C","-9.21","3,,,C","","","",""
"CA00706I155","2023-12","50.65","-70.5333","497.0","MANOUANE EST, QC CA","38.7","C","0.0",",C","","","","","","","13",",C","30",",C","25",",C","0",",C","0",",C","20231204",",,C","","","20231218",",,C","-29.5",",C,04,","","","4.6",",C,18,","2289.3","C","933.1",",C","","","-11.77",",C","-6.39",",,,C","-17.14",",,,C","","","",""
"CA00706I155","2024-01","50.65","-70.5333","497.0","MANOUANE EST, QC CA","0.0","","0.0",",C","","","","","","","24",",C","31",",C","31",",C","0",",C","0",",C","20240123",",,C","","","20240128","+,,C","-34.2",",C,23,","","","-2.2",",C,28,+","3373.5","","1084.2",",C","","","-16.64",",C","-10.75",",,,C","-22.53",",,,C","","","",""
"CA00706I155","2024-02","50.65","-70.5333","497.0","MANOUANE EST, QC CA","0.0","","0.0",",C","","","","","","","22",",C","29",",C","26",",C","0",",C","0",",C","20240219",",,C","","","20240228",",,C","-36.0",",C,19,","","","5.5",",C,28,","4341.0","","967.5",",C","","","-15.03",",C","-7.51",",,,C","-22.54",",,,C","","","",""
"CA00706I155","2024-03","50.65","-70.5333","497.0","MANOUANE EST, QC CA","0.0","","0.0",",C","","","","","","","10",",C","31",",C","14",",C","0",",C","0",",C","20240324",",,C","","","20240328",",,C","-30.4",",C,24,","","","7.1",",C,28,","5140.4","","799.4",",C","","","-7.45",",C","-0.82",",,,C","-14.09",",,,C","","","",""
"CA00706I155","2024-04","50.65","-70.5333","497.0","MANOUANE EST, QC CA","0.0","","0.0","2,C","","","","","","","0","2,C","26","2,C","3","2,C","0","2,C","0","2,C","20240422",",2,C","","","20240427",",2,C","-17.4","2,C,22,","","","15.1","2,C,27,","5679.2","","538.8","2,C","","","-0.91","2,C","5.66","2,,,C","-7.48","2,,,C","","","",""
