"STATION","DATE","LATITUDE","LONGITUDE","ELEVATION","NAME","CDSD","CDSD_ATTRIBUTES","CLDD","CLDD_ATTRIBUTES","DP01","DP01_ATTRIBUTES","DP10","DP10_ATTRIBUTES","DP1X","DP1X_ATTRIBUTES","DSND","DSND_ATTRIBUTES","DSNW","DSNW_ATTRIBUTES","DT00","DT00_ATTRIBUTES","DT32","DT32_ATTRIBUTES","DX32","DX32_ATTRIBUTES","DX70","DX70_ATTRIBUTES","DX90","DX90_ATTRIBUTES","DYNT","DYNT_ATTRIBUTES","DYSD","DYSD_ATTRIBUTES","DYSN","DYSN_ATTRIBUTES","DYXP","DYXP_ATTRIBUTES","DYXT","DYXT_ATTRIBUTES","EMNT","EMNT_ATTRIBUTES","EMSD","EMSD_ATTRIBUTES","EMSN","EMSN_ATTRIBUTES","EMXP","EMXP_ATTRIBUTES","EMXT","EMXT_ATTRIBUTES","HDSD","HDSD_ATTRIBUTES","HTDD","HTDD_ATTRIBUTES","PRCP","PRCP_ATTRIBUTES","SNOW","SNOW_ATTRIBUTES","TAVG","TAVG_ATTRIBUTES","TMAX","TMAX_ATTRIBUTES","TMIN","TMIN_ATTRIBUTES"
"CA00704FFF5","1972-12","50.3","-64.3167","15.0","RIVIERE ST JEAN, QC CA","","","","","4","2,C","1","2,C","0","2,C","","","1","2,C","","","","","30",",C","0",",C","0",",C","","","","","19721221",",2,C","19721221",",2,C","19721206",",,C","","","","","36","2,,C,21,","3.6","2,,C,21,","3.3",",C,06,","","","","","7.6","2,,,C","76","2,,,C","","","-11.16",",,,C","",""
"CA00704FFF5","1973-03","50.3","-64.3167","15.0","RIVIERE ST JEAN, QC CA","","","0.0","1,C","","","","","","","","","","","8","1,C","30","1,C","15","1,C","0","1,C","0","1,C","19730301",",1,C","","","","","","","19730330",",1,C","-31.1","1,C,01,","","","","","","","5.0","1,C,30,","","","730.6","1,C","","","","","-6.02","1,C","-0.41","1,,,C","-11.63","1,,,C"
"CA00704FFF5","1973-04","50.3","-64.3167","15.0","RIVIERE ST JEAN, QC CA","","","0.0","1,C","","","","","","","","","","","0","1,C","26","1,C","4","1,C","0","1,C","0","1,C","19730410",",1,C","","","","","","","19730419",",1,C","-16.7","1,C,10,","","","","","","","8.3","1,C,19,","","","537.7","1,C","","","","","-0.21","1,C","2.83","1,,,C","-3.24","1,,,C"
"CA00704FFF5","1973-05","50.3","-64.3167","15.0","RIVIERE ST JEAN, QC CA","","","0.0",",C","14",",C","13",",C","1",",C","","","0",",C","0",",C","5",",C","0",",C","0",",C","0",",C","19730507",",,C","","","19730531","+,,C","19730511",",,C","19730531",",,C","-3.9",",C,07,","","","0",",,C,31,+","38.1",",,C,11,","17.8",",C,31,","","","402.2",",C","142.2",",,,C","0",",,,C","5.36",",C","8.91",",,,C","1.80",",,,C"
"CA00704FFF5","1973-06","50.3","-64.3167","15.0","RIVIERE ST JEAN, QC CA","","","0.0",",C","7",",C","5",",C","1",",C","","","0",",C","0",",C","1",",C","0",",C","7",",C","0",",C","19730617",",,C","","","19730630","+,,C","19730609",",,C","19730630",",,C","-0.6",",C,17,","","","0",",,C,30,+","35.3",",,C,09,","23.3",",C,30,","","","197.2",",C","72.6",",,,C","0",",,,C","11.76",",C","16.43",",,,C","7.09",",,,C"
"CA00704FFF5","1973-07","50.3","-64.3167","15.0","RIVIERE ST JEAN, QC CA","","","4.0",",C","10",",C","6",",C","0",",C","","","0",",C","0",",C","0",",C","0",",C","12",",C","0",",C","19730717",",,C","","","19730731","+,,C","19730712",",,C","19730701",",,C","3.9",",C,17,","","","0",",,C,31,+","14.0",",,C,12,","25.0",",C,01,","104.9","C","104.9",",C","50.0",",,,C","0",",,,C","15.08",",C","19.92",",,,C","10.23",",,,C"
"CA00704FFF5","1973-08","50.3","-64.3167","15.0","RIVIERE ST JEAN, QC CA","","","0.6",",C","10",",C","8",",C","0",",C","","","0",",C","0",",C","2",",C","0",",C","6",",C","0",",C","19730827",",,C","","","19730831","+,,C","19730801",",,C","19730819","+,,C","-0.6",",C,27,","","","0",",,C,31,+","12.7",",,C,01,","23.3",",C,19,+","236.5","C","131.6",",C","66.0",",,,C","0",",,,C","14.10",",C","18.74",",,,C","9.47",",,,C"
"CA00704FFF5","1973-09","50.3","-64.3167","15.0","RIVIERE ST JEAN, QC CA","","","0.0",",C","12",",C","9",",C","0",",C","","","0",",C","0",",C","13",",C","0",",C","1",",C","0",",C","19730926","+,,C","","","19730930","+,,C","19730906",",,C","19730904",",,C","-3.9",",C,26,+","","","0",",,C,30,+","22.6",",,C,06,","21.1",",C,04,","565.7","C","329.2",",C","89.5",",,,C","0",",,,C","7.36",",C","12.83",",,,C","1.89",",,,C"
"CA00704FFF5","1973-10","50.3","-64.3167","15.0","RIVIERE ST JEAN, QC CA","","","0.0",",C","11",",C","8",",C","4",",C","","","0",",C","0",",C","21",",C","0",",C","0",",C","0",",C","19731029",",,C","","","19731031","+,,C","19731014",",,C","19731003",",,C","-10.6",",C,29,","","","0",",,C,31,+","50.8",",,C,14,","15.6",",C,03,","1035.2","C","469.5",",C","189.9",",,,C","0",",,,C","3.19",",C","8.03",",,,C","-1.65",",,,C"
"CA00704FFF5","1973-11","50.3","-64.3167","15.0","RIVIERE ST JEAN, QC CA","","","","","3",",C","1",",C","0",",C","","","0",",C","","","","","","","","","","","","","","","19731108",",,C","19731101",",,C","","","","","","","8",",,C,08,","9.9",",,C,01,","","","","","","","11.5",",,,C","8",",,,C","","","","","",""
"CA00704FFF5","1973-12","50.3","-64.3167","15.0","RIVIERE ST JEAN, QC CA","","","0.0",",C","","","","","","","","","","","4",",C","31",",C","20",",C","0",",C","0",",C","19731227",",,C","","","","","","","19731217",",,C","-21.7",",C,27,","","","","","","","9.4",",C,17,","","","761.3",",C","","","","","-6.22",",C","-1.36",",,,C","-11.09",",,,C"
"CA00704FFF5","1974-01","50.3","-64.3167","15.0","RIVIERE ST JEAN, QC CA","0.0","C","0.0",",C","5",",C","4",",C","0",",C","","","4",",C","27",",C","31",",C","31",",C","0",",C","0",",C","19740116",",,C","","","19740121",",,C","19740121",",,C","19740122",",,C","-40.0",",C,16,","","","102",",,C,21,","10.2",",,C,21,","-1.1",",C,22,","","","1197.5",",C","18.2",",,,C","182",",,,C","-20.30",",C","-13.61",",,,C","-26.98",",,,C"
"CA00704FFF5","1974-02","50.3","-64.3167","15.0","RIVIERE ST JEAN, QC CA","0.0","C","0.0",",C","","","","","","","","","","","20",",C","28",",C","28",",C","0",",C","0",",C","19740215",",,C","","","","","","","19740228",",,C","-26.7",",C,15,","","","","","","","0.0",",C,28,","","","913.0",",C","","","","","-14.27",",C","-8.39",",,,C","-20.16",",,,C"
"CA00704FFF5","1974-03","50.3","-64.3167","15.0","RIVIERE ST JEAN, QC CA","0.0","C","0.0",",C","8",",C","7",",C","0",",C","","","6",",C","9",",C","31",",C","23",",C","0",",C","0",",C","19740303",",,C","","","19740317",",,C","19740317",",,C","19740315","+,,C","-35.0",",C,03,","","","152",",,C,17,","15.2",",,C,17,","3.9",",C,15,+","","","841.1",",C","61.7",",,,C","490",",,,C","-8.80",",C","-2.43",",,,C","-15.17",",,,C"
"CA00704FFF5","1974-04","50.3","-64.3167","15.0","RIVIERE ST JEAN, QC CA","0.0","C","0.0",",C","3",",C","3",",C","0",",C","","","3",",C","1",",C","30",",C","6",",C","0",",C","0",",C","19740409",",,C","","","19740415","+,,C","19740415","+,,C","19740423",",,C","-21.7",",C,09,","","","102",",,C,15,+","10.2",",,C,15,+","6.7",",C,23,","","","614.9",",C","26.2",",,,C","262",",,,C","-2.17",",C","1.97",",,,C","-6.30",",,,C"
"CA00704FFF5","1974-05","50.3","-64.3167","15.0","RIVIERE ST JEAN, QC CA","0.0","C","0.0",",C","6",",C","5",",C","1",",C","","","1",",C","0",",C","18",",C","0",",C","0",",C","0",",C","19740504",",,C","","","19740501",",,C","19740508",",,C","19740529",",,C","-7.2",",C,04,","","","25",",,C,01,","29.2",",,C,08,","14.4",",C,29,","","","460.2",",C","48.4",",,,C","25",",,,C","3.49",",C","7.73",",,,C","-0.75",",,,C"
"CA00704FFF5","1974-06","50.3","-64.3167","15.0","RIVIERE ST JEAN, QC CA","0.0","C","0.0",",C","5",",C","5",",C","0",",C","","","0",",C","0",",C","3",",C","0",",C","2",",C","0",",C","19740607",",,C","","","19740630","+,,C","19740617",",,C","19740617",",,C","-3.9",",C,07,","","","0",",,C,30,+","11.7",",,C,17,","22.2",",C,17,","","","220.8",",C","35.1",",,,C","0",",,,C","10.97",",C","16.38",",,,C","5.57",",,,C"
"CA00704FFF5","1974-08","50.3","-64.3167","15.0","RIVIERE ST JEAN, QC CA","","","","","","","","","","","","","0",",C","","","","","","","","","","","","","","","19740831","+,,C","","","","","","","","","0",",,C,31,+","","","","","","","","","","","0",",,,C","","","","","",""
"CA00704FFF5","1974-09","50.3","-64.3167","15.0","RIVIERE ST JEAN, QC CA","","","0.0",",C","11",",C","9",",C","0",",C","","","0",",C","0",",C","11",",C","0",",C","0",",C","0",",C","19740924",",,C","","","19740930","+,,C","19740929","+,,C","19740909","+,,C","-4.4",",C,24,","","","0",",,C,30,+","14.0",",,C,29,+","16.1",",C,09,+","","","331.2",",C","76.9",",,,C","0",",,,C","7.29",",C","11.87",",,,C","2.72",",,,C"
"CA00704FFF5","1974-10","50.3","-64.3167","15.0","RIVIERE ST JEAN, QC CA","","","0.0",",C","10",",C","8",",C","1",",C","","","2",",C","0",",C","23",",C","2",",C","0",",C","0",",C","19741022","+,,C","","","19741029",",,C","19741031",",,C","19741005",",,C","-11.1",",C,22,+","","","33",",,C,29,","25.4",",,C,31,","10.6",",C,05,","","","541.5",",C","73.8",",,,C","63",",,,C","0.87",",C","4.96",",,,C","-3.23",",,,C"
"CA00704FFF5","1974-11","50.3","-64.3167","15.0","RIVIERE ST JEAN, QC CA","","","0.0",",C","3","1,C","3","1,C","1","1,C","","","1","1,C","1",",C","27",",C","11",",C","0",",C","0",",C","19741123",",,C","","","19741104",",1,C","19741113",",1,C","19741101",",,C","-17.8",",C,23,","","","38","1,,C,04,","36.1","1,,C,13,","7.2",",C,01,","","","629.5",",C","49.8","1,,,C","38","1,,,C","-2.65",",C","1.33",",,,C","-6.63",",,,C"
"CA00704FFF5","1974-12","50.3","-64.3167","15.0","RIVIERE ST JEAN, QC CA","","","0.0",",C","10",",C","10",",C","0",",C","","","8",",C","9",",C","30",",C","27",",C","0",",C","0",",C","19741229",",,C","","","19741229",",,C","19741229",",,C","19741209",",,C","-26.1",",C,29,","","","127",",,C,29,","12.7",",,C,29,","8.9",",C,09,","","","813.8",",C","50.3",",,,C","361",",,,C","-7.92",",C","-3.41",",,,C","-12.43",",,,C"
"CA00704FFF5","1975-01","50.3","-64.3167","15.0","RIVIERE ST JEAN, QC CA","0.0","C","0.0",",C","7",",C","6",",C","0",",C","","","6",",C","21",",C","31",",C","30",",C","0",",C","0",",C","19750129",",,C","","","19750118","+,,C","19750118","+,,C","19750112",",,C","-36.7",",C,29,","","","102",",,C,18,+","10.2",",,C,18,+","0.6",",C,12,","","","1063.7",",C","43.2",",,,C","432",",,,C","-15.98",",C","-9.51",",,,C","-22.45",",,,C"
"CA00704FFF5","1975-02","50.3","-64.3167","15.0","RIVIERE ST JEAN, QC CA","0.0","C","0.0",",C","","","","","","","","","","","19",",C","28",",C","26",",C","0",",C","0",",C","19750203","+,,C","","","","","","","19750226","+,,C","-34.4",",C,03,+","","","","","","","1.7",",C,26,+","","","942.8",",C","","","","","-15.34",",C","-9.07",",,,C","-21.61",",,,C"
"CA00704FFF5","1975-03","50.3","-64.3167","15.0","RIVIERE ST JEAN, QC CA","0.0","C","0.0","1,C","6","1,C","5","1,C","1","1,C","","","3","1,C","8","1,C","30","1,C","18","1,C","0","1,C","0","1,C","19750310",",1,C","","","19750312","+,1,C","19750320",",1,C","19750330","+,1,C","-27.8","1,C,10,","","","56","1,,C,12,+","82.3","1,,C,20,","4.4","1,C,30,+","","","748.6","1,C","105.7","1,,,C","183","1,,,C","-6.62","1,C","-0.82","1,,,C","-12.42","1,,,C"
"CA00704FFF5","1975-04","50.3","-64.3167","15.0","RIVIERE ST JEAN, QC CA","0.0","C","0.0",",C","5",",C","4",",C","0",",C","","","2",",C","0",",C","25",",C","2",",C","0",",C","0",",C","19750402",",,C","","","19750408",",,C","19750408",",,C","19750430",",,C","-13.9",",C,02,","","","140",",,C,08,","14.0",",,C,08,","15.6",",C,30,","","","538.6",",C","35.3",",,,C","170",",,,C","0.38",",C","4.18",",,,C","-3.42",",,,C"
"CA00704FFF5","1975-05","50.3","-64.3167","15.0","RIVIERE ST JEAN, QC CA","0.0","C","0.0",",C","5",",C","4",",C","0",",C","","","0",",C","0",",C","14",",C","0",",C","0",",C","0",",C","19750510",",,C","","","19750531","+,,C","19750528",",,C","19750506",",,C","-5.0",",C,10,","","","0",",,C,31,+","21.1",",,C,28,","17.8",",C,06,","","","385.9",",C","37.1",",,,C","0",",,,C","5.89",",C","11.29",",,,C","0.48",",,,C"
"CA00704FFF5","1975-06","50.3","-64.3167","15.0","RIVIERE ST JEAN, QC CA","0.0","C","0.0",",C","8",",C","7",",C","2",",C","","","0",",C","0",",C","2",",C","0",",C","6",",C","0",",C","19750610","+,,C","","","19750630","+,,C","19750601",",,C","19750619",",,C","-1.1",",C,10,+","","","0",",,C,30,+","38.6",",,C,01,","23.3",",C,19,","","","204.5",",C","114.3",",,,C","0",",,,C","11.52",",C","16.76",",,,C","6.27",",,,C"
"CA00704FFF5","1975-07","50.3","-64.3167","15.0","RIVIERE ST JEAN, QC CA","5.4","C","5.4",",C","9",",C","8",",C","0",",C","","","0",",C","0",",C","0",",C","0",",C","15",",C","0",",C","19750723",",,C","","","19750731","+,,C","19750724",",,C","19750719",",,C","4.4",",C,23,","","","0",",,C,31,+","21.3",",,C,24,","26.7",",C,19,","77.4","C","77.4",",C","92.3",",,,C","0",",,,C","16.01",",C","20.65",",,,C","11.36",",,,C"
"CA00704FFF5","1975-08","50.3","-64.3167","15.0","RIVIERE ST JEAN, QC CA","5.4","C","0.0",",C","10",",C","5",",C","0",",C","","","0",",C","0",",C","1",",C","0",",C","7",",C","0",",C","19750830",",,C","","","19750831","+,,C","19750814",",,C","19750806",",,C","-1.7",",C,30,","","","0",",,C,31,+","19.1",",,C,14,","22.8",",C,06,","235.4","C","158.0",",C","65.0",",,,C","0",",,,C","13.24",",C","18.16",",,,C","8.31",",,,C"
"CA00704FFF5","1975-09","50.3","-64.3167","15.0","RIVIERE ST JEAN, QC CA","5.4","C","0.0",",C","13",",C","8",",C","0",",C","","","0",",C","0",",C","8",",C","0",",C","0",",C","0",",C","19750918",",,C","","","19750930","+,,C","19750926",",,C","19750908",",,C","-3.3",",C,18,","","","0",",,C,30,+","14.5",",,C,26,","20.6",",C,08,","521.5","C","286.1",",C","77.6",",,,C","0",",,,C","8.80",",C","13.55",",,,C","4.04",",,,C"
"CA00704FFF5","1975-10","50.3","-64.3167","15.0","RIVIERE ST JEAN, QC CA","5.4","C","0.0","3,C","8","2,C","6","2,C","0","2,C","","","0","2,C","0","2,C","18","2,C","0","2,C","0","2,C","0","2,C","19751031",",2,C","","","19751031","+,2,C","19751025",",2,C","19751022","+,2,C","-7.8","2,C,31,","","","0","2,,C,31,+","17.8","2,,C,25,","12.2","2,C,22,+","929.6","C","408.1","2,C","42.9","2,,,C","0","2,,,C","3.86","3,C","8.31","2,,,C","-0.60","2,,,C"
"CA00704FFF5","1975-11","50.3","-64.3167","15.0","RIVIERE ST JEAN, QC CA","5.4","C","0.0","4,C","10","1,C","3","1,C","0","1,C","","","0","1,C","0","3,C","24","3,C","6","2,C","0","2,C","0","2,C","19751124",",3,C","","","19751111",",1,C","19751113",",1,C","19751109",",2,C","-16.7","3,C,24,","","","15","1,,C,11,","16.5","1,,C,13,","9.4","2,C,09,","1466.7","C","537.1","2,C","40.2","1,,,C","55","1,,,C","-1.95","4,C","2.56","2,,,C","-6.46","3,,,C"
"CA00704FFF5","1976-01","50.3","-64.3167","15.0","RIVIERE ST JEAN, QC CA","0.0","C","0.0",",C","","","","","","","","","","","21",",C","31",",C","29",",C","0",",C","0",",C","19760112",",,C","","","","","","","19760127",",,C","-34.4",",C,12,","","","","","","","1.7",",C,27,","","","1025.5",",C","","","","","-14.75",",C","-8.33",",,,C","-21.16",",,,C"
"CA00704FFF5","1976-05","50.3","-64.3167","15.0","RIVIERE ST JEAN, QC CA","","","0.0","1,C","15",",C","12",",C","2",",C","","","1",",C","0","1,C","18","1,C","0",",C","0",",C","0",",C","19760531",",1,C","","","19760505",",,C","19760519",",,C","19760515",",,C","-4.4","1,C,31,","","","25",",,C,05,","36.6",",,C,19,","16.7",",C,15,","","","404.8",",C","180.4",",,,C","25",",,,C","4.82","1,C","9.37",",,,C","0.27","1,,,C"
"CA00704FFF5","1976-06","50.3","-64.3167","15.0","RIVIERE ST JEAN, QC CA","","","0.0","3,C","9",",C","5",",C","1",",C","","","0",",C","0","2,C","6","2,C","0","2,C","3","2,C","0","2,C","19760603",",2,C","","","19760630","+,,C","19760610",",,C","19760622","+,2,C","-1.7","2,C,03,","","","0",",,C,30,+","27.4",",,C,10,","22.2","2,C,22,+","","","218.4","2,C","70.6",",,,C","0",",,,C","10.31","3,C","16.14","2,,,C","4.48","2,,,C"
"CA00704FFF5","1976-08","50.3","-64.3167","15.0","RIVIERE ST JEAN, QC CA","","","2.0","2,C","13",",C","9",",C","0",",C","","","0",",C","0","1,C","5","1,C","0","1,C","6","1,C","0","1,C","19760826",",1,C","","","19760831","+,,C","19760829","+,,C","19760811",",1,C","-2.2","1,C,26,","","","0",",,C,31,+","12.7",",,C,29,+","27.8","1,C,11,","","","163.1","1,C","81.4",",,,C","0",",,,C","12.79","2,C","18.53","1,,,C","7.04","1,,,C"
"CA00704FFF5","1976-09","50.3","-64.3167","15.0","RIVIERE ST JEAN, QC CA","","","0.0","2,C","15",",C","14",",C","1",",C","","","0",",C","0","1,C","9","1,C","0","1,C","0","1,C","0","1,C","19760929",",1,C","","","19760930","+,,C","19760905",",,C","19760913","+,1,C","-6.7","1,C,29,","","","0",",,C,30,+","26.7",",,C,05,","18.9","1,C,13,+","","","277.5","1,C","162.8",",,,C","0",",,,C","8.44","2,C","13.31","1,,,C","3.57","1,,,C"
"CA00704FFF5","1976-10","50.3","-64.3167","15.0","RIVIERE ST JEAN, QC CA","","","","","14","2,C","8","2,C","0","2,C","","","0",",C","0","4,C","21","4,C","1","5,C","0","5,C","0","5,C","19761027",",4,C","","","19761031","+,,C","19761009",",2,C","19761007","+,5,C","-8.3","4,C,27,","","","0",",T,C,31,+","19.1","2,,C,09,","13.9","5,C,07,+","","","","","84.5",",a,,C","0",",T,,C","2.43","6,C","6.86","5,,,C","-1.99","4,,,C"
"CA00704FFF5","1976-12","50.3","-64.3167","15.0","RIVIERE ST JEAN, QC CA","","","0.0","3,C","12","4,C","12","4,C","1","4,C","","","13","3,C","17","1,C","30","1,C","24","3,C","0","3,C","0","3,C","19761216","+,1,C","","","19761207",",3,C","19761227",",4,C","19761227",",3,C","-28.9","1,C,16,+","","","229","3,,C,07,","28.4","4,,C,27,","2.8","3,C,27,","","","894.2","3,C","113.9","4,,,C","1007","3,,,C","-13.34","3,C","-7.10","3,,,C","-19.58","1,,,C"
"CA00704FFF5","1977-01","50.3","-64.3167","15.0","RIVIERE ST JEAN, QC CA","0.0","C","0.0","3,C","12","2,C","3","2,C","0","2,C","","","3","2,C","16","2,C","29","2,C","24","2,C","0","2,C","0","2,C","19770114",",2,C","","","19770104",",2,C","19770104",",2,C","19770122",",2,C","-34.4","2,C,14,","","","102","2,,C,04,","10.2","2,,C,04,","2.8","2,C,22,","","","879.7","2,C","31.9","2,,,C","319","2,,,C","-12.82","3,C","-6.94","2,,,C","-18.69","2,,,C"
"CA00704FFF5","1977-02","50.3","-64.3167","15.0","RIVIERE ST JEAN, QC CA","0.0","C","0.0","1,C","9",",C","7",",C","0",",C","","","7",",C","13","1,C","27","1,C","26",",C","0",",C","0",",C","19770213","+,1,C","","","19770220",",,C","19770220",",,C","19770207",",,C","-31.7","1,C,13,+","","","152",",,C,20,","15.2",",,C,20,","1.1",",C,07,","","","819.7",",C","64.4",",,,C","644",",,,C","-11.90","1,C","-5.53",",,,C","-18.28","1,,,C"
"CA00704FFF5","1977-03","50.3","-64.3167","15.0","RIVIERE ST JEAN, QC CA","","","","","4",",C","4",",C","0",",C","","","3","1,C","","","","","11","1,C","0","1,C","0","1,C","","","","","19770317","+,1,C","19770331",",,C","19770327",",1,C","","","","","25","1,,C,17,+","6.1",",,C,31,","9.4","1,C,27,","","","","","13.6",",,,C","75","1,,,C","","","1.59","1,,,C","",""
"CA00704FFF5","1977-04","50.3","-64.3167","15.0","RIVIERE ST JEAN, QC CA","","","","","4","5,C","4","5,C","1","5,C","","","2","5,C","","","","","3","5,C","0","5,C","0","5,C","","","","","19770403",",5,C","19770403",",5,C","19770423",",5,C","","","","","254","5,,C,03,","25.4","5,,C,03,","10.0","5,C,23,","","","","","62.2","5,,,C","361","5,,,C","","","3.92","5,,,C","",""
"CA00704FFF5","1977-08","50.3","-64.3167","15.0","RIVIERE ST JEAN, QC CA","","","0.0","1,C","16",",C","11",",C","0",",C","","","0",",C","0","1,C","0","1,C","0","1,C","0","1,C","0","1,C","19770820",",1,C","","","19770831","+,,C","19770822",",,C","19770822","+,1,C","0.6","1,C,20,","","","0",",,C,31,+","23.9",",,C,22,","20.6","1,C,22,+","","","185.0","1,C","92.7",",,,C","0",",,,C","12.17","1,C","17.47","1,,,C","6.86","1,,,C"
"CA00704FFF5","1977-09","50.3","-64.3167","15.0","RIVIERE ST JEAN, QC CA","","","0.0","2,C","13","2,C","8","2,C","0","2,C","","","0",",C","0","1,C","10","1,C","0","2,C","0","2,C","0","2,C","19770921",",1,C","","","19770930","+,,C","19770926",",2,C","19770902",",2,C","-6.7","1,C,21,","","","0",",,C,30,+","20.3","2,,C,26,","20.0","2,C,02,","","","292.8","2,C","63.5","2,,,C","0",",,,C","7.88","2,C","13.26","2,,,C","2.50","1,,,C"
"CA00704FFF5","1977-10","50.3","-64.3167","15.0","RIVIERE ST JEAN, QC CA","","","","","15","1,C","10","1,C","2","1,C","","","0","1,C","","","","","0","3,C","0","3,C","0","3,C","","","","","19771024",",1,C","19771009",",1,C","19771011",",3,C","","","","","3","1,,C,24,","74.9","1,,C,09,","12.8","3,C,11,","","","","","189.2","1,,,C","3","1,,,C","","","8.72","3,,,C","",""
"CA00704FFF5","1977-11","50.3","-64.3167","15.0","RIVIERE ST JEAN, QC CA","","","","","16",",C","6",",C","0",",C","","","2",",C","0","5,C","19","5,C","4","5,C","0","5,C","0","5,C","19771124",",5,C","","","19771114",",,C","19771117",",,C","19771111","+,5,C","-15.6","5,C,24,","","","61",",,C,14,","9.4",",,C,17,","10.6","5,C,11,+","","","","","41.8",",,,C","141",",,,C","-0.48","9,C","4.15","5,,,C","-5.11","5,,,C"
"CA00704FFF5","1978-01","50.3","-64.3167","15.0","RIVIERE ST JEAN, QC CA","0.0","C","0.0","4,C","8",",C","5",",C","0",",C","","","5",",C","15","3,C","28","3,C","28","2,C","0","2,C","0","2,C","19780114",",3,C","","","19780108",",,C","19780108",",,C","19780109",",2,C","-35.6","3,C,14,","","","119",",,C,08,","11.9",",,C,08,","2.8","2,C,09,","","","880.5","2,C","43.5",",,,C","435",",,,C","-14.50","4,C","-9.11","2,,,C","-19.89","3,,,C"
"CA00704FFF5","1978-02","50.3","-64.3167","15.0","RIVIERE ST JEAN, QC CA","0.0","C","0.0",",C","4",",C","2",",C","0",",C","","","2",",C","9",",C","28",",C","22",",C","0",",C","0",",C","19780210",",,C","","","19780212",",,C","19780212",",,C","19780226",",,C","-27.8",",C,10,","","","150",",,C,12,","15.0",",,C,12,","3.3",",C,26,","","","762.9",",C","25.9",",,,C","249",",,,C","-8.91",",C","-3.83",",,,C","-14.00",",,,C"
"CA00704FFF5","1978-03","50.3","-64.3167","15.0","RIVIERE ST JEAN, QC CA","0.0","C","0.0",",C","5","1,C","3","1,C","1","1,C","","","2","1,C","14",",C","31",",C","30",",C","0",",C","0",",C","19780317",",,C","","","19780327",",1,C","19780327",",1,C","19780315",",,C","-34.4",",C,17,","","","274","1,,C,27,","27.4","1,,C,27,","3.3",",C,15,","","","897.6",",C","49.7","1,,,C","347","1,,,C","-10.62",",C","-4.11",",,,C","-17.14",",,,C"
"CA00704FFF5","1978-04","50.3","-64.3167","15.0","RIVIERE ST JEAN, QC CA","0.0","C","0.0","1,C","7",",C","5",",C","0",",C","","","3",",C","1","1,C","23","1,C","5",",C","0",",C","0",",C","19780403",",1,C","","","19780405",",,C","19780423",",,C","19780427","+,,C","-18.3","1,C,03,","","","122",",,C,05,","20.3",",,C,23,","6.7",",C,27,+","","","582.1",",C","66.7",",,,C","208",",,,C","-1.69","1,C","3.04",",,,C","-6.41","1,,,C"
"CA00704FFF5","1978-05","50.3","-64.3167","15.0","RIVIERE ST JEAN, QC CA","0.0","C","0.0","2,C","10","1,C","7","1,C","0","1,C","","","0",",C","0","1,C","17","1,C","0","1,C","0","1,C","0","1,C","19780507",",1,C","","","19780501",",,C","19780528",",1,C","19780530",",1,C","-7.2","1,C,07,","","","23",",,C,01,","18.3","1,,C,28,","16.7","1,C,30,","","","390.1","1,C","83.6","1,,,C","23",",,,C","4.99","2,C","10.55","1,,,C","-0.57","1,,,C"
"CA00704FFF5","1978-06","50.3","-64.3167","15.0","RIVIERE ST JEAN, QC CA","0.0","C","0.0",",C","15",",C","9",",C","0",",C","","","0",",C","0",",C","3",",C","0",",C","0",",C","0",",C","19780611",",,C","","","19780630","+,,C","19780602",",,C","19780607",",,C","-2.2",",C,11,","","","0",",,C,30,+","13.5",",,C,02,","20.0",",C,07,","","","222.2",",C","68.9",",,,C","0",",,,C","10.93",",C","15.67",",,,C","6.18",",,,C"
"CA00704FFF5","1978-07","50.3","-64.3167","15.0","RIVIERE ST JEAN, QC CA","1.9","C","1.9","1,C","7",",C","2",",C","0",",C","","","0",",C","0",",C","1",",C","0","1,C","10","1,C","0","1,C","19780703",",,C","","","19780731","+,,C","19780715",",,C","19780718",",1,C","-1.7",",C,03,","","","0",",,C,31,+","13.5",",,C,15,","28.9","1,C,18,","126.1","C","126.1","1,C","31.6",",,,C","0",",,,C","14.18","1,C","19.69","1,,,C","8.67",",,,C"
"CA00704FFF5","1978-08","50.3","-64.3167","15.0","RIVIERE ST JEAN, QC CA","1.9","C","0.0","3,C","8",",C","6",",C","1",",C","","","0",",C","0","1,C","4","1,C","0","2,C","3","2,C","0","2,C","19780824",",1,C","","","19780831","+,,C","19780817",",,C","19780814",",2,C","-2.2","1,C,24,","","","0",",,C,31,+","31.5",",,C,17,","24.4","2,C,14,","313.2","C","187.1","2,C","67.3",",,,C","0",",,,C","11.67","3,C","17.64","2,,,C","5.70","1,,,C"
"CA00704FFF5","1978-09","50.3","-64.3167","15.0","RIVIERE ST JEAN, QC CA","1.9","C","0.0",",C","9",",C","6",",C","1",",C","","","0",",C","0",",C","10",",C","0",",C","0",",C","0",",C","19780930",",,C","","","19780930","+,,C","19780911",",,C","19780904",",,C","-6.1",",C,30,","","","0",",,C,30,+","44.5",",,C,11,","18.3",",C,04,","659.2","C","346.0",",C","94.0",",,,C","0",",,,C","6.80",",C","12.29",",,,C","1.31",",,,C"
"CA00704FFF5","1978-10","50.3","-64.3167","15.0","RIVIERE ST JEAN, QC CA","1.9","C","0.0","2,C","11","1,C","9","1,C","2","1,C","","","0",",C","0","2,C","21","2,C","0","1,C","0","1,C","0","1,C","19781025",",2,C","","","19781031","+,,C","19781014",",1,C","19781012",",1,C","-16.1","2,C,25,","","","0",",,C,31,+","59.7","1,,C,14,","12.8","1,C,12,","1120.2","C","461.0","1,C","132.3","1,,,C","0",",,,C","2.49","2,C","7.36","1,,,C","-2.38","2,,,C"
"CA00704FFF5","1978-12","50.3","-64.3167","15.0","RIVIERE ST JEAN, QC CA","","","0.0","2,C","9","2,C","3","2,C","0","2,C","","","2","2,C","15","2,C","28","2,C","23","2,C","0","2,C","0","2,C","19781210",",2,C","","","19781204",",2,C","19781204",",2,C","19781228",",2,C","-32.2","2,C,10,","","","99","2,,C,04,","9.9","2,,C,04,","5.6","2,C,28,","","","862.6","2,C","23.2","2,,,C","202","2,,,C","-11.41","2,C","-6.02","2,,,C","-16.80","2,,,C"
"CA00704FFF5","1979-01","50.3","-64.3167","15.0","RIVIERE ST JEAN, QC CA","0.0","C","0.0",",C","15",",C","5",",C","0",",C","","","1",",C","15",",C","25",",C","21",",C","0",",C","0",",C","19790118",",,C","","","19790105",",,C","19790101",",,C","19790131",",,C","-35.0",",C,18,","","","61",",,C,05,","21.6",",,C,01,","10.0",",C,31,","","","877.6",",C","54.3",",,,C","106",",,,C","-9.98",",C","-4.63",",,,C","-15.32",",,,C"
"CA00704FFF5","1979-02","50.3","-64.3167","15.0","RIVIERE ST JEAN, QC CA","0.0","C","0.0",",C","11",",C","4",",C","0",",C","","","4",",C","14",",C","26",",C","24",",C","0",",C","0",",C","19790218",",,C","","","19790227",",,C","19790227",",,C","19790202",",,C","-28.3",",C,18,","","","221",",,C,27,","22.1",",,C,27,","5.6",",C,02,","","","852.7",",C","43.6",",,,C","421",",,,C","-12.12",",C","-7.80",",,,C","-16.45",",,,C"
"CA00704FFF5","1979-03","50.3","-64.3167","15.0","RIVIERE ST JEAN, QC CA","0.0","C","0.0","4,C","14",",C","7",",C","2",",C","","","3",",C","7","3,C","26","3,C","7","3,C","0","3,C","0","3,C","19790313",",3,C","","","19790311",",,C","19790325",",,C","19790320",",3,C","-25.6","3,C,13,","","","119",",,C,11,","37.3",",,C,25,","10.0","3,C,20,","","","582.7","3,C","105.6",",,,C","286",",,,C","-3.50","4,C","1.91","3,,,C","-8.91","3,,,C"
"CA00704FFF5","1979-04","50.3","-64.3167","15.0","RIVIERE ST JEAN, QC CA","0.0","C","0.0",",C","11",",C","6",",C","1",",C","","","3",",C","0",",C","24",",C","3",",C","0",",C","0",",C","19790402",",,C","","","19790403",",,C","19790410",",,C","19790427",",,C","-11.7",",C,02,","","","119",",,C,03,","28.7",",,C,10,","13.3",",C,27,","","","507.2",",C","78.2",",,,C","241",",,,C","1.43",",C","5.42",",,,C","-2.57",",,,C"
"CA00704FFF5","1979-05","50.3","-64.3167","15.0","RIVIERE ST JEAN, QC CA","0.0","C","0.0","1,C","15",",C","10",",C","1",",C","","","0",",C","0",",C","7",",C","0","1,C","1","1,C","0","1,C","19790518",",,C","","","19790531","+,,C","19790505",",,C","19790520",",1,C","-2.8",",C,18,","","","0",",,C,31,+","31.0",",,C,05,","21.7","1,C,20,","","","315.5","1,C","99.2",",,,C","0",",,,C","7.77","1,C","12.80","1,,,C","2.74",",,,C"
"CA00704FFF5","1979-06","50.3","-64.3167","15.0","RIVIERE ST JEAN, QC CA","0.0","C","0.0","2,C","14",",C","8",",C","1",",C","","","0",",C","0","2,C","1","2,C","0","1,C","4","1,C","0","1,C","19790620",",2,C","","","19790630","+,,C","19790622",",,C","19790609",",1,C","0.0","2,C,20,","","","0",",,C,30,+","25.4",",,C,22,","25.6","1,C,09,","","","170.5","1,C","104.4",",,,C","0",",,,C","12.19","2,C","17.69","1,,,C","6.69","2,,,C"
"CA00704FFF5","1979-07","50.3","-64.3167","15.0","RIVIERE ST JEAN, QC CA","1.1","C","1.1","3,C","9",",C","9",",C","1",",C","","","0",",C","0","2,C","0","2,C","0","2,C","12","2,C","0","2,C","19790715",",2,C","","","19790731","+,,C","19790716",",,C","19790731",",2,C","1.1","2,C,15,","","","0",",,C,31,+","25.9",",,C,16,","25.6","2,C,31,","109.9","C","109.9","2,C","99.1",",,,C","0",",,,C","14.39","3,C","19.70","2,,,C","9.08","2,,,C"
"CA00704FFF5","1979-08","50.3","-64.3167","15.0","RIVIERE ST JEAN, QC CA","3.1","C","2.0","2,C","15",",C","8",",C","1",",C","","","0",",C","0","1,C","0","1,C","0","1,C","3","1,C","0","1,C","19790812",",1,C","","","19790831","+,,C","19790813",",,C","19790801",",1,C","1.1","1,C,12,","","","0",",,C,31,+","28.4",",,C,13,","25.0","1,C,01,","269.4","C","159.5","1,C","103.7",",,,C","0",",,,C","13.03","2,C","18.14","1,,,C","7.91","1,,,C"
"CA00704FFF5","1979-09","50.3","-64.3167","15.0","RIVIERE ST JEAN, QC CA","3.1","C","0.0","3,C","15","2,C","10","2,C","1","2,C","","","0",",C","0","3,C","4","3,C","0","1,C","0","1,C","0","1,C","19790923",",3,C","","","19790930","+,,C","19790906",",2,C","19790912",",1,C","-2.8","3,C,23,","","","0",",,C,30,+","50.0","2,,C,06,","19.0","1,C,12,","525.7","C","256.3","1,C","121.6","2,,,C","0",",,,C","8.94","3,C","14.20","1,,,C","3.68","3,,,C"
"CA00704FFF5","1979-10","50.3","-64.3167","15.0","RIVIERE ST JEAN, QC CA","3.1","C","0.0","2,C","15",",C","9",",C","0",",C","","","0",",C","0","2,C","15","2,C","0","2,C","0","2,C","0","2,C","19791031",",2,C","","","19791031","+,,C","19791008",",,C","19791022",",2,C","-8.3","2,C,31,","","","0",",,C,31,+","13.2",",,C,08,","14.4","2,C,22,","948.6","C","422.9","2,C","82.9",",,,C","0",",,,C","3.75","2,C","7.14","2,,,C","0.36","2,,,C"
"CA00704FFF5","1979-11","50.3","-64.3167","15.0","RIVIERE ST JEAN, QC CA","3.1","C","0.0",",C","13","3,C","7","3,C","0","3,C","","","3",",C","1",",C","26",",C","9",",C","0",",C","0",",C","19791120",",,C","","","19791116",",,C","19791126",",3,C","19791104",",,C","-17.8",",C,20,","","","99",",,C,16,","19.3","3,,C,26,","8.9",",C,04,","1535.6","C","587.0",",C","55.5","3,,,C","191",",,,C","-1.23",",C","2.77",",,,C","-5.23",",,,C"
"CA00704FFF5","1979-12","50.3","-64.3167","15.0","RIVIERE ST JEAN, QC CA","3.1","C","0.0","3,C","10",",C","3",",C","0",",C","","","1",",C","9","1,C","30","1,C","23","2,C","0","2,C","0","2,C","19791220","+,1,C","","","19791212",",,C","19791212",",,C","19791207",",2,C","-31.1","1,C,20,+","","","61",",,C,12,","6.1",",,C,12,","3.3","2,C,07,","2301.3","C","765.7","2,C","19.6",",,,C","113",",,,C","-8.90","3,C","-4.50","2,,,C","-13.31","1,,,C"
"CA00704FFF5","1980-01","50.3","-64.3167","15.0","RIVIERE ST JEAN, QC CA","0.0","C","0.0","1,C","7",",C","4",",C","0",",C","","","4",",C","16","1,C","30","1,C","24",",C","0",",C","0",",C","19800111",",1,C","","","19800124",",,C","19800124",",,C","19800111",",,C","-35.0","1,C,11,","","","200",",,C,24,","20.0",",,C,24,","3.0",",C,11,","3213.3","C","912.0",",C","65.3",",,,C","589",",,,C","-11.99","1,C","-5.81",",,,C","-18.18","1,,,C"
"CA00704FFF5","1980-02","50.3","-64.3167","15.0","RIVIERE ST JEAN, QC CA","0.0","C","0.0","1,C","10",",C","5",",C","0",",C","","","5",",C","19","1,C","28","1,C","27","1,C","0","1,C","0","1,C","19800228",",1,C","","","19800220",",,C","19800220",",,C","19800221",",1,C","-32.0","1,C,28,","","","180",",,C,20,","18.0",",,C,20,","0.5","1,C,21,","4092.4","C","879.1","1,C","52.6",",,,C","526",",,,C","-13.06","1,C","-5.80","1,,,C","-20.32","1,,,C"
"CA00704FFF5","1980-03","50.3","-64.3167","15.0","RIVIERE ST JEAN, QC CA","0.0","C","0.0","2,C","6","2,C","5","2,C","0","2,C","","","5","2,C","9","2,C","28","2,C","18","2,C","0","2,C","0","2,C","19800308",",2,C","","","19800314",",2,C","19800314",",2,C","19800323",",2,C","-25.5","2,C,08,","","","252","2,,C,14,","25.2","2,,C,14,","6.5","2,C,23,","4808.6","C","716.2","2,C","75.5","2,,,C","755","2,,,C","-6.36","2,C","-0.71","2,,,C","-12.02","2,,,C"
"CA00704FFF5","1980-04","50.3","-64.3167","15.0","RIVIERE ST JEAN, QC CA","","","","","12","1,C","6","1,C","1","1,C","","","2","1,C","","","","","2","2,C","0","2,C","0","2,C","","","","","19800405",",1,C","19800415",",1,C","19800424",",2,C","","","","","100","1,,C,05,","30.0","1,,C,15,","10.0","2,C,24,","","","","","63.0","1,,,C","160","1,,,C","","","3.63","2,,,C","",""
"CA00704FFF5","1980-05","50.3","-64.3167","15.0","RIVIERE ST JEAN, QC CA","","","0.0","2,C","14",",C","10",",C","1",",C","","","1",",C","0","2,C","14","2,C","0","2,C","0","2,C","0","2,C","19800502",",2,C","","","19800508",",,C","19800508",",,C","19800531",",2,C","-4.5","2,C,02,","","","72",",,C,08,","69.4",",,C,08,","14.5","2,C,31,","","","391.7","2,C","142.6",",,,C","84",",,,C","4.83","2,C","8.91","2,,,C","0.74","2,,,C"
"CA00704FFF5","1980-06","50.3","-64.3167","15.0","RIVIERE ST JEAN, QC CA","","","0.0","3,C","10",",C","8",",C","1",",C","","","0",",C","0","3,C","4","3,C","0","3,C","1","3,C","0","3,C","19800607",",3,C","","","19800630","+,,C","19800608",",,C","19800608",",3,C","-1.5","3,C,07,","","","0",",,C,30,+","46.0",",,C,08,","22.5","3,C,08,","","","220.5","3,C","111.0",",,,C","0",",,,C","10.17","3,C","15.19","3,,,C","5.15","3,,,C"
"CA00704FFF5","1980-07","50.3","-64.3167","15.0","RIVIERE ST JEAN, QC CA","","","0.0","2,C","18",",C","12",",C","1",",C","","","0",",C","0","2,C","0","2,C","0","2,C","3","2,C","0","2,C","19800701",",2,C","","","19800731","+,,C","19800715",",,C","19800729",",2,C","1.5","2,C,01,","","","0",",,C,31,+","26.0",",,C,15,","23.5","2,C,29,","153.9","C","153.9","2,C","117.9",",,,C","0",",,,C","13.03","2,C","16.97","2,,,C","9.09","2,,,C"
"CA00704FFF5","1980-08","50.3","-64.3167","15.0","RIVIERE ST JEAN, QC CA","","","1.8","5,C","9",",C","5",",C","1",",C","0",",C","0",",C","0","4,C","0","4,C","0","3,C","6","3,C","0","3,C","19800830",",4,C","19800831","+,,C","19800831","+,,C","19800809",",,C","19800801",",3,C","0.5","4,C,30,","0",",,C,31,+","0",",,C,31,+","30.5",",,C,09,","26.5","3,C,01,","247.1","C","93.2","3,C","80.9",",,,C","0",",,,C","14.72","5,C","19.50","3,,,C","9.94","4,,,C"
"CA00704FFF5","1980-09","50.3","-64.3167","15.0","RIVIERE ST JEAN, QC CA","","","","","15","2,C","14","2,C","2","2,C","0",",C","0",",C","0","4,C","6","4,C","0","4,C","0","4,C","0","4,C","19800920",",4,C","19800930","+,,C","19800930","+,,C","19800902",",2,C","19800913","+,4,C","-3.0","4,C,20,","0",",,C,30,+","0",",,C,30,+","41.0","2,,C,02,","18.5","4,C,13,+","","","","","200.6","2,,,C","0",",,,C","8.22","6,C","12.58","4,,,C","3.87","4,,,C"
"CA00704FFF5","1980-10","50.3","-64.3167","15.0","RIVIERE ST JEAN, QC CA","","","0.0","3,C","14","2,C","9","2,C","1","2,C","0",",C","0",",C","0","3,C","18","3,C","1","2,C","0","2,C","0","2,C","19801029",",3,C","19801031","+,,C","19801031",",,C","19801012",",2,C","19801003",",2,C","-8.5","3,C,29,","0",",,C,31,+","0",",T,C,31,","27.0","2,,C,12,","9.5","2,C,03,","","","441.8","2,C","110.2","2,,,C","0",",T,,C","2.61","3,C","6.34","2,,,C","-1.13","3,,,C"
"CA00704FFF5","1980-11","50.3","-64.3167","15.0","RIVIERE ST JEAN, QC CA","","","0.0","5,C","11","1,C","8","1,C","1","1,C","4","3,C","4","1,C","0","5,C","20","5,C","6","4,C","0","4,C","0","4,C","19801121",",5,C","19801129",",3,C","19801128",",1,C","19801125",",1,C","19801111",",4,C","-14.0","5,C,21,","130","3,,C,29,","100","1,,C,28,","35.6","1,,C,25,","10.0","4,C,11,","","","476.3","4,C","94.4","1,,,C","280","1,,,C","-0.80","5,C","2.77","4,,,C","-4.36","5,,,C"
"CA00704FFF5","1980-12","50.3","-64.3167","15.0","RIVIERE ST JEAN, QC CA","","","0.0","3,C","14","1,C","2","1,C","1","1,C","","","","","14","3,C","28","3,C","24","3,C","0","3,C","0","3,C","19801212",",3,C","","","","","19801203",",1,C","19801206","+,3,C","-32.0","3,C,12,","","","","","42.0","1,,C,03,","1.5","3,C,06,+","","","890.8","3,C","56.4","1,,,C","","","-13.48","3,C","-8.27","3,,,C","-18.70","3,,,C"
"CA00704FFF5","1981-01","50.3","-64.3167","15.0","RIVIERE ST JEAN, QC CA","0.0","C","0.0",",C","14",",C","2",",C","0",",C","","","2","4,C","20",",C","31",",C","29",",C","0",",C","0",",C","19810129",",,C","","","19810126",",4,C","19810126",",,C","19810107",",,C","-30.0",",C,29,","","","107","4,,C,26,","10.7",",,C,26,","2.0",",C,07,","","","971.8",",C","27.0",",,,C","230","4,,,C","-13.02",",C","-7.24",",,,C","-18.79",",,,C"
"CA00704FFF5","1981-02","50.3","-64.3167","15.0","RIVIERE ST JEAN, QC CA","0.0","C","0.0",",C","12",",C","5",",C","0",",C","24","4,C","0","2,C","7",",C","26",",C","15",",C","0",",C","0",",C","19810215",",,C","19810210",",4,C","19810208",",2,C","19810211",",,C","19810227",",,C","-29.5",",C,15,","750","4,,C,10,","14","2,,C,08,","15.2",",,C,11,","6.0",",C,27,","","","694.6",",C","46.1",",,,C","36","2,,,C","-6.47",",C","-1.52",",,,C","-11.43",",,,C"
"CA00704FFF5","1981-03","50.3","-64.3167","15.0","RIVIERE ST JEAN, QC CA","0.0","C","0.0","1,C","8",",C","4",",C","0",",C","29","2,C","1","1,C","0","1,C","26","1,C","7","1,C","0","1,C","0","1,C","19810317",",1,C","19810304","+,2,C","19810313",",1,C","19810317",",,C","19810331",",1,C","-15.5","1,C,17,","520","2,,C,04,+","100","1,,C,13,","20.5",",,C,17,","7.0","1,C,31,","","","584.2","1,C","49.7",",,,C","103","1,,,C","-1.14","1,C","2.27","1,,,C","-4.55","1,,,C"
"CA00704FFF5","1981-04","50.3","-64.3167","15.0","RIVIERE ST JEAN, QC CA","0.0","C","0.0","1,C","15",",C","10",",C","0",",C","26","2,C","0","1,C","0","1,C","26","1,C","1","1,C","0","1,C","0","1,C","19810416",",1,C","19810401",",2,C","19810418",",1,C","19810402",",,C","19810424",",1,C","-17.0","1,C,16,","200","2,,C,01,","10","1,,C,18,","23.4",",,C,02,","9.5","1,C,24,","","","538.7","1,C","123.8",",,,C","27","1,,,C","-0.24","1,C","3.78","1,,,C","-4.26","1,,,C"
"CA00704FFF5","1981-05","50.3","-64.3167","15.0","RIVIERE ST JEAN, QC CA","0.0","C","0.0",",C","12",",C","9",",C","1",",C","0",",C","0",",C","0",",C","13",",C","0",",C","0",",C","0",",C","19810508",",,C","19810531","+,,C","19810511",",,C","19810517",",,C","19810526",",,C","-5.0",",C,08,","0",",,C,31,+","3",",,C,11,","35.1",",,C,17,","20.5",",C,26,","","","388.6",",C","158.9",",,,C","3",",,,C","5.80",",C","10.56",",,,C","1.03",",,,C"
"CA00704FFF5","1981-06","50.3","-64.3167","15.0","RIVIERE ST JEAN, QC CA","0.0","C","0.0","1,C","15",",C","8",",C","2",",C","0",",C","0",",C","0","1,C","3","1,C","0","1,C","1","1,C","0","1,C","19810602","+,1,C","19810630","+,,C","19810630","+,,C","19810626",",,C","19810630",",1,C","-2.0","1,C,02,+","0",",,C,30,+","0",",,C,30,+","34.0",",,C,26,","21.5","1,C,30,","","","221.4","1,C","120.1",",,,C","0",",,,C","10.70","1,C","16.05","1,,,C","5.34","1,,,C"
"CA00704FFF5","1981-07","50.3","-64.3167","15.0","RIVIERE ST JEAN, QC CA","0.0","C","0.0","5,C","8","3,C","5","3,C","1","3,C","0",",C","0",",C","0","5,C","0","5,C","0","4,C","7","4,C","0","4,C","19810702",",5,C","19810731","+,,C","19810731","+,,C","19810721",",3,C","19810726",",4,C","1.5","5,C,02,","0",",,C,31,+","0",",,C,31,+","72.0","3,,C,21,","24.5","4,C,26,","104.9","C","104.9","4,C","116.3","3,,,C","0",",,,C","14.37","5,C","19.87","4,,,C","8.87","5,,,C"
"CA00704FFF5","1981-08","50.3","-64.3167","15.0","RIVIERE ST JEAN, QC CA","0.0","C","0.0","5,C","10",",C","6",",C","0",",C","0",",C","0",",C","0","3,C","0","3,C","0","3,C","1","3,C","0","3,C","19810828","+,3,C","19810831","+,,C","19810831","+,,C","19810815",",,C","19810813",",3,C","1.5","3,C,28,+","0",",,C,31,+","0",",,C,31,+","16.0",",,C,15,","21.5","3,C,13,","235.3","C","130.4","3,C","54.9",",,,C","0",",,,C","13.29","5,C","18.50","3,,,C","8.07","3,,,C"
"CA00704FFF5","1981-09","50.3","-64.3167","15.0","RIVIERE ST JEAN, QC CA","0.0","C","0.0","4,C","6","2,C","4","2,C","2","2,C","0",",C","0",",C","0","3,C","7","3,C","0","4,C","2","4,C","0","4,C","19810927",",3,C","19810930","+,,C","19810930","+,,C","19810909",",2,C","19810901",",4,C","-3.0","3,C,27,","0",",,C,30,+","0",",,C,30,+","34.0","2,,C,09,","24.5","4,C,01,","428.0","C","192.7","4,C","92.2","2,,,C","0",",,,C","10.79","4,C","15.60","4,,,C","5.98","3,,,C"
"CA00704FFF5","1981-10","50.3","-64.3167","15.0","RIVIERE ST JEAN, QC CA","","","","","","","","","","","0",",C","0",",C","","","","","","","","","","","","","19811031","+,,C","19811031","+,,C","","","","","","","0",",,C,31,+","0",",,C,31,+","","","","","","","","","","","0",",,,C","","","","","",""
"CA00704FFF5","1981-11","50.3","-64.3167","15.0","RIVIERE ST JEAN, QC CA","","","0.0","2,C","11",",C","6",",C","0",",C","11",",C","3",",C","0","2,C","26","2,C","3","1,C","0","1,C","0","1,C","19811130",",2,C","19811122",",,C","19811121",",,C","19811121",",,C","19811102",",1,C","-12.5","2,C,30,","100",",,C,22,","50",",,C,21,","16.3",",,C,21,","7.5","1,C,02,","","","551.6","1,C","45.6",",,,C","142",",,,C","-1.35","2,C","2.36","1,,,C","-5.07","2,,,C"
"CA00704FFF5","1981-12","50.3","-64.3167","15.0","RIVIERE ST JEAN, QC CA","","","","","12",",C","9",",C","2",",C","19","2,C","4",",C","5","2,C","24","2,C","17","3,C","0","3,C","0","3,C","19811227",",2,C","19811231","+,2,C","19811202",",,C","19811206",",,C","19811203",",3,C","-28.0","2,C,27,","220","2,,C,31,+","150",",,C,02,","33.2",",,C,06,","8.0","3,C,03,","","","","","122.8",",,,C","360",",,,C","-5.00","5,C","-0.39","3,,,C","-9.62","2,,,C"
"CA00704FFF5","1982-01","50.3","-64.3167","15.0","RIVIERE ST JEAN, QC CA","0.0","C","0.0","1,C","15",",C","10",",C","0",",C","31",",C","10",",C","19","1,C","30","1,C","26","1,C","0","1,C","0","1,C","19820118",",1,C","19820131",",,C","19820104",",,C","19820104",",,C","19820105",",1,C","-34.5","1,C,18,","450",",,C,31,","200",",,C,04,","24.2",",,C,04,","3.0","1,C,05,","","","974.5","1,C","86.6",",,,C","820",",,,C","-14.15","1,C","-8.88","1,,,C","-19.42","1,,,C"
"CA00704FFF5","1982-02","50.3","-64.3167","15.0","RIVIERE ST JEAN, QC CA","0.0","C","0.0","2,C","10",",C","5",",C","0",",C","","","5","3,C","19","1,C","27","1,C","27","1,C","0","1,C","0","1,C","19820209",",1,C","","","19820203","+,3,C","19820203","+,,C","19820222",",1,C","-33.0","1,C,09,","","","100","3,,C,03,+","10.0",",,C,03,+","-1.0","1,C,22,","","","873.9","1,C","43.3",",,,C","433","3,,,C","-15.35","2,C","-9.00","1,,,C","-21.70","1,,,C"
"CA00704FFF5","1982-03","50.3","-64.3167","15.0","RIVIERE ST JEAN, QC CA","0.0","C","0.0","5,C","10","3,C","5","3,C","0","3,C","31",",C","4","1,C","8","5,C","26","5,C","18","5,C","0","5,C","0","5,C","19820328",",5,C","19820314",",,C","19820313",",1,C","19820313",",3,C","19820325","+,5,C","-21.5","5,C,28,","780",",,C,14,","200","1,,C,13,","22.1","3,,C,13,","4.0","5,C,25,+","","","695.9","5,C","68.1","3,,,C","540","1,,,C","-8.43","5,C","-2.54","5,,,C","-14.33","5,,,C"
"CA00704FFF5","1982-04","50.3","-64.3167","15.0","RIVIERE ST JEAN, QC CA","0.0","C","0.0",",C","13",",C","7",",C","1",",C","30",",C","5",",C","0",",C","30",",C","5",",C","0",",C","0",",C","19820420","+,,C","19820405",",,C","19820404",",,C","19820417",",,C","19820428",",,C","-14.5",",C,20,+","720",",,C,05,","240",",,C,04,","28.0",",,C,17,","8.0",",C,28,","","","602.5",",C","111.2",",,,C","582",",,,C","-1.75",",C","2.22",",,,C","-5.72",",,,C"
"CA00704FFF5","1982-05","50.3","-64.3167","15.0","RIVIERE ST JEAN, QC CA","0.0","C","0.0","3,C","7",",C","5",",C","1",",C","15",",C","1",",C","0","3,C","16","3,C","0",",C","0",",C","0",",C","19820524","+,3,C","19820502",",,C","19820511",",,C","19820531",",,C","19820526",",,C","-5.0","3,C,24,+","450",",,C,02,","80",",,C,11,","32.4",",,C,31,","20.0",",C,26,","","","371.3",",C","64.5",",,,C","100",",,,C","5.19","3,C","9.77",",,,C","0.61","3,,,C"
"CA00704FFF5","1982-06","50.3","-64.3167","15.0","RIVIERE ST JEAN, QC CA","0.0","C","0.0","2,C","14",",C","13",",C","5",",C","0",",C","0",",C","0","2,C","6","2,C","0","2,C","0","2,C","0","2,C","19820604",",2,C","19820630","+,,C","19820630","+,,C","19820602",",,C","19820605",",2,C","-4.0","2,C,04,","0",",,C,30,+","0",",,C,30,+","37.3",",,C,02,","20.5","2,C,05,","","","262.1","2,C","202.9",",,,C","0",",,,C","8.97","2,C","13.59","2,,,C","4.36","2,,,C"
"CA00704FFF5","1982-07","50.3","-64.3167","15.0","RIVIERE ST JEAN, QC CA","0.0","C","0.0","4,C","10",",C","7",",C","0",",C","0",",C","0",",C","0","3,C","0","3,C","0","3,C","9","3,C","0","3,C","19820705",",3,C","19820731","+,,C","19820731","+,,C","19820717",",,C","19820714",",3,C","2.0","3,C,05,","0",",,C,31,+","0",",,C,31,+","20.9",",,C,17,","25.5","3,C,14,","106.7","C","106.7","3,C","81.3",",,,C","0",",,,C","14.41","4,C","19.45","3,,,C","9.38","3,,,C"
"CA00704FFF5","1982-08","50.3","-64.3167","15.0","RIVIERE ST JEAN, QC CA","0.0","C","0.0",",C","20",",C","9",",C","1",",C","0",",C","0",",C","0",",C","1",",C","0",",C","3",",C","0",",C","19820830",",,C","19820831","+,,C","19820831","+,,C","19820814",",,C","19820813","+,,C","0.0",",C,30,","0",",,C,31,+","0",",,C,31,+","28.0",",,C,14,","22.5",",C,13,+","296.3","C","189.6",",C","125.6",",,,C","0",",,,C","12.22",",C","17.24",",,,C","7.19",",,,C"
"CA00704FFF5","1982-09","50.3","-64.3167","15.0","RIVIERE ST JEAN, QC CA","0.0","C","0.0",",C","17",",C","7",",C","1",",C","0",",C","0",",C","0",",C","6",",C","0",",C","0",",C","0",",C","19820929","+,,C","19820930","+,,C","19820930","+,,C","19820903",",,C","19820911","+,,C","-3.0",",C,29,+","0",",,C,30,+","0",",,C,30,+","29.8",",,C,03,","19.5",",C,11,+","575.8","C","279.5",",C","88.4",",,,C","0",",,,C","9.02",",C","13.82",",,,C","4.22",",,,C"
"CA00704FFF5","1982-10","50.3","-64.3167","15.0","RIVIERE ST JEAN, QC CA","0.0","C","0.0",",C","13",",C","7",",C","0",",C","0",",C","0",",C","0",",C","18",",C","0",",C","0",",C","0",",C","19821024",",,C","19821024",",,C","19821023",",,C","19821014",",,C","19821004",",,C","-8.0",",C,24,","0",",T,C,24,","4",",,C,23,","15.4",",,C,14,","16.0",",C,04,","1026.9","C","451.1",",C","55.8",",,,C","6",",,,C","3.78",",C","8.35",",,,C","-0.79",",,,C"
"CA00704FFF5","1982-11","50.3","-64.3167","15.0","RIVIERE ST JEAN, QC CA","0.0","C","0.0","2,C","12",",C","7",",C","1",",C","1",",C","0",",C","1","1,C","25","1,C","9","2,C","0","2,C","0","2,C","19821127",",1,C","19821116",",,C","19821113",",,C","19821104",",,C","19821112",",2,C","-19.0","1,C,27,","30",",,C,16,","20",",,C,13,","45.2",",,C,04,","8.0","2,C,12,","1606.2","C","579.3","2,C","124.7",",,,C","30",",,,C","-2.31","2,C","1.41","2,,,C","-6.03","1,,,C"
"CA00704FFF5","1982-12","50.3","-64.3167","15.0","RIVIERE ST JEAN, QC CA","0.0","C","0.0",",C","13",",C","7",",C","0",",C","26",",C","5",",C","13",",C","31",",C","25",",C","0",",C","0",",C","19821213",",,C","19821222",",,C","19821220",",,C","19821220",",,C","19821204",",,C","-34.0",",C,13,","470",",,C,22,","130",",,C,20,","13.0",",,C,20,","5.5",",C,04,","2519.0","C","912.8",",C","76.0",",,,C","608",",,,C","-11.11",",C","-5.66",",,,C","-16.56",",,,C"
"CA00704FFF5","1983-01","50.3","-64.3167","15.0","RIVIERE ST JEAN, QC CA","0.0","C","0.0","1,C","10",",C","7",",C","0",",C","31",",C","6",",C","14",",C","31",",C","28","1,C","0","1,C","0","1,C","19830104",",,C","19830118",",,C","19830116",",,C","19830116",",,C","19830111",",1,C","-34.0",",C,04,","760",",,C,18,","250",",,C,16,","25.0",",,C,16,","3.5","1,C,11,","3433.7","C","914.7","1,C","93.8",",,,C","742",",,,C","-12.09","1,C","-6.90","1,,,C","-17.27",",,,C"
"CA00704FFF5","1983-02","50.3","-64.3167","15.0","RIVIERE ST JEAN, QC CA","0.0","C","0.0",",C","11",",C","7",",C","1",",C","28",",C","5",",C","14",",C","27",",C","26",",C","0",",C","0",",C","19830223",",,C","19830222",",,C","19830221",",,C","19830203",",,C","19830204","+,,C","-32.0",",C,23,","950",",,C,22,","160",",,C,21,","28.8",",,C,03,","3.5",",C,04,+","4291.5","C","857.8",",C","88.0",",,,C","464",",,,C","-12.30",",C","-5.63",",,,C","-18.98",",,,C"
"CA00704FFF5","1983-03","50.3","-64.3167","15.0","RIVIERE ST JEAN, QC CA","0.0","C","0.0",",C","11",",C","9",",C","0",",C","31",",C","3",",C","4",",C","30",",C","13",",C","0",",C","0",",C","19830307",",,C","19830331","+,,C","19830328",",,C","19830312",",,C","19830314",",,C","-22.5",",C,07,","1000",",,C,31,+","210",",,C,28,","21.4",",,C,12,","9.0",",C,14,","4981.6","C","690.1",",C","138.4",",,,C","520",",,,C","-3.93",",C","0.71",",,,C","-8.56",",,,C"
"CA00704FFF5","1983-04","50.3","-64.3167","15.0","RIVIERE ST JEAN, QC CA","0.0","C","0.0","2,C","16",",C","14",",C","2",",C","28","1,C","1",",C","0","1,C","17","1,C","0","2,C","0","2,C","0","2,C","19830401",",1,C","19830401",",1,C","19830411",",,C","19830425",",,C","19830422",",2,C","-16.5","1,C,01,","1000","1,,C,01,","80",",,C,11,","38.2",",,C,25,","11.0","2,C,22,","5432.2","C","450.6","2,C","171.4",",,,C","80",",,,C","2.13","2,C","5.80","2,,,C","-1.55","1,,,C"
"CA00704FFF5","1983-05","50.3","-64.3167","15.0","RIVIERE ST JEAN, QC CA","0.0","C","0.0",",C","19",",C","14",",C","0",",C","0",",C","0",",C","0",",C","7",",C","0",",C","0",",C","0",",C","19830523","+,,C","19830531","+,,C","19830531","+,,C","19830503",",,C","19830513",",,C","-2.0",",C,23,+","0",",,C,31,+","0",",,C,31,+","22.6",",,C,03,","15.5",",C,13,","5823.0","C","390.8",",C","122.0",",,,C","0",",,,C","5.73",",C","9.90",",,,C","1.55",",,,C"
"CA00704FFF5","1983-06","50.3","-64.3167","15.0","RIVIERE ST JEAN, QC CA","2.1","C","2.1",",C","15",",C","8",",C","1",",C","0",",C","0",",C","0",",C","1",",C","0",",C","4",",C","0",",C","19830609",",,C","19830630","+,,C","19830630","+,,C","19830606",",,C","19830620",",,C","0.0",",C,09,","0",",,C,30,+","0",",,C,30,+","30.0",",,C,06,","27.0",",C,20,","6018.1","C","195.1",",C","78.2",",,,C","0",",,,C","11.90",",C","17.05",",,,C","6.75",",,,C"
"CA00704FFF5","1983-07","50.3","-64.3167","15.0","RIVIERE ST JEAN, QC CA","5.3","C","3.2","2,C","17",",C","12",",C","0",",C","0",",C","0",",C","0","1,C","0","1,C","0","2,C","6","2,C","0","2,C","19830710",",1,C","19830731","+,,C","19830731","+,,C","19830717",",,C","19830705",",2,C","2.0","1,C,10,","0",",,C,31,+","0",",,C,31,+","8.8",",,C,17,","26.0","2,C,05,","106.8","C","106.8","2,C","73.2",",,,C","0",",,,C","14.74","2,C","19.71","2,,,C","9.77","1,,,C"
"CA00704FFF5","1983-08","50.3","-64.3167","15.0","RIVIERE ST JEAN, QC CA","5.3","C","0.0",",C","17",",C","11",",C","1",",C","0",",C","0",",C","0",",C","0",",C","0",",C","0",",C","0",",C","19830824",",,C","19830831","+,,C","19830831","+,,C","19830820",",,C","19830806",",,C","1.0",",C,24,","0",",,C,31,+","0",",,C,31,+","29.8",",,C,20,","21.0",",C,06,","264.9","C","158.1",",C","156.8",",,,C","0",",,,C","13.23",",C","17.42",",,,C","9.05",",,,C"
"CA00704FFF5","1983-09","50.3","-64.3167","15.0","RIVIERE ST JEAN, QC CA","5.3","C","0.0","2,C","15",",C","12",",C","0",",C","0",",C","0",",C","0","1,C","5","1,C","0","2,C","0","2,C","0","2,C","19830926",",1,C","19830930","+,,C","19830930","+,,C","19830906",",,C","19830905",",2,C","-3.0","1,C,26,","0",",,C,30,+","0",",,C,30,+","16.0",",,C,06,","18.5","2,C,05,","491.2","C","226.3","2,C","113.0",",,,C","0",",,,C","10.15","2,C","13.88","2,,,C","6.43","1,,,C"
"CA00704FFF5","1983-10","50.3","-64.3167","15.0","RIVIERE ST JEAN, QC CA","5.3","C","0.0","2,C","11",",C","10",",C","0",",C","0",",C","0",",C","0","2,C","17","2,C","0","2,C","0","2,C","0","2,C","19831026",",2,C","19831031","+,,C","19831030",",,C","19831005",",,C","19831013",",2,C","-7.0","2,C,26,","0",",,C,31,+","0",",T,C,30,","13.6",",,C,05,","14.0","2,C,13,","901.9","C","410.7","2,C","73.2",",,,C","0",",T,,C","4.17","2,C","7.86","2,,,C","0.48","2,,,C"
"CA00704FFF5","1983-11","50.3","-64.3167","15.0","RIVIERE ST JEAN, QC CA","5.3","C","0.0",",C","17",",C","11",",C","2",",C","20",",C","7",",C","0",",C","26",",C","10",",C","0",",C","0",",C","19831124",",,C","19831130",",,C","19831124",",,C","19831125",",,C","19831109",",,C","-11.5",",C,24,","260",",,C,30,","152",",,C,24,","51.0",",,C,25,","8.5",",C,09,","1501.6","C","599.7",",C","159.0",",,,C","626",",,,C","-1.66",",C","1.52",",,,C","-4.83",",,,C"
"CA00704FFF5","1983-12","50.3","-64.3167","15.0","RIVIERE ST JEAN, QC CA","5.3","C","0.0","1,C","14",",C","8",",C","2",",C","30","1,C","8",",C","14","1,C","30","1,C","27","1,C","0","1,C","0","1,C","19831219",",1,C","19831229",",1,C","19831226",",,C","19831226",",,C","19831207",",1,C","-33.5","1,C,19,","1060","1,,C,29,","350",",,C,26,","35.0",",,C,26,","2.5","1,C,07,","2398.1","C","896.5","1,C","139.8",",,,C","1332",",,,C","-11.55","1,C","-6.30","1,,,C","-16.80","1,,,C"
"CA00704FFF5","1984-01","50.3","-64.3167","15.0","RIVIERE ST JEAN, QC CA","0.0","C","0.0","4,C","8","3,C","1","3,C","0","3,C","28","3,C","1","3,C","24","3,C","28","3,C","28","3,C","0","3,C","0","3,C","19840113",",3,C","19840130","+,3,C","19840127",",3,C","19840127",",3,C","19840104",",3,C","-37.0","3,C,13,","1000","3,,C,30,+","80","3,,C,27,","8.0","3,,C,27,","-0.5","3,C,04,","3372.4","C","974.3","3,C","18.5","3,,,C","185","3,,,C","-17.70","4,C","-11.88","3,,,C","-23.52","3,,,C"
"CA00704FFF5","1984-02","50.3","-64.3167","15.0","RIVIERE ST JEAN, QC CA","0.0","C","0.0",",C","8",",C","6",",C","0",",C","27","2,C","6","1,C","10",",C","29",",C","21",",C","0",",C","0",",C","19840203",",,C","19840207",",2,C","19840220",",1,C","19840203",",,C","19840225",",,C","-37.5",",C,03,","1000","2,,C,07,","80","1,,C,20,","18.0",",,C,03,","3.0",",C,25,","4176.5","C","804.1",",C","47.0",",,,C","330","1,,,C","-9.39",",C","-4.26",",,,C","-14.53",",,,C"
"CA00704FFF5","1984-03","50.3","-64.3167","15.0","RIVIERE ST JEAN, QC CA","0.0","C","0.0",",C","14",",C","10",",C","0",",C","31",",C","8",",C","7",",C","31",",C","17",",C","0",",C","0",",C","19840311",",,C","19840315",",,C","19840314",",,C","19840314",",,C","19840328",",,C","-28.5",",C,11,","1250",",,C,15,","200",",,C,14,","20.0",",,C,14,","5.5",",C,28,","4963.3","C","786.8",",C","80.2",",,,C","640",",,,C","-7.05",",C","-2.31",",,,C","-11.79",",,,C"
"CA00704FFF5","1984-04","50.3","-64.3167","15.0","RIVIERE ST JEAN, QC CA","0.0","C","0.0",",C","6",",C","4",",C","2",",C","30",",C","2",",C","0",",C","29",",C","2",",C","0",",C","0",",C","19840405",",,C","19840403","+,,C","19840416","+,,C","19840406",",,C","19840427",",,C","-13.5",",C,05,","1000",",,C,03,+","30",",,C,16,+","74.0",",,C,06,","10.5",",C,27,","5512.3","C","549.0",",C","111.4",",,,C","100",",,,C","0.03",",C","4.70",",,,C","-4.63",",,,C"
"CA00704FFF5","1984-05","50.3","-64.3167","15.0","RIVIERE ST JEAN, QC CA","0.0","C","0.0",",C","17",",C","14",",C","2",",C","6",",C","0",",C","0",",C","11",",C","0",",C","0",",C","0",",C","19840508","+,,C","19840501",",,C","19840531","+,,C","19840512",",,C","19840523",",,C","-3.0",",C,08,+","300",",,C,01,","0",",,C,31,+","56.2",",,C,12,","16.0",",C,23,","5902.1","C","389.8",",C","174.5",",,,C","0",",,,C","5.76",",C","9.69",",,,C","1.82",",,,C"
"CA00704FFF5","1984-06","50.3","-64.3167","15.0","RIVIERE ST JEAN, QC CA","0.0","C","0.0",",C","11",",C","7",",C","1",",C","0",",C","0",",C","0",",C","0",",C","0",",C","0",",C","0",",C","19840614","+,,C","19840630","+,,C","19840630","+,,C","19840618",",,C","19840630","+,,C","0.5",",C,14,+","0",",,C,30,+","0",",,C,30,+","30.6",",,C,18,","19.0",",C,30,+","6132.6","C","230.5",",C","78.7",",,,C","0",",,,C","10.65",",C","15.20",",,,C","6.10",",,,C"
"CA00704FFF5","1984-07","50.3","-64.3167","15.0","RIVIERE ST JEAN, QC CA","0.9","C","0.9","2,C","13","2,C","7","2,C","0","2,C","0",",C","0",",C","0","1,C","0","1,C","0","2,C","3","2,C","0","2,C","19840726",",1,C","19840731","+,,C","19840731","+,,C","19840711",",2,C","19840707",",2,C","4.5","1,C,26,","0",",,C,31,+","0",",,C,31,+","12.6","2,,C,11,","24.0","2,C,07,","80.3","C","80.3","2,C","59.2","2,,,C","0",",,,C","15.57","2,C","19.57","2,,,C","11.57","1,,,C"
"CA00704FFF5","1984-08","50.3","-64.3167","15.0","RIVIERE ST JEAN, QC CA","2.0","C","1.1","2,C","11","1,C","4","1,C","0","1,C","0",",C","0","1,C","0","2,C","0","2,C","0","2,C","5","2,C","0","2,C","19840825",",2,C","19840831","+,,C","19840831","+,1,C","19840831",",1,C","19840803",",2,C","3.5","2,C,25,","0",",,C,31,+","0","1,,C,31,+","12.6","1,,C,31,","23.0","2,C,03,","166.3","C","86.0","2,C","38.3","1,,,C","0","1,,,C","15.41","2,C","20.02","2,,,C","10.79","2,,,C"
"CA00704FFF5","1984-09","50.3","-64.3167","15.0","RIVIERE ST JEAN, QC CA","2.0","C","0.0",",C","13",",C","10",",C","0",",C","0",",C","0",",C","0",",C","4",",C","0",",C","0",",C","0",",C","19840929","+,,C","19840930","+,,C","19840930","+,,C","19840905",",,C","19840902","+,,C","-2.0",",C,29,+","0",",,C,30,+","0",",,C,30,+","21.4",",,C,05,","18.5",",C,02,+","463.8","C","297.5",",C","104.1",",,,C","0",",,,C","8.42",",C","12.70",",,,C","4.13",",,,C"
"CA00704FFF5","1984-10","50.3","-64.3167","15.0","RIVIERE ST JEAN, QC CA","2.0","C","0.0","2,C","8","1,C","6","1,C","0","1,C","0",",C","0",",C","0","2,C","23","2,C","0","1,C","0","1,C","0","1,C","19841027",",2,C","19841031","+,,C","19841031","+,,C","19841027",",1,C","19841012",",1,C","-9.5","2,C,27,","0",",,C,31,+","0",",,C,31,+","8.0","1,,C,27,","12.0","1,C,12,","915.5","C","451.7","1,C","30.6","1,,,C","0",",,,C","2.71","2,C","7.10","1,,,C","-1.67","2,,,C"
"CA00704FFF5","1984-11","50.3","-64.3167","15.0","RIVIERE ST JEAN, QC CA","2.0","C","0.0",",C","12",",C","9",",C","0",",C","18","2,C","1","1,C","0",",C","28",",C","10",",C","0",",C","0",",C","19841117",",,C","19841113",",2,C","19841123",",1,C","19841112",",,C","19841106","+,,C","-15.5",",C,17,","80","2,,C,13,","30","1,,C,23,","22.8",",,C,12,","6.0",",C,06,+","1534.5","C","619.0",",C","91.1",",,,C","41","1,,,C","-2.30",",C","1.22",",,,C","-5.82",",,,C"
"CA00704FFF5","1984-12","50.3","-64.3167","15.0","RIVIERE ST JEAN, QC CA","2.0","C","0.0","4,C","8","4,C","7","4,C","0","4,C","28","1,C","6","4,C","17","4,C","27","4,C","22","4,C","0","4,C","0","4,C","19841228",",4,C","19841231","+,1,C","19841208",",4,C","19841208",",4,C","19841217",",4,C","-38.0","4,C,28,","450","1,,C,31,+","200","4,,C,08,","20.0","4,,C,08,","3.0","4,C,17,","2392.5","C","858.0","4,C","71.4","4,,,C","660","4,,,C","-13.44","4,C","-7.26","4,,,C","-19.63","4,,,C"
"CA00704FFF5","1985-01","50.3","-64.3167","15.0","RIVIERE ST JEAN, QC CA","0.0","C","0.0",",C","7",",C","3",",C","0",",C","31",",C","3",",C","19",",C","31",",C","31",",C","0",",C","0",",C","19850101",",,C","19850105","+,,C","19850120",",,C","19850120",",,C","19850122",",,C","-34.5",",C,01,","550",",,C,05,+","120",",,C,20,","12.0",",,C,20,","-5.0",",C,22,","3417.1","C","1024.6",",C","24.3",",,,C","243",",,,C","-14.72",",C","-9.87",",,,C","-19.56",",,,C"
"CA00704FFF5","1985-02","50.3","-64.3167","15.0","RIVIERE ST JEAN, QC CA","0.0","C","0.0","1,C","12","1,C","5","1,C","0","1,C","28",",C","5","1,C","10","1,C","26","1,C","23","1,C","0","1,C","0","1,C","19850206",",1,C","19850228","+,,C","19850222",",1,C","19850222",",1,C","19850210",",1,C","-33.5","1,C,06,","620",",,C,28,+","100","1,,C,22,","10.0","1,,C,22,","6.0","1,C,10,","4182.1","C","765.0","1,C","35.6","1,,,C","350","1,,,C","-10.00","1,C","-4.94","1,,,C","-15.06","1,,,C"
"CA00704FFF5","1985-03","50.3","-64.3167","15.0","RIVIERE ST JEAN, QC CA","0.0","C","0.0","3,C","8","3,C","3","3,C","0","3,C","28","3,C","3","4,C","6","2,C","29","2,C","15","3,C","0","3,C","0","3,C","19850306",",2,C","19850316","+,3,C","19850314",",4,C","19850313",",3,C","19850328",",3,C","-31.5","2,C,06,","800","3,,C,16,+","200","4,,C,14,","20.4","3,,C,13,","7.5","3,C,28,","4881.4","C","699.3","3,C","50.8","3,,,C","422","4,,,C","-6.98","3,C","-1.43","3,,,C","-12.53","2,,,C"
"CA00704FFF5","1985-04","50.3","-64.3167","15.0","RIVIERE ST JEAN, QC CA","0.0","C","0.0","2,C","5","1,C","1","1,C","0","1,C","29","1,C","1","1,C","1","2,C","25","2,C","9","1,C","0","1,C","0","1,C","19850414",",2,C","19850402","+,1,C","19850416",",1,C","19850416",",1,C","19850424",",1,C","-20.0","2,C,14,","580","1,,C,02,+","30","1,,C,16,","7.6","1,,C,16,","12.0","1,C,24,","5440.7","C","559.3","1,C","11.7","1,,,C","65","1,,,C","-1.65","2,C","3.03","1,,,C","-6.34","2,,,C"
"CA00704FFF5","1985-05","50.3","-64.3167","15.0","RIVIERE ST JEAN, QC CA","0.0","C","0.0","3,C","10","3,C","8","3,C","0","3,C","2",",C","1",",C","0","2,C","16","2,C","0","3,C","0","3,C","0","3,C","19850506",",2,C","19850513","+,,C","19850512",",,C","19850531",",3,C","19850524","+,3,C","-7.0","2,C,06,","30",",,C,13,+","30",",,C,12,","19.0","3,,C,31,","15.0","3,C,24,+","5822.8","C","382.1","3,C","88.0","3,,,C","50",",,,C","4.76","3,C","9.54","3,,,C","-0.02","2,,,C"
"CA00704FFF5","1985-06","50.3","-64.3167","15.0","RIVIERE ST JEAN, QC CA","0.0","C","0.0",",C","10",",C","9",",C","1",",C","0",",C","0",",C","0",",C","1",",C","0",",C","2",",C","0",",C","19850604",",,C","19850630","+,,C","19850630","+,,C","19850601",",,C","19850630","+,,C","0.0",",C,04,","0",",,C,30,+","0",",,C,30,+","30.2",",,C,01,","21.5",",C,30,+","6040.3","C","217.5",",C","89.1",",,,C","0",",,,C","11.08",",C","15.90",",,,C","6.27",",,,C"
"CA00704FFF5","1985-07","50.3","-64.3167","15.0","RIVIERE ST JEAN, QC CA","0.0","C","0.0",",C","20",",C","12",",C","3",",C","0",",C","0",",C","0",",C","0",",C","0",",C","6",",C","0",",C","19850724",",,C","19850731","+,,C","19850731","+,,C","19850726",",,C","19850720","+,,C","5.0",",C,24,","0",",,C,31,+","0",",,C,31,+","48.2",",,C,26,","23.0",",C,20,+","114.8","C","114.8",",C","213.0",",,,C","0",",,,C","14.63",",C","19.02",",,,C","10.24",",,,C"
"CA00704FFF5","1985-08","50.3","-64.3167","15.0","RIVIERE ST JEAN, QC CA","1.4","C","1.4","2,C","7","2,C","6","2,C","0","2,C","0",",C","0",",C","0","2,C","0","2,C","0","2,C","4","2,C","0","2,C","19850831","+,2,C","19850831","+,,C","19850831","+,,C","19850811",",2,C","19850808",",2,C","4.0","2,C,31,+","0",",,C,31,+","0",",,C,31,+","24.0","2,,C,11,","24.5","2,C,08,","228.1","C","113.3","2,C","70.2","2,,,C","0",",,,C","14.47","2,C","18.64","2,,,C","10.31","2,,,C"
"CA00704FFF5","1985-09","50.3","-64.3167","15.0","RIVIERE ST JEAN, QC CA","1.4","C","0.0","3,C","7","2,C","5","2,C","1","2,C","0",",C","0",",C","0","1,C","3","1,C","0","3,C","0","3,C","0","3,C","19850923",",1,C","19850930","+,,C","19850930","+,,C","19850927",",2,C","19850919","+,3,C","-1.0","1,C,23,","0",",,C,30,+","0",",,C,30,+","54.0","2,,C,27,","18.0","3,C,19,+","462.6","C","234.5","3,C","91.2","2,,,C","0",",,,C","9.73","3,C","14.41","3,,,C","5.05","1,,,C"
"CA00704FFF5","1985-10","50.3","-64.3167","15.0","RIVIERE ST JEAN, QC CA","1.4","C","0.0","2,C","9",",C","7",",C","1",",C","0",",C","1",",C","0","2,C","14","2,C","1","2,C","0","2,C","0","2,C","19851030",",2,C","19851028",",,C","19851027",",,C","19851005",",,C","19851006",",2,C","-12.0","2,C,30,","20",",,C,28,","30",",,C,27,","58.0",",,C,05,","10.5","2,C,06,","899.8","C","437.2","2,C","105.6",",,,C","30",",,,C","3.26","2,C","6.74","2,,,C","-0.22","2,,,C"
"CA00704FFF5","1985-11","50.3","-64.3167","15.0","RIVIERE ST JEAN, QC CA","1.4","C","0.0",",C","9",",C","5",",C","0",",C","18",",C","3",",C","2",",C","27",",C","16",",C","0",",C","0",",C","19851116",",,C","19851120","+,,C","19851112",",,C","19851120",",,C","19851101",",,C","-18.5",",C,16,","150",",,C,20,+","60",",,C,12,","19.3",",,C,20,","12.5",",C,01,","1571.0","C","671.2",",C","54.1",",,,C","150",",,,C","-4.04",",C","0.08",",,,C","-8.17",",,,C"
"CA00704FFF5","1985-12","50.3","-64.3167","15.0","RIVIERE ST JEAN, QC CA","","","","","11","4,C","7","4,C","0","4,C","28","3,C","5","5,C","16","5,C","26","5,C","25","4,C","0","4,C","0","4,C","19851217",",5,C","19851231",",3,C","19851224",",5,C","19851225",",4,C","19851202",",4,C","-34.0","5,C,17,","680","3,,C,31,","150","5,,C,24,","17.0","4,,C,25,","4.0","4,C,02,","","","","","74.6","4,,,C","546","5,,,C","-13.49","6,C","-7.87","4,,,C","-19.12","5,,,C"
"CA00704FFF5","1986-01","50.3","-64.3167","15.0","RIVIERE ST JEAN, QC CA","0.0","","0.0","4,C","15","1,C","9","1,C","1","1,C","27","4,C","5","3,C","14","4,C","27","4,C","27","1,C","0","1,C","0","1,C","19860124",",4,C","19860127",",4,C","19860126",",3,C","19860126",",1,C","19860128","+,1,C","-35.0","4,C,24,","1250","4,,C,27,","530","3,,C,26,","53.0","1,,C,26,","5.0","1,C,28,+","","","839.7","1,C","134.0","1,,,C","890","3,,,C","-12.83","4,C","-7.00","1,,,C","-18.67","4,,,C"
"CA00704FFF5","1986-02","50.3","-64.3167","15.0","RIVIERE ST JEAN, QC CA","0.0","","0.0","2,C","8",",C","7",",C","0",",C","28",",C","7",",C","13","2,C","26","2,C","26",",C","0",",C","0",",C","19860204",",2,C","19860228","+,,C","19860202",",,C","19860202",",,C","19860221",",,C","-30.0","2,C,04,","1200",",,C,28,+","200",",,C,02,","20.0",",,C,02,","1.0",",C,21,","","","792.4",",C","60.0",",,,C","600",",,,C","-12.25","2,C","-6.63",",,,C","-17.88","2,,,C"
"CA00704FFF5","1986-03","50.3","-64.3167","15.0","RIVIERE ST JEAN, QC CA","","","","","8",",C","5",",C","0",",C","29","2,C","4",",C","","","","","22","4,C","0","4,C","0","4,C","","","19860302",",2,C","19860319","+,,C","19860319",",,C","19860319",",4,C","","","1250","2,,C,02,","50",",,C,19,+","10.4",",,C,19,","2.0","4,C,19,","","","","","35.6",",,,C","260",",,,C","","","-4.19","4,,,C","",""
