"STATION","DATE","LATITUDE","LONGITUDE","ELEVATION","NAME","CDSD","CDSD_ATTRIBUTES","CLDD","CLDD_ATTRIBUTES","DP01","DP01_ATTRIBUTES","DP10","DP10_ATTRIBUTES","DP1X","DP1X_ATTRIBUTES","DSND","DSND_ATTRIBUTES","DSNW","DSNW_ATTRIBUTES","DT00","DT00_ATTRIBUTES","DT32","DT32_ATTRIBUTES","DX32","DX32_ATTRIBUTES","DX70","DX70_ATTRIBUTES","DX90","DX90_ATTRIBUTES","DYNT","DYNT_ATTRIBUTES","DYSD","DYSD_ATTRIBUTES","DYSN","DYSN_ATTRIBUTES","DYTS","DYTS_ATTRIBUTES","DYXP","DYXP_ATTRIBUTES","DYXT","DYXT_ATTRIBUTES","EMNT","EMNT_ATTRIBUTES","EMSD","EMSD_ATTRIBUTES","EMSN","EMSN_ATTRIBUTES","EMXP","EMXP_ATTRIBUTES","EMXT","EMXT_ATTRIBUTES","HDSD","HDSD_ATTRIBUTES","HTDD","HTDD_ATTRIBUTES","PRCP","PRCP_ATTRIBUTES","SNOW","SNOW_ATTRIBUTES","TAVG","TAVG_ATTRIBUTES","TMAX","TMAX_ATTRIBUTES","TMIN","TMIN_ATTRIBUTES"
"FMC00914665","1956-01","6.93333","158.31667","24.1","OA, FM FM","","","","","19",",0","14",",0","4",",0","0",",0","0",",0","","","","","","","","","","","","","19560131","+,,0","19560131","+,,0","","","19560121",",,0","","","","","0",",,0,31,+","0",",,0,31,+","116.3",",,0,21,","","","","","","","378.7",",,,0","0",",,,0","","","","","",""
"FMC00914665","1956-02","6.93333","158.31667","24.1","OA, FM FM","","","","","21",",0","12",",0","0",",0","0",",0","0",",0","","","","","","","","","","","","","19560229","+,,0","19560229","+,,0","","","19560206",",,0","","","","","0",",,0,29,+","0",",,0,29,+","21.1",",,0,06,","","","","","","","99.5",",,,0","0",",,,0","","","","","",""
"FMC00914665","1956-03","6.93333","158.31667","24.1","OA, FM FM","","","","","23",",0","17",",0","3",",0","0",",0","0",",0","","","","","","","","","","","","","19560331","+,,0","19560331","+,,0","","","19560330",",,0","","","","","0",",,0,31,+","0",",,0,31,+","129.0",",,0,30,","","","","","","","367.1",",,,0","0",",,,0","","","","","",""
"FMC00914665","1956-04","6.93333","158.31667","24.1","OA, FM FM","","","","","29",",0","24",",0","7",",0","0",",0","0",",0","","","","","","","","","","","","","19560430","+,,0","19560430","+,,0","","","19560409",",,0","","","","","0",",,0,30,+","0",",,0,30,+","86.4",",,0,09,","","","","","","","458.2",",,,0","0",",,,0","","","","","",""
"FMC00914665","1956-05","6.93333","158.31667","24.1","OA, FM FM","","","","","26",",0","22",",0","6",",0","0",",0","0",",0","","","","","","","","","","","","","19560531","+,,0","19560531","+,,0","","","19560525",",,0","","","","","0",",,0,31,+","0",",,0,31,+","50.8",",,0,25,","","","","","","","399.0",",,,0","0",",,,0","","","","","",""
"FMC00914665","1956-06","6.93333","158.31667","24.1","OA, FM FM","","","","","29",",0","22",",0","2",",0","0",",0","0",",0","","","","","","","","","","","","","19560630","+,,0","19560630","+,,0","","","19560607",",,0","","","","","0",",,0,30,+","0",",,0,30,+","56.6",",,0,07,","","","","","","","304.3",",,,0","0",",,,0","","","","","",""
"FMC00914665","1956-07","6.93333","158.31667","24.1","OA, FM FM","","","","","26",",0","15",",0","1",",0","0",",0","0",",0","","","","","","","","","","","","","19560731","+,,0","19560731","+,,0","","","19560706",",,0","","","","","0",",,0,31,+","0",",,0,31,+","30.2",",,0,06,","","","","","","","158.9",",,,0","0",",,,0","","","","","",""
"FMC00914665","1956-09","6.93333","158.31667","24.1","OA, FM FM","","","","","27",",0","21",",0","3",",0","0",",0","0",",0","","","","","","","","","","","","","19560930","+,,0","19560930","+,,0","","","19560921",",,0","","","","","0",",,0,30,+","0",",,0,30,+","46.5",",,0,21,","","","","","","","303.1",",,,0","0",",,,0","","","","","",""
"FMC00914665","1956-10","6.93333","158.31667","24.1","OA, FM FM","","","283.7",",0","27",",0","21",",0","5",",0","0",",0","0",",0","0",",0","0",",0","0",",0","31",",0","15",",0","19561029",",,0","19561031","+,,0","19561031","+,,0","","","19561013",",,0","19561027","+,,0","20.0",",0,29,","0",",,0,31,+","0",",,0,31,+","77.7",",,0,13,","33.3",",0,27,+","","","0.0",",0","378.0",",,,0","0",",,,0","27.49",",0","31.56",",,,0","23.41",",,,0"
"FMC00914665","1956-11","6.93333","158.31667","24.1","OA, FM FM","","","290.2",",0","29",",0","20",",0","6",",0","0",",0","0",",0","0",",0","0",",0","0",",0","30",",0","13",",0","19561126",",,0","19561130","+,,0","19561130","+,,0","","","19561124",",,0","19561113","+,,0","21.7",",0,26,","0",",,0,30,+","0",",,0,30,+","80.3",",,0,24,","33.9",",0,13,+","","","0.0",",0","467.0",",,,0","0",",,,0","28.01",",0","31.93",",,,0","24.08",",,,0"
"FMC00914665","1957-01","6.93333","158.31667","24.1","OA, FM FM","","","","","20",",0","14",",0","2",",0","0",",0","0",",0","0","1,","0","1,0","","","","","","","19570102","+,1,0","19570131","+,,0","19570131","+,,0","","","19570121",",,0","","","22.2","1,0,02,+","0",",,0,31,+","0",",,0,31,+","34.5",",,0,21,","","","","","","","174.7",",,,0","0",",,,0","","","","","24.68","1,,,0"
"FMC00914665","1957-02","6.93333","158.31667","24.1","OA, FM FM","","","","","19",",0","15",",0","3",",0","0",",0","0",",0","0",",0","0",",0","","","","","","","19570220",",,0","19570228","+,,0","19570228","+,,0","","","19570220",",,0","","","22.8",",0,20,","0",",,0,28,+","0",",,0,28,+","55.9",",,0,20,","","","","","","","229.7",",,,0","0",",,,0","","","","","24.62",",,,0"
"FMC00914665","1957-03","6.93333","158.31667","24.1","OA, FM FM","","","272.1","1,0","21","2,0","12","2,0","3","2,0","0",",0","0",",0","0","1,0","0","1,0","0","1,0","30","1,0","1","1,0","19570331","+,1,0","19570331","+,,0","19570331","+,,0","","","19570330",",2,0","19570329",",1,0","23.3","1,0,31,+","0",",,0,31,+","0",",,0,31,+","73.9","2,,0,30,","32.2","1,0,29,","","","0.0","1,0","211.4",",a,,0","0",",,,0","27.40","1,0","29.85","1,,,0","24.96","1,,,0"
"FMC00914665","1957-04","6.93333","158.31667","24.1","OA, FM FM","","","246.0","4,0","21",",0","11",",0","1",",0","0",",0","0",",0","0","1,0","0","1,0","0","4,0","26","4,0","3","4,0","19570428","+,1,0","19570430","+,,0","19570430","+,,0","","","19570418",",,0","19570415",",4,0","22.8","1,0,28,+","0",",,0,30,+","0",",,0,30,+","39.1",",,0,18,","32.8","4,0,15,","","","0.0","4,0","136.7",",,,0","0",",,,0","27.80","4,0","30.68","4,,,0","24.92","1,,,0"
"FMC00914665","1957-05","6.93333","158.31667","24.1","OA, FM FM","","","","","24","4,0","16","4,0","5","4,0","0",",0","0",",0","","","","","","","","","","","","","19570531","+,,0","19570531","+,,0","","","19570505",",4,0","","","","","0",",,0,31,+","0",",,0,31,+","39.4","4,,0,05,","","","","","","","297.7",",a,,0","0",",,,0","","","","","",""
"FMC00914665","1957-06","6.93333","158.31667","24.1","OA, FM FM","","","","","","","","","","","0",",0","0",",0","","","","","","","","","","","","","19570630","+,,0","19570630","+,,0","","","","","","","","","0",",,0,30,+","0",",,0,30,+","","","","","","","","","331.5","3,a,,0","0",",,,0","","","","","",""
"FMC00914665","1957-07","6.93333","158.31667","24.1","OA, FM FM","","","","","","","","","","","0",",0","0",",0","","","","","","","","","","","","","19570731","+,,0","19570731","+,,0","","","","","","","","","0",",,0,31,+","0",",,0,31,+","","","","","","","","","","","0",",,,0","","","","","",""
"FMC00914665","1957-08","6.93333","158.31667","24.1","OA, FM FM","","","291.5","1,0","22",",0","21",",0","4",",0","0",",0","0",",0","0",",0","0",",0","0","1,0","30","1,0","17","1,0","19570822",",,0","19570831","+,,0","19570831","+,,0","","","19570826",",,0","19570830","+,1,0","22.2",",0,22,","0",",,0,31,+","0",",,0,31,+","49.5",",,0,26,","34.4","1,0,30,+","","","0.0","1,0","355.3",",,,0","0",",,,0","28.06","1,0","31.72","1,,,0","24.40",",,,0"
"FMC00914665","1957-09","6.93333","158.31667","24.1","OA, FM FM","","","299.3",",0","26",",0","16",",0","3",",0","0",",0","0",",0","0",",0","0",",0","0",",0","30",",0","20",",0","19570921","+,,0","19570930","+,,0","19570930","+,,0","","","19570915",",,0","19570907","+,,0","23.3",",0,21,+","0",",,0,30,+","0",",,0,30,+","48.3",",,0,15,","33.9",",0,07,+","","","0.0",",0","238.4",",,,0","0",",,,0","28.31",",0","32.19",",,,0","24.42",",,,0"
"FMC00914665","1957-10","6.93333","158.31667","24.1","OA, FM FM","","","304.0",",0","23",",0","17",",0","1",",0","0",",0","0",",0","0",",0","0",",0","0",",0","31",",0","17",",0","19571018","+,,0","19571031","+,,0","19571031","+,,0","","","19571004",",,0","19571011",",,0","22.8",",0,18,+","0",",,0,31,+","0",",,0,31,+","35.3",",,0,04,","33.9",",0,11,","","","0.0",",0","226.7",",,,0","0",",,,0","28.14",",0","31.84",",,,0","24.45",",,,0"
"FMC00914665","1957-11","6.93333","158.31667","24.1","OA, FM FM","","","279.2",",0","23",",0","12",",0","3",",0","0",",0","0",",0","0",",0","0",",0","0",",0","30",",0","9",",0","19571113",",,0","19571130","+,,0","19571130","+,,0","","","19571112",",,0","19571129",",,0","21.1",",0,13,","0",",,0,30,+","0",",,0,30,+","210.8",",,0,12,","36.7",",0,29,","","","0.0",",0","594.2",",,,0","0",",,,0","27.64",",0","31.06",",,,0","24.22",",,,0"
"FMC00914665","1957-12","6.93333","158.31667","24.1","OA, FM FM","","","302.7",",0","6",",0","1",",0","0",",0","0",",0","0",",0","0",",0","0",",0","0",",0","31",",0","7",",0","19571219",",,0","19571231","+,,0","19571231","+,,0","","","19571230",",,0","19571229","+,,0","23.3",",0,19,","0",",,0,31,+","0",",,0,31,+","11.2",",,0,30,","32.8",",0,29,+","","","0.0",",0","14.8",",,,0","0",",,,0","28.10",",0","31.08",",,,0","25.11",",,,0"
"FMC00914665","1958-01","6.93333","158.31667","24.1","OA, FM FM","282.6","0","282.6",",0","18",",0","11",",0","4",",0","0",",0","0",",0","0",",0","0",",0","0",",0","31",",0","0",",0","19580112",",,0","19580131","+,,0","19580131","+,,0","","","19580110",",,0","19580131","+,,0","21.7",",0,12,","0",",,0,31,+","0",",,0,31,+","114.6",",,0,10,","31.7",",0,31,+","","","0.0",",0","307.2",",,,0","0",",,,0","27.45",",0","30.38",",,,0","24.51",",,,0"
"FMC00914665","1958-02","6.93333","158.31667","24.1","OA, FM FM","529.3","0","246.7","1,0","15",",0","8",",0","3",",0","0",",0","0",",0","0",",0","0",",0","0","1,0","27","1,0","1","1,0","19580220",",,0","19580228","+,,0","19580228","+,,0","","","19580223",",,0","19580222",",1,0","21.1",",0,20,","0",",,0,28,+","0",",,0,28,+","78.0",",,0,23,","32.2","1,0,22,","","","0.0","1,0","245.6",",,,0","0",",,,0","27.41","1,0","30.54","1,,,0","24.28",",,,0"
"FMC00914665","1958-03","6.93333","158.31667","24.1","OA, FM FM","781.6","0","252.3","3,0","18","2,0","10","2,0","3","2,0","0",",0","0",",0","0","3,0","0","3,0","0","3,0","28","3,0","4","3,0","19580302",",3,0","19580331","+,,0","19580331","+,,0","","","19580301",",2,0","19580329","+,3,0","22.2","3,0,02,","0",",,0,31,+","0",",,0,31,+","53.1","2,,0,01,","32.2","3,0,29,+","","","0.0","3,0","307.1",",a,,0","0",",,,0","27.34","3,0","30.50","3,,,0","24.18","3,,,0"
"FMC00914665","1958-09","6.93333","158.31667","24.1","OA, FM FM","","","","","19","4,0","17","4,0","3","4,0","0",",0","0",",0","0","3,0","0","3,0","","","","","","","19580913",",3,0","19580930","+,,0","19580930","+,,0","","","19580905",",4,0","","","20.6","3,0,13,","0",",,0,30,+","0",",,0,30,+","33.0","4,,0,05,","","","","","","","248.1",",a,,0","0",",,,0","","","","","22.62","3,,,0"
"FMC00914665","1958-10","6.93333","158.31667","24.1","OA, FM FM","","","240.1","1,0","23",",0","17",",0","4",",0","0",",0","0",",0","0",",0","0",",0","0","1,0","30","1,0","8","1,0","19581013",",,0","19581031","+,,0","19581031","+,,0","","","19581026",",,0","19581005",",1,0","20.6",",0,13,","0",",,0,31,+","0",",,0,31,+","43.9",",,0,26,","33.3","1,0,05,","","","0.0","1,0","325.2",",,,0","0",",,,0","26.32","1,0","30.07","1,,,0","22.57",",,,0"
"FMC00914665","1958-11","6.93333","158.31667","24.1","OA, FM FM","","","203.8","1,0","27",",0","25",",0","6",",0","0",",0","0",",0","0","1,0","0","1,0","0","1,0","29","1,0","1","1,0","19581130",",1,0","19581130","+,,0","19581130","+,,0","","","19581122",",,0","19581120",",1,0","18.3","1,0,30,","0",",,0,30,+","0",",,0,30,+","116.8",",,0,22,","33.3","1,0,20,","","","0.0","1,0","537.5",",,,0","0",",,,0","25.36","1,0","28.82","1,,,0","21.90","1,,,0"
"FMC00914665","1958-12","6.93333","158.31667","24.1","OA, FM FM","","","","","","","","","","","0",",0","0",",0","","","","","","","","","","","","","19581231","+,,0","19581231","+,,0","","","","","","","","","0",",,0,31,+","0",",,0,31,+","","","","","","","","","187.1","3,a,,0","0",",,,0","","","","","",""
"FMC00914665","1959-01","6.93333","158.31667","24.1","OA, FM FM","228.1","0","228.1","3,0","9","2,0","6","2,0","0","2,0","0",",0","0",",0","0","2,0","0","2,0","0","3,0","28","3,0","14","3,0","19590122","+,2,0","19590131","+,,0","19590131","+,,0","","","19590131",",2,0","19590128","+,3,0","20.6","2,0,22,+","0",",,0,31,+","0",",,0,31,+","16.0","2,,0,31,","33.3","3,0,28,+","","","0.0","3,0","44.9","2,,,0","0",",,,0","26.47","3,0","31.15","3,,,0","21.79","2,,,0"
"FMC00914665","1959-02","6.93333","158.31667","24.1","OA, FM FM","","","","","","","","","","","0",",0","0",",0","","","","","","","","","","","","","19590228","+,,0","19590228","+,,0","","","","","","","","","0",",,0,28,+","0",",,0,28,+","","","","","","","","","260.2",",a,,0","0",",,,0","","","","","",""
"FMC00914665","1959-03","6.93333","158.31667","24.1","OA, FM FM","","","232.2",",0","18",",0","17",",0","5",",0","0",",0","0",",0","0",",0","0",",0","0",",0","31",",0","4",",0","19590329","+,,0","19590331","+,,0","19590331","+,,0","","","19590327",",,0","19590331",",,0","19.4",",0,29,+","0",",,0,31,+","0",",,0,31,+","134.1",",,0,27,","33.3",",0,31,","","","0.0",",0","399.6",",,,0","0",",,,0","25.82",",0","29.96",",,,0","21.69",",,,0"
"FMC00914665","1959-04","6.93333","158.31667","24.1","OA, FM FM","","","219.2",",0","23",",0","23",",0","11",",0","0",",0","0",",0","0",",0","0",",0","0",",0","30",",0","4",",0","19590401",",,0","19590430","+,,0","19590430","+,,0","","","19590430",",,0","19590426",",,0","19.4",",0,01,","0",",,0,30,+","0",",,0,30,+","91.4",",,0,30,","33.3",",0,26,","","","0.0",",0","643.5",",,,0","0",",,,0","25.64",",0","29.83",",,,0","21.45",",,,0"
"FMC00914665","1959-05","6.93333","158.31667","24.1","OA, FM FM","","","237.0","2,0","24","2,0","19","2,0","3","2,0","0",",0","0",",0","0","1,0","0","1,0","0","2,0","29","2,0","11","2,0","19590501",",1,0","19590531","+,,0","19590531","+,,0","","","19590523",",2,0","19590516",",2,0","20.0","1,0,01,","0",",,0,31,+","0",",,0,31,+","33.5","2,,0,23,","33.9","2,0,16,","","","0.0","2,0","363.0",",a,,0","0",",,,0","26.50","2,0","31.15","2,,,0","21.86","1,,,0"
"FMC00914665","1959-06","6.93333","158.31667","24.1","OA, FM FM","","","188.9","3,0","23",",0","21",",0","5",",0","0",",0","0",",0","0","2,0","0","2,0","0","2,0","28","2,0","1","2,0","19590622",",2,0","19590630","+,,0","19590630","+,,0","","","19590605",",,0","19590603",",2,0","19.4","2,0,22,","0",",,0,30,+","0",",,0,30,+","101.6",",,0,05,","32.2","2,0,03,","","","0.0","2,0","375.5",",,,0","0",",,,0","25.34","3,0","28.67","2,,,0","22.00","2,,,0"
"FMC00914665","1959-07","6.93333","158.31667","24.1","OA, FM FM","","","192.3","2,0","21",",0","16",",0","7",",0","0",",0","0",",0","0","2,0","0","2,0","0","1,0","30","1,0","0","1,0","19590730","+,2,0","19590731","+,,0","19590731","+,,0","","","19590705",",,0","19590703",",1,0","19.4","2,0,30,+","0",",,0,31,+","0",",,0,31,+","62.5",",,0,05,","31.1","1,0,03,","0.0","0","0.0","1,0","432.6",",,,0","0",",,,0","24.97","2,0","27.89","1,,,0","22.06","2,,,0"
"FMC00914665","1959-08","6.93333","158.31667","24.1","OA, FM FM","","","","","16",",0","9",",0","3",",0","0",",0","0",",0","","","","","","","","","","","","","19590831","+,,0","19590831","+,,0","","","19590810",",,0","","","","","0",",,0,31,+","0",",,0,31,+","43.4",",,0,10,","","","","","","","162.8",",,,0","0",",,,0","","","","","",""
"FMC00914665","1959-09","6.93333","158.31667","24.1","OA, FM FM","","","","","18",",0","15",",0","4",",0","0",",0","0",",0","0","2,0","0","2,0","","","","","","","19590912",",2,0","19590930","+,,0","19590930","+,,0","1","","19590928",",,0","","","18.9","2,0,12,","0",",,0,30,+","0",",,0,30,+","63.2",",,0,28,","","","","","","","322.8",",,,0","0",",,,0","","","","","21.51","2,,,0"
"FMC00914665","1959-10","6.93333","158.31667","24.1","OA, FM FM","","","237.5","2,0","12",",0","12",",0","3",",0","0",",0","0",",0","0","2,0","0","2,0","0","2,0","29","2,0","8","2,0","19591002",",2,0","19591031","+,,0","19591031","+,,0","","","19591008",",,0","19591002","+,2,0","20.0","2,0,02,","0",",,0,31,+","0",",,0,31,+","51.3",",,0,08,","33.3","2,0,02,+","","","0.0","2,0","195.4",",,,0","0",",,,0","26.52","2,0","30.22","2,,,0","22.82","2,,,0"
"FMC00914665","1959-11","6.93333","158.31667","24.1","OA, FM FM","","","203.5","3,0","11","5,0","11","5,0","1","5,0","0",",0","0",",0","0","3,0","0","3,0","0","3,0","27","3,0","3","3,0","19591130","+,3,0","19591130","+,,0","19591130","+,,0","","","19591125",",5,0","19591123",",3,0","20.6","3,0,30,+","0",",,0,30,+","0",",,0,30,+","71.6","5,,0,25,","32.8","3,0,23,","","","0.0","3,0","206.7",",a,,0","0",",,,0","25.87","3,0","29.20","3,,,0","22.53","3,,,0"
"FMC00914665","1959-12","6.93333","158.31667","24.1","OA, FM FM","","","241.5","1,0","16",",0","15",",0","5",",0","0",",0","0",",0","0",",0","0",",0","0","1,0","30","1,0","2","1,0","19591216","+,,0","19591231","+,,0","19591231","+,,0","","","19591215",",,0","19591227","+,1,0","20.0",",0,16,+","0",",,0,31,+","0",",,0,31,+","110.0",",,0,15,","32.2","1,0,27,+","","","0.0","1,0","355.8",",,,0","0",",,,0","26.36","1,0","30.16","1,,,0","22.55",",,,0"
"FMC00914665","1960-01","6.93333","158.31667","24.1","OA, FM FM","233.6","0","233.6","5,0","15","4,0","14","4,0","2","4,0","0",",0","0",",0","0","3,0","0","3,0","0","5,0","26","5,0","0","5,0","19600104",",3,0","19600131","+,,0","19600131","+,,0","","","19600122",",4,0","19600122","+,5,0","21.7","3,0,04,","0",",,0,31,+","0",",,0,31,+","50.8","4,,0,22,","31.7","5,0,22,+","","","0.0","5,0","341.2",",a,,0","0",",,,0","27.33","5,0","30.50","5,,,0","24.16","3,,,0"
"FMC00914665","1960-02","6.93333","158.31667","24.1","OA, FM FM","481.6","0","248.0",",0","10",",0","9",",0","3",",0","0",",0","0",",0","0",",0","0",",0","0",",0","29",",0","1",",0","19600212",",,0","19600229","+,,0","19600229","+,,0","","","19600218",",,0","19600228",",,0","21.7",",0,12,","0",",,0,29,+","0",",,0,29,+","73.7",",,0,18,","32.2",",0,28,","","","0.0",",0","229.6",",,,0","0",",,,0","26.88",",0","30.37",",,,0","23.40",",,,0"
"FMC00914665","1960-03","6.93333","158.31667","24.1","OA, FM FM","707.9","0","226.3","4,0","11","3,0","10","3,0","3","3,0","0",",0","0",",0","0","4,0","0","4,0","0","4,0","27","4,0","6","4,0","19600328","+,4,0","19600331","+,,0","19600331","+,,0","","","19600306",",3,0","19600312",",4,0","21.1","4,0,28,+","0",",,0,31,+","0",",,0,31,+","136.4","3,,0,06,","32.8","4,0,12,","","","0.0","4,0","336.3",",a,,0","0",",,,0","26.71","4,0","30.92","4,,,0","22.51","4,,,0"
"FMC00914665","1960-04","6.93333","158.31667","24.1","OA, FM FM","913.2","0","205.3","4,0","","","","","","","0",",0","0",",0","0","4,0","0","4,0","0","4,0","26","4,0","2","4,0","19600424","+,4,0","19600430","+,,0","19600430","+,,0","","","","","19600405","+,4,0","21.1","4,0,24,+","0",",,0,30,+","0",",,0,30,+","","","32.2","4,0,05,+","","","0.0","4,0","451.1",",a,,0","0",",,,0","26.23","4,0","30.53","4,,,0","21.93","4,,,0"
"FMC00914665","1960-05","6.93333","158.31667","24.1","OA, FM FM","","","","","","","","","","","0",",0","0",",0","","","","","","","","","","","","","19600531","+,,0","19600531","+,,0","","","","","","","","","0",",,0,31,+","0",",,0,31,+","","","","","","","","","354.7",",a,,0","0",",,,0","","","","","",""
"FMC00914665","1960-08","6.93333","158.31667","24.1","OA, FM FM","","","228.6","2,0","14",",0","13",",0","3",",0","0",",0","0",",0","0",",0","0",",0","0","2,0","29","2,0","3","2,0","19600810","+,,0","19600831","+,,0","19600831","+,,0","","","19600829",",,0","19600824","+,2,0","21.1",",0,10,+","0",",,0,31,+","0",",,0,31,+","74.4",",,0,29,","32.2","2,0,24,+","","","0.0","2,0","217.2",",,,0","0",",,,0","26.22","2,0","30.06","2,,,0","22.38",",,,0"
"FMC00914665","1960-09","6.93333","158.31667","24.1","OA, FM FM","","","222.9","1,0","14",",0","14",",0","6",",0","0",",0","0",",0","0",",0","0",",0","0","1,0","29","1,0","0","1,0","19600919","+,,0","19600930","+,,0","19600930","+,,0","","","19600930",",,0","19600929","+,1,0","21.1",",0,19,+","0",",,0,30,+","0",",,0,30,+","100.1",",,0,30,","31.7","1,0,29,+","","","0.0","1,0","402.4",",,,0","0",",,,0","26.03","1,0","29.61","1,,,0","22.46",",,,0"
"FMC00914665","1960-10","6.93333","158.31667","24.1","OA, FM FM","","","241.5","2,0","21",",0","20",",0","4",",0","0",",0","0",",0","0","1,0","0","1,0","0","1,0","30","1,0","3","1,0","19601020","+,1,0","19601031","+,,0","19601031","+,,0","","","19601003",",,0","19601019","+,1,0","21.1","1,0,20,+","0",",,0,31,+","0",",,0,31,+","58.4",",,0,03,","32.2","1,0,19,+","","","0.0","1,0","302.4",",,,0","0",",,,0","26.65","2,0","30.69","1,,,0","22.62","1,,,0"
"FMC00914665","1960-11","6.93333","158.31667","24.1","OA, FM FM","","","222.7","1,0","17",",0","15",",0","5",",0","0",",0","0",",0","0",",0","0",",0","0","1,0","29","1,0","1","1,0","19601117","+,,0","19601130","+,,0","19601130","+,,0","","","19601118",",,0","19601110",",1,0","21.1",",0,17,+","0",",,0,30,+","0",",,0,30,+","99.6",",,0,18,","32.2","1,0,10,","","","0.0","1,0","456.8",",,,0","0",",,,0","26.02","1,0","29.49","1,,,0","22.55",",,,0"
"FMC00914665","1960-12","6.93333","158.31667","24.1","OA, FM FM","","","212.5","1,0","19",",0","19",",0","7",",0","0",",0","0",",0","0",",0","0",",0","0","1,0","30","1,0","2","1,0","19601215",",,0","19601231","+,,0","19601231","+,,0","","","19601207",",,0","19601231","+,1,0","20.6",",0,15,","0",",,0,31,+","0",",,0,31,+","145.3",",,0,07,","32.2","1,0,31,+","","","0.0","1,0","534.1",",,,0","0",",,,0","25.43","1,0","28.83","1,,,0","22.03",",,,0"
"FMC00914665","1961-01","6.93333","158.31667","24.1","OA, FM FM","237.8","0","237.8","1,0","19",",0","19",",0","6",",0","0",",0","0",",0","0",",0","0",",0","0","1,0","30","1,0","1","1,0","19610126","+,,0","19610131","+,,0","19610131","+,,0","","","19610112",",,0","19610131",",1,0","21.7",",0,26,+","0",",,0,31,+","0",",,0,31,+","92.5",",,0,12,","32.2","1,0,31,","","","0.0","1,0","458.6",",,,0","0",",,,0","26.25","1,0","29.96","1,,,0","22.53",",,,0"
"FMC00914665","1961-02","6.93333","158.31667","24.1","OA, FM FM","416.0","0","178.2","4,0","25",",0","22",",0","7",",0","0",",0","0",",0","0","1,0","0","1,0","0","3,0","25","3,0","0","3,0","19610220","+,1,0","19610228","+,,0","19610228","+,,0","","","19610205",",,0","19610228","+,3,0","21.1","1,0,20,+","0",",,0,28,+","0",",,0,28,+","116.1",",,0,05,","31.7","3,0,28,+","","","0.0","3,0","519.2",",,,0","0",",,,0","25.71","4,0","29.03","3,,,0","22.40","1,,,0"
"FMC00914665","1961-03","6.93333","158.31667","24.1","OA, FM FM","673.5","0","257.5","3,0","18","5,0","13","5,0","3","5,0","0",",0","0",",0","0","3,0","0","3,0","0","3,0","28","3,0","7","3,0","19610330","+,3,0","19610331","+,,0","19610331","+,,0","","","19610322",",5,0","19610328",",3,0","21.7","3,0,30,+","0",",,0,31,+","0",",,0,31,+","142.2","5,,0,22,","33.3","3,0,28,","","","0.0","3,0","372.0",",a,,0","0",",,,0","27.53","3,0","31.38","3,,,0","23.68","3,,,0"
"FMC00914665","1961-04","6.93333","158.31667","24.1","OA, FM FM","","","","","","","","","","","0",",0","0",",0","","","","","","","","","","","","","19610430","+,,0","19610430","+,,0","","","","","","","","","0",",,0,30,+","0",",,0,30,+","","","","","","","","","225.7",",a,,0","0",",,,0","","","","","",""
"FMC00914665","1961-05","6.93333","158.31667","24.1","OA, FM FM","","","301.1","1,0","31",",0","26",",0","7",",0","0",",0","0",",0","0","1,0","0","1,0","0",",0","31",",0","21",",0","19610529",",1,0","19610531","+,,0","19610531","+,,0","","","19610504",",,0","19610503",",,0","21.1","1,0,29,","0",",,0,31,+","0",",,0,31,+","70.9",",,0,04,","35.0",",0,03,","","","0.0",",0","521.1",",,,0","0",",,,0","28.34","1,0","32.32",",,,0","24.36","1,,,0"
"FMC00914665","1961-06","6.93333","158.31667","24.1","OA, FM FM","","","","","","","","","","","0",",0","0",",0","","","","","","","","","","","","","19610630","+,,0","19610630","+,,0","","","","","","","","","0",",,0,30,+","0",",,0,30,+","","","","","","","","","468.8",",a,,0","0",",,,0","","","","","",""
"FMC00914665","1961-07","6.93333","158.31667","24.1","OA, FM FM","","","252.1","4,0","","","","","","","0",",0","0",",0","0","4,0","0","4,0","0","4,0","27","4,0","17","4,0","19610708","+,4,0","19610731","+,,0","19610731","+,,0","","","","","19610725",",4,0","21.1","4,0,08,+","0",",,0,31,+","0",",,0,31,+","","","34.4","4,0,25,","0.0","0","0.0","4,0","329.4",",a,,0","0",",,,0","27.67","4,0","32.05","4,,,0","23.29","4,,,0"
"FMC00914665","1961-08","6.93333","158.31667","24.1","OA, FM FM","","","","","","","","","","","0",",0","0",",0","","","","","","","","","","","","","19610831","+,,0","19610831","+,,0","","","","","","","","","0",",,0,31,+","0",",,0,31,+","","","","","","","","","","","0",",,,0","","","","","",""
"FMC00914665","1961-09","6.93333","158.31667","24.1","OA, FM FM","","","255.3","3,0","22","4,0","14","4,0","4","4,0","0",",0","0",",0","0","2,0","0","2,0","0","3,0","27","3,0","13","3,0","19610922",",2,0","19610930","+,,0","19610930","+,,0","5","","19610915",",4,0","19610913","+,3,0","20.6","2,0,22,","0",",,0,30,+","0",",,0,30,+","56.6","4,,0,15,","33.9","3,0,13,+","","","0.0","3,0","265.4",",a,,0","0",",,,0","27.79","3,0","31.90","3,,,0","23.68","2,,,0"
"FMC00914665","1961-10","6.93333","158.31667","24.1","OA, FM FM","","","","","","","","","","","0",",0","0",",0","","","","","","","","","","","","","19611031","+,,0","19611031","+,,0","","","","","","","","","0",",,0,31,+","0",",,0,31,+","","","","","","","","","259.6",",a,,0","0",",,,0","","","","","",""
"FMC00914665","1961-11","6.93333","158.31667","24.1","OA, FM FM","","","273.8","1,0","23","2,0","17","2,0","1","2,0","0",",0","0",",0","0","1,0","0","1,0","0","1,0","29","1,0","10","1,0","19611112",",1,0","19611130","+,,0","19611130","+,,0","","","19611116",",2,0","19611110","+,1,0","21.1","1,0,12,","0",",,0,30,+","0",",,0,30,+","27.4","2,,0,16,","32.8","1,0,10,+","","","0.0","1,0","269.9",",a,,0","0",",,,0","27.78","1,0","31.41","1,,,0","24.14","1,,,0"
"FMC00914665","1961-12","6.93333","158.31667","24.1","OA, FM FM","","","","","","","","","","","0",",0","0",",0","","","","","0","5,0","26","5,0","4","5,0","","","19611231","+,,0","19611231","+,,0","","","","","19611229","+,5,0","","","0",",,0,31,+","0",",,0,31,+","","","32.2","5,0,29,+","","","","","414.2",",a,,0","0",",,,0","","","30.26","5,,,0","",""
"FMC00914665","1962-01","6.93333","158.31667","24.1","OA, FM FM","275.1","0","275.1",",0","25",",0","18",",0","7",",0","0",",0","0",",0","0",",0","0",",0","0",",0","31",",0","5",",0","19620128","+,,0","19620131","+,,0","19620131","+,,0","","","19620105",",,0","19620130",",,0","21.7",",0,28,+","0",",,0,31,+","0",",,0,31,+","93.2",",,0,05,","32.8",",0,30,","","","0.0",",0","433.7",",,,0","0",",,,0","27.21",",0","29.97",",,,0","24.44",",,,0"
"FMC00914665","1962-02","6.93333","158.31667","24.1","OA, FM FM","","","","","18",",0","13",",0","5",",0","0",",0","0",",0","0",",0","0",",0","","","","","","","19620223",",,0","19620228","+,,0","19620228","+,,0","","","19620211",",,0","","","19.4",",0,23,","0",",,0,28,+","0",",,0,28,+","91.4",",,0,11,","","","","","","","352.6",",,,0","0",",,,0","","","","","23.47",",,,0"
"FMC00914665","1962-03","6.93333","158.31667","24.1","OA, FM FM","","","281.4","1,0","22",",0","17",",0","1",",0","0",",0","0",",0","0","1,0","0","1,0","0",",0","31",",0","6",",0","19620307",",1,0","19620331","+,,0","19620331","+,,0","","","19620316",",,0","19620325","+,,0","22.2","1,0,07,","0",",,0,31,+","0",",,0,31,+","29.2",",,0,16,","32.8",",0,25,+","","","0.0",",0","212.8",",,,0","0",",,,0","27.72","1,0","30.87",",,,0","24.56","1,,,0"
"FMC00914665","1962-04","6.93333","158.31667","24.1","OA, FM FM","","","293.2",",0","25",",0","22",",0","5",",0","0",",0","0",",0","0",",0","0",",0","0",",0","30",",0","15",",0","19620416",",,0","19620430","+,,0","19620430","+,,0","","","19620415",",,0","19620430","+,,0","22.2",",0,16,","0",",,0,30,+","0",",,0,30,+","73.9",",,0,15,","33.9",",0,30,+","","","0.0",",0","345.0",",,,0","0",",,,0","28.11",",0","31.75",",,,0","24.46",",,,0"
"FMC00914665","1962-07","6.93333","158.31667","24.1","OA, FM FM","","","301.6",",0","26",",0","19",",0","4",",0","0",",0","0",",0","0",",0","0",",0","0",",0","31",",0","14",",0","19620712",",,0","19620731","+,,0","19620731","+,,0","","","19620724",",,0","19620704",",,0","21.7",",0,12,","0",",,0,31,+","0",",,0,31,+","42.2",",,0,24,","33.9",",0,04,","0.0","0","0.0",",0","309.4",",,,0","0",",,,0","28.06",",0","31.91",",,,0","24.22",",,,0"
"FMC00914665","1962-08","6.93333","158.31667","24.1","OA, FM FM","","","290.4",",0","30",",0","24",",0","3",",0","0",",0","0",",0","0",",0","0",",0","0",",0","31",",0","10",",0","19620804",",,0","19620831","+,,0","19620831","+,,0","","","19620815",",,0","19620822","+,,0","22.2",",0,04,","0",",,0,31,+","0",",,0,31,+","92.7",",,0,15,","32.8",",0,22,+","0.0","0","0.0",",0","406.1",",,,0","0",",,,0","27.70",",0","31.68",",,,0","23.72",",,,0"
"FMC00914665","1962-11","6.93333","158.31667","24.1","OA, FM FM","","","268.8","1,0","26",",0","23",",0","4",",0","0",",0","0",",0","0","1,0","0","1,0","0",",0","30",",0","16",",0","19621126",",1,0","19621130","+,,0","19621130","+,,0","","","19621110",",,0","19621116","+,,0","21.7","1,0,26,","0",",,0,30,+","0",",,0,30,+","114.3",",,0,10,","33.9",",0,16,+","","","0.0",",0","447.4",",,,0","0",",,,0","27.52","1,0","31.41",",,,0","23.63","1,,,0"
"FMC00914665","1962-12","6.93333","158.31667","24.1","OA, FM FM","","","287.1",",0","23",",0","16",",0","1",",0","0",",0","0",",0","0",",0","0",",0","0",",0","31",",0","12",",0","19621224",",,0","19621231","+,,0","19621231","+,,0","","","19621205",",,0","19621223","+,,0","21.1",",0,24,","0",",,0,31,+","0",",,0,31,+","46.0",",,0,05,","33.9",",0,23,+","","","0.0",",0","153.6",",,,0","0",",,,0","27.60",",0","31.44",",,,0","23.75",",,,0"
"FMC00914665","1963-01","6.93333","158.31667","24.1","OA, FM FM","270.4","0","270.4",",0","26",",0","18",",0","2",",0","0",",0","0",",0","0",",0","0",",0","0",",0","31",",0","8",",0","19630123","+,,0","19630131","+,,0","19630131","+,,0","","","19630119",",,0","19630108",",,0","21.1",",0,23,+","0",",,0,31,+","0",",,0,31,+","99.1",",,0,19,","33.9",",0,08,","","","0.0",",0","254.4",",,,0","0",",,,0","27.06",",0","30.60",",,,0","23.52",",,,0"
"FMC00914665","1963-02","6.93333","158.31667","24.1","OA, FM FM","506.9","0","236.5",",0","24",",0","18",",0","5",",0","0",",0","0",",0","0",",0","0",",0","0",",0","28",",0","0",",0","19630217",",,0","19630228","+,,0","19630228","+,,0","","","19630228",",,0","19630227","+,,0","21.7",",0,17,","0",",,0,28,+","0",",,0,28,+","53.3",",,0,28,","31.7",",0,27,+","","","0.0",",0","334.4",",,,0","0",",,,0","26.78",",0","29.82",",,,0","23.74",",,,0"
"FMC00914665","1963-03","6.93333","158.31667","24.1","OA, FM FM","782.4","0","275.5",",0","30",",0","17",",0","4",",0","0",",0","0",",0","0",",0","0",",0","0",",0","31",",0","3",",0","19630328","+,,0","19630331","+,,0","19630331","+,,0","","","19630325",",,0","19630331","+,,0","22.2",",0,28,+","0",",,0,31,+","0",",,0,31,+","74.9",",,0,25,","32.2",",0,31,+","","","0.0",",0","340.1",",,,0","0",",,,0","27.22",",0","30.20",",,,0","24.24",",,,0"
"FMC00914665","1963-04","6.93333","158.31667","24.1","OA, FM FM","1062.4","0","280.0",",0","29",",0","19",",0","5",",0","0",",0","0",",0","0",",0","0",",0","0",",0","30",",0","12",",0","19630422",",,0","19630430","+,,0","19630430","+,,0","","","19630419",",,0","19630410","+,,0","21.1",",0,22,","0",",,0,30,+","0",",,0,30,+","55.6",",,0,19,","33.3",",0,10,+","","","0.0",",0","348.6",",,,0","0",",,,0","27.67",",0","31.50",",,,0","23.83",",,,0"
"FMC00914665","1963-05","6.93333","158.31667","24.1","OA, FM FM","1360.5","0","298.1",",0","29",",0","24",",0","8",",0","0",",0","0",",0","0",",0","0",",0","0",",0","31",",0","22",",0","19630530",",,0","19630531","+,,0","19630531","+,,0","","","19630522",",,0","19630520","+,,0","21.7",",0,30,","0",",,0,31,+","0",",,0,31,+","61.0",",,0,22,","33.3",",0,20,+","","","0.0",",0","447.4",",,,0","0",",,,0","27.95",",0","32.17",",,,0","23.73",",,,0"
"FMC00914665","1963-06","6.93333","158.31667","24.1","OA, FM FM","1643.4","0","282.9",",0","29",",0","18",",0","2",",0","0",",0","0",",0","0",",0","0",",0","0",",0","30",",0","16",",0","19630607","+,,0","19630630","+,,0","19630630","+,,0","","","19630627",",,0","19630608","+,,0","22.2",",0,07,+","0",",,0,30,+","0",",,0,30,+","39.6",",,0,27,","33.3",",0,08,+","","","0.0",",0","224.4",",,,0","0",",,,0","27.76",",0","31.83",",,,0","23.70",",,,0"
"FMC00914665","1963-07","6.93333","158.31667","24.1","OA, FM FM","1933.1","0","289.7",",0","27",",0","18",",0","4",",0","0",",0","0",",0","0",",0","0",",0","0",",0","31",",0","16",",0","19630705",",,0","19630731","+,,0","19630731","+,,0","","","19630722",",,0","19630728","+,,0","22.2",",0,05,","0",",,0,31,+","0",",,0,31,+","45.2",",,0,22,","33.3",",0,28,+","0.0","0","0.0",",0","262.9",",,,0","0",",,,0","27.68",",0","31.84",",,,0","23.52",",,,0"
"FMC00914665","1963-08","6.93333","158.31667","24.1","OA, FM FM","2236.1","0","303.0",",0","26",",0","15",",0","4",",0","0",",0","0",",0","0",",0","0",",0","0",",0","31",",0","22",",0","19630830",",,0","19630831","+,,0","19630831","+,,0","","","19630824",",,0","19630825","+,,0","21.7",",0,30,","0",",,0,31,+","0",",,0,31,+","69.1",",,0,24,","33.9",",0,25,+","0.0","0","0.0",",0","312.9",",,,0","0",",,,0","28.11",",0","32.33",",,,0","23.88",",,,0"
"FMC00914665","1963-09","6.93333","158.31667","24.1","OA, FM FM","2521.0","0","284.9",",0","29",",0","13",",0","2",",0","0",",0","0",",0","0",",0","0",",0","0",",0","30",",0","22",",0","19630929",",,0","19630930","+,,0","19630930","+,,0","","","19630916",",,0","19630901",",,0","21.1",",0,29,","0",",,0,30,+","0",",,0,30,+","50.8",",,0,16,","33.9",",0,01,","0.0","0","0.0",",0","205.4",",,,0","0",",,,0","27.83",",0","32.29",",,,0","23.36",",,,0"
"FMC00914665","1963-10","6.93333","158.31667","24.1","OA, FM FM","","","","","","","","","","","0",",0","0",",0","","","","","","","","","","","","","19631031","+,,0","19631031","+,,0","","","","","","","","","0",",,0,31,+","0",",,0,31,+","","","","","","","","","","","0",",,,0","","","","","",""
"FMC00914665","1963-11","6.93333","158.31667","24.1","OA, FM FM","","","250.7","4,0","","","","","","","0",",0","0",",0","0","4,0","0","4,0","0","4,0","26","4,0","18","4,0","19631129","+,4,0","19631130","+,,0","19631130","+,,0","","","","","19631116","+,4,0","22.2","4,0,29,+","0",",,0,30,+","0",",,0,30,+","","","33.3","4,0,16,+","","","0.0","4,0","182.7",",a,,0","0",",,,0","27.98","4,0","32.00","4,,,0","23.95","4,,,0"
"FMC00914665","1963-12","6.93333","158.31667","24.1","OA, FM FM","","","","","22","5,0","12","5,0","3","5,0","0",",0","0",",0","","","","","","","","","","","","","19631231","+,,0","19631231","+,,0","","","19631211",",5,0","","","","","0",",,0,31,+","0",",,0,31,+","34.5","5,,0,11,","","","","","","","174.2","5,,,0","0",",,,0","","","","","",""
"FMC00914665","1964-01","6.93333","158.31667","24.1","OA, FM FM","","","","","","","","","","","0",",0","0",",0","","","","","","","","","","","","","19640131","+,,0","19640131","+,,0","","","","","","","","","0",",,0,31,+","0",",,0,31,+","","","","","","","","","108.5",",a,,0","0",",,,0","","","","","",""
"FMC00914665","1964-03","6.93333","158.31667","24.1","OA, FM FM","","","238.3","1,0","19",",0","12",",0","5",",0","0",",0","0",",0","0",",0","0",",0","0","1,0","30","1,0","0","1,0","19640320","+,,0","19640331","+,,0","19640331","+,,0","","","19640316",",,0","19640318","+,1,0","21.7",",0,20,+","0",",,0,31,+","0",",,0,31,+","50.8",",,0,16,","31.7","1,0,18,+","","","0.0","1,0","293.6",",,,0","0",",,,0","26.25","1,0","29.20","1,,,0","23.30",",,,0"
"FMC00914665","1964-04","6.93333","158.31667","24.1","OA, FM FM","","","250.0",",0","25",",0","24",",0","8",",0","0",",0","0",",0","0",",0","0",",0","0",",0","30",",0","4",",0","19640417","+,,0","19640430","+,,0","19640430","+,,0","","","19640417",",,0","19640422","+,,0","21.7",",0,17,+","0",",,0,30,+","0",",,0,30,+","46.2",",,0,17,","32.8",",0,22,+","","","0.0",",0","419.2",",,,0","0",",,,0","26.67",",0","30.08",",,,0","23.25",",,,0"
"FMC00914665","1964-06","6.93333","158.31667","24.1","OA, FM FM","","","","","","","","","","","0",",0","0",",0","","","","","","","","","","","","","19640630","+,,0","19640630","+,,0","","","","","","","","","0",",,0,30,+","0",",,0,30,+","","","","","","","","","","","0",",,,0","","","","","",""
"FMC00914665","1964-08","6.93333","158.31667","24.1","OA, FM FM","","","","","23","4,0","19","4,0","2","4,0","0",",0","0",",0","","","","","","","","","","","","","19640831","+,,0","19640831","+,,0","","","19640808",",4,0","","","","","0",",,0,31,+","0",",,0,31,+","59.9","4,,0,08,","","","","","","","288.3","4,,,0","0",",,,0","","","","","",""
"FMC00914665","1964-10","6.93333","158.31667","24.1","OA, FM FM","","","271.2","1,0","24",",0","18",",0","5",",0","0",",0","0",",0","0",",0","0",",0","0","1,0","30","1,0","7","1,0","19641026",",,0","19641031","+,,0","19641031","+,,0","","","19641020",",,0","19641030",",1,0","22.2",",0,26,","0",",,0,31,+","0",",,0,31,+","71.1",",,0,20,","32.8","1,0,30,","","","0.0","1,0","374.7",",,,0","0",",,,0","27.37","1,0","30.90","1,,,0","23.85",",,,0"
"FMC00914665","1964-11","6.93333","158.31667","24.1","OA, FM FM","","","263.0","2,0","23",",0","15",",0","2",",0","0",",0","0",",0","0",",0","0",",0","0","2,0","28","2,0","8","2,0","19641117","+,,0","19641130","+,,0","19641130","+,,0","","","19641108",",,0","19641127","+,2,0","22.8",",0,17,+","0",",,0,30,+","0",",,0,30,+","48.3",",,0,08,","32.8","2,0,27,+","","","0.0","2,0","200.0",",,,0","0",",,,0","27.73","2,0","31.04","2,,,0","24.41",",,,0"
"FMC00914665","1964-12","6.93333","158.31667","24.1","OA, FM FM","","","","","","","","","","","0",",0","0",",0","","","","","","","","","","","","","19641231","+,,0","19641231","+,,0","","","","","","","","","0",",,0,31,+","0",",,0,31,+","","","","","","","","","","","0",",,,0","","","","","",""
"FMC00914665","1965-01","6.93333","158.31667","24.1","OA, FM FM","271.5","0","271.5",",0","15",",0","8",",0","3",",0","0",",0","0",",0","0",",0","0",",0","0",",0","31",",0","1",",0","19650112",",,0","19650131","+,,0","19650131","+,,0","","","19650121",",,0","19650126",",,0","21.1",",0,12,","0",",,0,31,+","0",",,0,31,+","50.8",",,0,21,","32.2",",0,26,","","","0.0",",0","180.1",",,,0","0",",,,0","27.09",",0","29.72",",,,0","24.46",",,,0"
"FMC00914665","1965-02","6.93333","158.31667","24.1","OA, FM FM","504.8","0","233.3","2,0","15",",0","10",",0","1",",0","0",",0","0",",0","0","2,0","0","2,0","0","2,0","26","2,0","1","2,0","19650209","+,2,0","19650228","+,,0","19650228","+,,0","","","19650213",",,0","19650221",",2,0","22.2","2,0,09,+","0",",,0,28,+","0",",,0,28,+","44.5",",,0,13,","32.2","2,0,21,","","","0.0","2,0","139.1",",,,0","0",",,,0","27.31","2,0","29.98","2,,,0","24.63","2,,,0"
"FMC00914665","1965-03","6.93333","158.31667","24.1","OA, FM FM","745.1","0","240.3","5,0","","","","","","","0",",0","0",",0","0","5,0","0","5,0","0","5,0","26","5,0","3","5,0","19650301",",5,0","19650331","+,,0","19650331","+,,0","","","","","19650318","+,5,0","22.8","5,0,01,","0",",,0,31,+","0",",,0,31,+","","","32.2","5,0,18,+","","","0.0","5,0","196.1",",a,,0","0",",,,0","27.58","5,0","30.67","5,,,0","24.48","5,,,0"
"FMC00914665","1965-06","6.93333","158.31667","24.1","OA, FM FM","","","","","","","","","","","0",",0","0",",0","","","","","","","","","","","","","19650630","+,,0","19650630","+,,0","","","","","","","","","0",",,0,30,+","0",",,0,30,+","","","","","","","","","","","0",",,,0","","","","","",""
"FMC00914665","1965-07","6.93333","158.31667","24.1","OA, FM FM","","","","","","","","","","","0",",0","0",",0","","","","","","","","","","","","","19650731","+,,0","19650731","+,,0","","","","","","","","","0",",,0,31,+","0",",,0,31,+","","","","","","","","","","","0",",,,0","","","","","",""
"FMC00914665","1965-08","6.93333","158.31667","24.1","OA, FM FM","","","","","","","","","","","0",",0","0",",0","","","","","","","","","","","","","19650831","+,,0","19650831","+,,0","","","","","","","","","0",",,0,31,+","0",",,0,31,+","","","","","","","","","","","0",",,,0","","","","","",""
"FMC00914665","1965-10","6.93333","158.31667","24.1","OA, FM FM","","","","","","","","","","","0",",0","0",",0","","","","","","","","","","","","","19651031","+,,0","19651031","+,,0","","","","","","","","","0",",,0,31,+","0",",,0,31,+","","","","","","","","","","","0",",,,0","","","","","",""
"FMC00914665","1965-11","6.93333","158.31667","24.1","OA, FM FM","","","224.1","5,0","19",",0","12",",0","5",",0","0",",0","0",",0","0","5,0","0","5,0","0","5,0","25","5,0","3","5,0","19651121",",5,0","19651130","+,,0","19651130","+,,0","","","19651125",",,0","19651121","+,5,0","21.7","5,0,21,","0",",,0,30,+","0",",,0,30,+","68.6",",,0,25,","32.2","5,0,21,+","","","0.0","5,0","293.5",",,,0","0",",,,0","27.30","5,0","30.27","5,,,0","24.32","5,,,0"
"FMC00914665","1965-12","6.93333","158.31667","24.1","OA, FM FM","","","","","","","","","","","0",",0","0",",0","","","","","","","","","","","","","19651231","+,,0","19651231","+,,0","","","","","","","","","0",",,0,31,+","0",",,0,31,+","","","","","","","","","","","0",",,,0","","","","","",""
"FMC00914665","1966-01","6.93333","158.31667","24.1","OA, FM FM","","","","","","","","","","","0",",0","0",",0","","","","","","","","","","","","","19660131","+,,0","19660131","+,,0","","","","","","","","","0",",,0,31,+","0",",,0,31,+","","","","","","","","","304.1","1,a,,0","0",",,,0","","","","","",""
"FMC00914665","1966-02","6.93333","158.31667","24.1","OA, FM FM","","","259.2",",0","15",",0","3",",0","0",",0","0",",0","0",",0","0",",0","0",",0","0",",0","28",",0","0",",0","19660226",",,0","19660228","+,,0","19660228","+,,0","","","19660227",",,0","19660228","+,,0","22.8",",0,26,","0",",,0,28,+","0",",,0,28,+","5.1",",,0,27,","31.7",",0,28,+","","","0.0",",0","24.4",",,,0","0",",,,0","27.59",",0","30.48",",,,0","24.70",",,,0"
"FMC00914665","1966-03","6.93333","158.31667","24.1","OA, FM FM","","","223.4","4,0","19","3,0","15","3,0","9","3,0","0",",0","0",",0","0","4,0","0","4,0","0","4,0","27","4,0","0","4,0","19660328","+,4,0","19660331","+,,0","19660331","+,,0","","","19660314",",3,0","19660328","+,4,0","21.1","4,0,28,+","0",",,0,31,+","0",",,0,31,+","63.5","3,,0,14,","31.7","4,0,28,+","","","0.0","4,0","374.8",",a,,0","0",",,,0","26.61","4,0","29.79","4,,,0","23.42","4,,,0"
"FMC00914665","1966-04","6.93333","158.31667","24.1","OA, FM FM","","","","","","","","","","","0",",0","0",",0","","","","","","","","","","","","","19660430","+,,0","19660430","+,,0","","","","","","","","","0",",,0,30,+","0",",,0,30,+","","","","","","","","","","","0",",,,0","","","","","",""
"FMC00914665","1966-05","6.93333","158.31667","24.1","OA, FM FM","","","264.9","3,0","26","5,0","21","5,0","4","5,0","0",",0","0",",0","0","3,0","0","3,0","0","3,0","28","3,0","21","3,0","19660530","+,3,0","19660531","+,,0","19660531","+,,0","","","19660505",",5,0","19660531","+,3,0","21.1","3,0,30,+","0",",,0,31,+","0",",,0,31,+","40.9","5,,0,05,","33.3","3,0,31,+","","","0.0","3,0","400.8",",a,,0","0",",,,0","27.79","3,0","31.98","3,,,0","23.61","3,,,0"
