"STATION","DATE","LATITUDE","LONGITUDE","ELEVATION","NAME","CDSD","CDSD_ATTRIBUTES","CLDD","CLDD_ATTRIBUTES","DP01","DP01_ATTRIBUTES","DP10","DP10_ATTRIBUTES","DP1X","DP1X_ATTRIBUTES","DSND","DSND_ATTRIBUTES","DT00","DT00_ATTRIBUTES","DT32","DT32_ATTRIBUTES","DX32","DX32_ATTRIBUTES","DX70","DX70_ATTRIBUTES","DX90","DX90_ATTRIBUTES","DYNT","DYNT_ATTRIBUTES","DYSD","DYSD_ATTRIBUTES","DYXP","DYXP_ATTRIBUTES","DYXT","DYXT_ATTRIBUTES","EMNT","EMNT_ATTRIBUTES","EMSD","EMSD_ATTRIBUTES","EMXP","EMXP_ATTRIBUTES","EMXT","EMXT_ATTRIBUTES","HDSD","HDSD_ATTRIBUTES","HTDD","HTDD_ATTRIBUTES","PRCP","PRCP_ATTRIBUTES","TAVG","TAVG_ATTRIBUTES","TMAX","TMAX_ATTRIBUTES","TMIN","TMIN_ATTRIBUTES"
"GME00131410","2004-10","50.8433","10.2528","283.0","MOORGRUND GRAFEN NITZENDORF, GM","","","0.0",",E","12",",E","1",",E","0",",E","0",",","0",",E","2",",E","0",",E","1",",E","0",",E","20041012",",,E","20041031","+,,E","20041020",",,E","20041005",",,E","-3.7",",E,12,","0",",,E,31,+","8.2",",,E,20,","23.6",",E,05,","","","265.8",",E","18.0",",,,E","9.76",",E","14.13",",,,E","5.39",",,,E"
"GME00131410","2004-11","50.8433","10.2528","283.0","MOORGRUND GRAFEN NITZENDORF, GM","","","0.0",",E","16",",E","9",",E","1",",E","2",",","0",",E","11",",E","0",",E","0",",E","0",",E","20041124",",,E","20041110",",,E","20041118",",,E","20041104",",,E","-4.5",",E,24,","80",",,E,10,","30.6",",,E,18,","13.2",",E,04,","","","425.1",",E","84.3",",,,E","4.16",",E","6.61",",,,E","1.71",",,,E"
"GME00131410","2004-12","50.8433","10.2528","283.0","MOORGRUND GRAFEN NITZENDORF, GM","","","0.0",",E","12",",E","5",",E","0",",E","0",",","0",",E","23",",E","9",",E","0",",E","0",",E","20041221",",,E","20041223","+,,E","20041217",",,E","20041225",",,E","-9.1",",E,21,","10",",,E,23,+","13.1",",,E,17,","9.3",",E,25,","","","575.4",",E","35.8",",,,E","-0.23",",E","1.88",",,,E","-2.34",",,,E"
"GME00131410","2005-01","50.8433","10.2528","283.0","MOORGRUND GRAFEN NITZENDORF, GM","0.0","E","0.0",",E","20",",E","7",",E","0",",E","8",",","0",",E","16",",E","7",",E","0",",E","0",",E","20050129",",,E","20050131",",,E","20050120",",,E","20050108",",,E","-14.1",",E,29,","110",",,E,31,","17.2",",,E,20,","11.9",",E,08,","","","518.3",",E","54.9",",,,E","1.61",",E","4.20",",,,E","-0.98",",,,E"
"GME00131410","2005-02","50.8433","10.2528","283.0","MOORGRUND GRAFEN NITZENDORF, GM","0.0","E","0.0",",E","16",",E","9",",E","0",",E","17",",","1",",E","25",",E","10",",E","0",",E","0",",E","20050228",",,E","20050227",",,E","20050211",",,E","20050212",",,E","-18.6",",E,28,","140",",,E,27,","15.0",",,E,11,","11.3",",E,12,","","","563.2",",E","55.7",",,,E","-1.78",",E","1.27",",,,E","-4.83",",,,E"
"GME00131410","2005-03","50.8433","10.2528","283.0","MOORGRUND GRAFEN NITZENDORF, GM","0.0","E","0.0",",E","13",",E","4",",E","0",",E","13",",","0",",E","17",",E","5",",E","0",",E","0",",E","20050307",",,E","20050313",",,E","20050311",",,E","20050318",",,E","-12.6",",E,07,","120",",,E,13,","9.7",",,E,11,","19.2",",E,18,","","","454.3",",E","37.4",",,,E","3.68",",E","8.15",",,,E","-0.79",",,,E"
"GME00131410","2005-04","50.8433","10.2528","283.0","MOORGRUND GRAFEN NITZENDORF, GM","0.0","E","0.0",",E","15",",E","7",",E","0",",E","0",",","0",",E","9",",E","0",",E","0",",E","0",",E","20050402",",,E","20050430","+,,E","20050419",",,E","20050415",",,E","-3.0",",E,02,","0",",,E,30,+","14.3",",,E,19,","20.9",",E,15,","","","286.2",",E","57.4",",,,E","8.79",",E","14.44",",,,E","3.15",",,,E"
"GME00131410","2005-05","50.8433","10.2528","283.0","MOORGRUND GRAFEN NITZENDORF, GM","12.9","E","12.9",",E","16",",E","5",",E","0",",E","0",",","0",",E","3",",E","0",",E","9",",E","0",",E","20050519",",,E","20050531","+,,E","20050514",",,E","20050528",",,E","-0.7",",E,19,","0",",,E,31,+","23.0",",,E,14,","31.8",",E,28,","","","191.7",",E","60.7",",,,E","12.56",",E","18.28",",,,E","6.85",",,,E"
"GME00131410","2005-06","50.8433","10.2528","283.0","MOORGRUND GRAFEN NITZENDORF, GM","25.4","E","12.5",",E","11",",E","5",",E","0",",E","0",",","0",",E","0",",E","0",",E","17",",E","0",",E","20050612",",,E","20050630","+,,E","20050629",",,E","20050621",",,E","2.1",",E,12,","0",",,E,30,+","15.8",",,E,29,","31.4",",E,21,","","","101.9",",E","51.1",",,,E","15.35",",E","21.89",",,,E","8.82",",,,E"
"GME00131410","2005-07","50.8433","10.2528","283.0","MOORGRUND GRAFEN NITZENDORF, GM","59.6","E","34.2",",E","16",",E","11",",E","0",",E","0",",","0",",E","0",",E","0",",E","22",",E","1",",E","20050706",",,E","20050731","+,,E","20050707","+,,E","20050728",",,E","7.8",",E,06,","0",",,E,31,+","7.4",",,E,07,+","32.6",",E,28,","44.9","E","44.9",",E","66.3",",,,E","17.99",",E","23.92",",,,E","12.06",",,,E"
"GME00131410","2005-08","50.8433","10.2528","283.0","MOORGRUND GRAFEN NITZENDORF, GM","66.2","E","6.6",",E","12",",E","7",",E","0",",E","0",",","0",",E","0",",E","0",",E","15",",E","0",",E","20050828",",,E","20050831","+,,E","20050814",",,E","20050831",",,E","6.1",",E,28,","0",",,E,31,+","18.7",",,E,14,","29.8",",E,31,","129.5","E","84.6",",E","49.9",",,,E","15.81",",E","21.40",",,,E","10.23",",,,E"
"GME00131410","2005-09","50.8433","10.2528","283.0","MOORGRUND GRAFEN NITZENDORF, GM","77.4","E","11.2",",E","8",",E","7",",E","0",",E","0",",","0",",E","1",",E","0",",E","14",",E","0",",E","20050919",",,E","20050930","+,,E","20050915",",,E","20050901",",,E","0.0",",E,19,","0",",,E,30,+","6.5",",,E,15,","30.4",",E,01,","243.3","E","113.8",",E","34.5",",,,E","14.91",",E","21.24",",,,E","8.59",",,,E"
"GME00131410","2005-10","50.8433","10.2528","283.0","MOORGRUND GRAFEN NITZENDORF, GM","77.4","E","0.0",",E","7",",E","3",",E","0",",E","0",",","0",",E","3",",E","0",",E","0",",E","0",",E","20051019",",,E","20051031","+,,E","20051001",",,E","20051007","+,,E","-3.1",",E,19,","0",",,E,31,+","22.0",",,E,01,","20.1",",E,07,+","473.3","E","230.0",",E","35.3",",,,E","10.91",",E","15.74",",,,E","6.09",",,,E"
"GME00131410","2005-11","50.8433","10.2528","283.0","MOORGRUND GRAFEN NITZENDORF, GM","77.4","E","0.0",",E","13",",E","5",",E","0",",E","3",",","0",",E","11",",E","1",",E","0",",E","0",",E","20051119",",,E","20051125",",,E","20051115",",,E","20051103",",,E","-5.0",",E,19,","50",",,E,25,","9.1",",,E,15,","14.8",",E,03,","906.6","E","433.3",",E","43.8",",,,E","3.89",",E","6.17",",,,E","1.61",",,,E"
"GME00131410","2005-12","50.8433","10.2528","283.0","MOORGRUND GRAFEN NITZENDORF, GM","77.4","E","0.0",",E","23",",E","6",",E","0",",E","8",",","0",",E","21",",E","5",",E","0",",E","0",",E","20051231",",,E","20051231","+,,E","20051216",",,E","20051216",",,E","-6.3",",E,31,","80",",,E,31,+","7.3",",,E,16,","7.3",",E,16,","1461.5","E","554.9",",E","43.9",",,,E","0.43",",E","2.50",",,,E","-1.64",",,,E"
"GME00131410","2006-01","50.8433","10.2528","283.0","MOORGRUND GRAFEN NITZENDORF, GM","0.0","E","0.0",",E","7",",E","3",",E","0",",E","9",",","0",",E","27",",E","12",",E","0",",E","0",",E","20060129",",,E","20060118",",,E","20060117",",,E","20060120",",,E","-16.6",",E,29,","90",",,E,18,","7.9",",,E,17,","5.4",",E,20,","2119.4","E","657.9",",E","22.2",",,,E","-2.89",",E","0.06",",,,E","-5.85",",,,E"
"GME00131410","2006-02","50.8433","10.2528","283.0","MOORGRUND GRAFEN NITZENDORF, GM","0.0","E","0.0",",E","14",",E","8",",E","0",",E","6",",","0",",E","22",",E","10",",E","0",",E","0",",E","20060202",",,E","20060213","+,,E","20060216","+,,E","20060219",",,E","-15.0",",E,02,","100",",,E,13,+","5.1",",,E,16,+","7.3",",E,19,","2678.3","E","558.9",",E","39.9",",,,E","-1.63",",E","1.40",",,,E","-4.65",",,,E"
"GME00131410","2006-03","50.8433","10.2528","283.0","MOORGRUND GRAFEN NITZENDORF, GM","0.0","E","0.0",",E","16",",E","9",",E","0",",E","10",",","0",",E","23",",E","5",",E","0",",E","0",",E","20060314",",,E","20060301",",,E","20060325",",,E","20060327",",,E","-12.8",",E,14,","70",",,E,01,","17.7",",,E,25,","17.0",",E,27,","3205.9","E","527.6",",E","76.2",",,,E","1.31",",E","4.95",",,,E","-2.33",",,,E"
"GME00131410","2006-04","50.8433","10.2528","283.0","MOORGRUND GRAFEN NITZENDORF, GM","0.0","E","0.0",",E","18",",E","8",",E","0",",E","0",",","0",",E","5",",E","0",",E","2",",E","0",",E","20060406",",,E","20060430","+,,E","20060413",",,E","20060425",",,E","-3.1",",E,06,","0",",,E,30,+","14.9",",,E,13,","21.9",",E,25,","3531.1","E","325.2",",E","51.0",",,,E","7.49",",E","12.61",",,,E","2.38",",,,E"
"GME00131410","2006-05","50.8433","10.2528","283.0","MOORGRUND GRAFEN NITZENDORF, GM","0.0","E","0.0",",E","16",",E","9",",E","0",",E","0",",","0",",E","1",",E","0",",E","10",",E","0",",E","20060501",",,E","20060531","+,,E","20060526",",,E","20060512",",,E","-0.1",",E,01,","0",",,E,31,+","22.0",",,E,26,","24.6",",E,12,","3713.4","E","182.3",",E","90.7",",,,E","12.45",",E","18.32",",,,E","6.59",",,,E"
"GME00131410","2006-06","50.8433","10.2528","283.0","MOORGRUND GRAFEN NITZENDORF, GM","19.4","E","19.4",",E","8",",E","4",",E","0",",E","0",",","0",",E","0",",E","0",",E","20",",E","0",",E","20060603",",,E","20060630","+,,E","20060625",",,E","20060614",",,E","2.5",",E,03,","0",",,E,30,+","14.7",",,E,25,","30.4",",E,14,","3805.4","E","92.0",",E","36.4",",,,E","15.91",",E","22.54",",,,E","9.29",",,,E"
"GME00131410","2006-07","50.8433","10.2528","283.0","MOORGRUND GRAFEN NITZENDORF, GM","109.0","E","89.6",",E","10",",E","5",",E","1",",E","0",",","0",",E","0",",E","0",",E","31",",E","6",",E","20060717",",,E","20060731","+,,E","20060707",",,E","20060720",",,E","8.2",",E,17,","0",",,E,31,+","32.2",",,E,07,","35.3",",E,20,","6.6","E","6.6",",E","69.8",",,,E","21.01",",E","28.85",",,,E","13.17",",,,E"
"GME00131410","2006-08","50.8433","10.2528","283.0","MOORGRUND GRAFEN NITZENDORF, GM","109.6","E","0.6",",E","21",",E","12",",E","0",",E","0",",","0",",E","0",",E","0",",E","9",",E","0",",E","20060831",",,E","20060831","+,,E","20060821",",,E","20060819",",,E","7.7",",E,31,","0",",,E,31,+","16.3",",,E,21,","25.8",",E,19,","88.9","E","82.3",",E","84.7",",,,E","15.70",",E","20.02",",,,E","11.38",",,,E"
"GME00131410","2006-09","50.8433","10.2528","283.0","MOORGRUND GRAFEN NITZENDORF, GM","121.2","E","11.6",",E","5",",E","3",",E","0",",E","0",",","0",",E","0",",E","0",",E","21",",E","0",",E","20060909",",,E","20060930","+,,E","20060926",",,E","20060922","+,,E","3.9",",E,09,","0",",,E,30,+","3.5",",,E,26,","27.7",",E,22,+","142.1","E","53.2",",E","11.4",",,,E","16.95",",E","23.25",",,,E","10.64",",,,E"
"GME00131410","2006-10","50.8433","10.2528","283.0","MOORGRUND GRAFEN NITZENDORF, GM","121.2","E","0.0",",E","14",",E","6",",E","0",",E","0",",","0",",E","1",",E","0",",E","0",",E","0",",E","20061017",",,E","20061031","+,,E","20061023","+,,E","20061010",",,E","-0.6",",E,17,","0",",,E,31,+","13.8",",,E,23,+","20.4",",E,10,","343.0","E","200.9",",E","53.5",",,,E","11.85",",E","15.88",",,,E","7.82",",,,E"
"GME00131410","2006-11","50.8433","10.2528","283.0","MOORGRUND GRAFEN NITZENDORF, GM","121.2","E","0.0",",E","15",",E","6",",E","0",",E","0",",","0",",E","4",",E","0",",E","0",",E","0",",E","20061102",",,E","20061130","+,,E","20061111",",,E","20061117","+,,E","-5.4",",E,02,","0",",,E,30,+","9.4",",,E,11,","14.5",",E,17,+","689.3","E","346.3",",E","46.8",",,,E","6.79",",E","9.55",",,,E","4.03",",,,E"
"GME00131410","2006-12","50.8433","10.2528","283.0","MOORGRUND GRAFEN NITZENDORF, GM","121.2","E","0.0",",E","12",",E","4",",E","0",",E","0",",","0",",E","10",",E","1",",E","0",",E","0",",E","20061225",",,E","20061229",",,E","20061211",",,E","20061205",",,E","-2.9",",E,25,","20",",,E,29,","12.1",",,E,11,","14.1",",E,05,","1132.7","E","443.4",",E","36.2",",,,E","4.03",",E","6.38",",,,E","1.68",",,,E"
"GME00131410","2007-01","50.8433","10.2528","283.0","MOORGRUND GRAFEN NITZENDORF, GM","0.0","E","0.0",",E","19",",E","8",",E","0",",E","1",",","0",",E","9",",E","4",",E","0",",E","0",",E","20070126",",,E","20070127",",,E","20070118",",,E","20070120",",,E","-12.2",",E,26,","30",",,E,27,","12.3",",,E,18,","13.4",",E,20,","1567.9","E","435.2",",E","64.0",",,,E","4.30",",E","6.89",",,,E","1.70",",,,E"
"GME00131410","2007-02","50.8433","10.2528","283.0","MOORGRUND GRAFEN NITZENDORF, GM","0.0","E","0.0",",E","18",",E","7",",E","0",",E","0",",","0",",E","7",",E","0",",E","0",",E","0",",E","20070216",",,E","20070228","+,,E","20070227",",,E","20070228",",,E","-3.2",",E,16,","0",",,E,28,+","6.6",",,E,27,","11.7",",E,28,","1961.1","E","393.2",",E","40.4",",,,E","4.29",",E","7.03",",,,E","1.55",",,,E"
"GME00131410","2007-03","50.8433","10.2528","283.0","MOORGRUND GRAFEN NITZENDORF, GM","0.0","E","0.0",",E","13",",E","7",",E","0",",E","3",",","0",",E","14",",E","0",",E","0",",E","0",",E","20070320",",,E","20070323",",,E","20070322",",,E","20070312",",,E","-3.7",",E,20,","140",",,E,23,","25.3",",,E,22,","16.8",",E,12,","2354.2","E","393.1",",E","61.5",",,,E","5.65",",E","10.85",",,,E","0.45",",,,E"
"GME00131410","2007-04","50.8433","10.2528","283.0","MOORGRUND GRAFEN NITZENDORF, GM","0.0","E","0.0",",E","2",",E","0",",E","0",",E","0",",","0",",E","10",",E","0",",E","10",",E","0",",E","20070405",",,E","20070430","+,,E","20070423",",,E","20070428",",,E","-4.0",",E,05,","0",",,E,30,+","2.2",",,E,23,","25.7",",E,28,","2613.0","E","258.8",",E","4.3",",,,E","9.71",",E","17.80",",,,E","1.61",",,,E"
"GME00131410","2007-05","50.8433","10.2528","283.0","MOORGRUND GRAFEN NITZENDORF, GM","9.0","E","9.0",",E","15",",E","10",",E","1",",E","0",",","0",",E","2",",E","0",",E","11",",E","0",",E","20070502",",,E","20070531","+,,E","20070529",",,E","20070525",",,E","-1.0",",E,02,","0",",,E,31,+","30.1",",,E,29,","29.4",",E,25,","2769.0","E","156.0",",E","115.4",",,,E","13.59",",E","19.64",",,,E","7.54",",,,E"
"GME00131410","2007-06","50.8433","10.2528","283.0","MOORGRUND GRAFEN NITZENDORF, GM","28.7","E","19.7",",E","15",",E","13",",E","0",",E","0",",","0",",E","0",",E","0",",E","20",",E","0",",E","20070601",",,E","20070630","+,,E","20070620",",,E","20070609",",,E","4.6",",E,01,","0",",,E,30,+","25.1",",,E,20,","29.5",",E,09,","2820.5","E","51.5",",E","128.0",",,,E","17.27",",E","22.85",",,,E","11.69",",,,E"
"GME00131410","2007-07","50.8433","10.2528","283.0","MOORGRUND GRAFEN NITZENDORF, GM","57.2","E","28.5",",E","18",",E","10",",E","0",",E","0",",","0",",E","0",",E","0",",E","18",",E","2",",E","20070731",",,E","20070731","+,,E","20070721",",,E","20070716",",,E","7.6",",E,31,","0",",,E,31,+","19.1",",,E,21,","34.4",",E,16,","60.7","E","60.7",",E","85.6",",,,E","17.30",",E","22.39",",,,E","12.20",",,,E"
"GME00131410","2007-08","50.8433","10.2528","283.0","MOORGRUND GRAFEN NITZENDORF, GM","63.1","E","5.9",",E","13",",E","6",",E","0",",E","0",",","0",",E","0",",E","0",",E","19",",E","0",",E","20070830",",,E","20070831","+,,E","20070809",",,E","20070806",",,E","3.4",",E,30,","0",",,E,31,+","22.9",",,E,09,","29.2",",E,06,","131.3","E","70.6",",E","67.9",",,,E","16.25",",E","22.03",",,,E","10.46",",,,E"
"GME00131410","2007-09","50.8433","10.2528","283.0","MOORGRUND GRAFEN NITZENDORF, GM","63.1","E","0.0",",E","14",",E","7",",E","1",",E","0",",","0",",E","0",",E","0",",E","4",",E","0",",E","20070919",",,E","20070930","+,,E","20070928",",,E","20070924",",,E","3.1",",E,19,","0",",,E,30,+","33.3",",,E,28,","23.7",",E,24,","315.2","E","183.9",",E","109.7",",,,E","12.20",",E","16.88",",,,E","7.52",",,,E"
"GME00131410","2007-10","50.8433","10.2528","283.0","MOORGRUND GRAFEN NITZENDORF, GM","63.1","E","0.0",",E","9",",E","3",",E","0",",E","0",",","0",",E","3",",E","0",",E","0",",E","0",",E","20071022",",,E","20071031","+,,E","20071021",",,E","20071004",",,E","-1.9",",E,22,","0",",,E,31,+","4.4",",,E,21,","20.4",",E,04,","638.4","E","323.2",",E","13.3",",,,E","7.91",",E","12.05",",,,E","3.77",",,,E"
"GME00131410","2007-11","50.8433","10.2528","283.0","MOORGRUND GRAFEN NITZENDORF, GM","63.1","E","0.0",",E","23",",E","14",",E","0",",E","1",",","0",",E","8",",E","1",",E","0",",E","0",",E","20071116",",,E","20071115",",,E","20071110",",,E","20071103",",,E","-4.6",",E,16,","30",",,E,15,","12.8",",,E,10,","12.1",",E,03,","1088.4","E","450.0",",E","83.9",",,,E","3.33",",E","5.26",",,,E","1.41",",,,E"
"GME00131410","2007-12","50.8433","10.2528","283.0","MOORGRUND GRAFEN NITZENDORF, GM","63.1","E","0.0",",E","16",",E","6",",E","0",",E","0",",","0",",E","17",",E","9",",E","0",",E","0",",E","20071221",",,E","20071225","+,,E","20071202",",,E","20071207",",,E","-8.8",",E,21,","20",",,E,25,+","9.1",",,E,02,","12.0",",E,07,","1623.0","E","534.6",",E","41.1",",,,E","1.09",",E","2.91",",,,E","-0.74",",,,E"
"GME00131410","2008-01","50.8433","10.2528","283.0","MOORGRUND GRAFEN NITZENDORF, GM","0.0","E","0.0",",E","14",",E","5",",E","0",",E","0",",","0",",E","13",",E","0",",E","0",",E","0",",E","20080103",",,E","20080131","+,,E","20080105",",,E","20080119",",,E","-5.3",",E,03,","0",",,E,31,+","7.7",",,E,05,","12.6",",E,19,","2080.0","E","457.0",",E","35.1",",,,E","3.59",",E","5.93",",,,E","1.25",",,,E"
"GME00131410","2008-02","50.8433","10.2528","283.0","MOORGRUND GRAFEN NITZENDORF, GM","0.0","E","0.0",",E","10",",E","4",",E","0",",E","0",",","0",",E","18",",E","0",",E","0",",E","0",",E","20080216",",,E","20080201",",,E","20080229",",,E","20080224",",,E","-7.9",",E,16,","10",",,E,01,","12.9",",,E,29,","15.1",",E,24,","2518.6","E","438.6",",E","31.5",",,,E","3.21",",E","7.29",",,,E","-0.87",",,,E"
"GME00131410","2008-03","50.8433","10.2528","283.0","MOORGRUND GRAFEN NITZENDORF, GM","0.0","E","0.0",",E","23",",E","12",",E","0",",E","1",",","0",",E","15",",E","1",",E","0",",E","0",",E","20080324",",,E","20080326",",,E","20080316",",,E","20080330",",,E","-6.9",",E,24,","30",",,E,26,","7.0",",,E,16,","18.2",",E,30,","2955.6","E","437.0",",E","62.2",",,,E","4.24",",E","8.01",",,,E","0.46",",,,E"
"GME00131410","2008-04","50.8433","10.2528","283.0","MOORGRUND GRAFEN NITZENDORF, GM","0.0","E","0.0",",E","18",",E","9",",E","0",",E","0",",","0",",E","5",",E","0",",E","1",",E","0",",E","20080417",",,E","20080430","+,,E","20080411",",,E","20080428",",,E","-1.8",",E,17,","0",",,E,30,+","11.0",",,E,11,","21.6",",E,28,","3293.9","E","338.3",",E","73.1",",,,E","7.06",",E","11.50",",,,E","2.61",",,,E"
"GME00131410","2008-05","50.8433","10.2528","283.0","MOORGRUND GRAFEN NITZENDORF, GM","6.5","E","6.5",",E","7",",E","3",",E","0",",E","","","0",",E","0",",E","0",",E","14",",E","0",",E","20080505",",,E","","","20080515",",,E","20080529",",,E","1.4",",E,05,","","","10.4",",,E,15,","29.5",",E,29,","3445.5","E","151.6",",E","23.3",",,,E","13.65",",E","20.26",",,,E","7.04",",,,E"
"GME00131410","2008-06","50.8433","10.2528","283.0","MOORGRUND GRAFEN NITZENDORF, GM","17.4","E","10.9",",E","11",",E","3",",E","0",",E","0",",","0",",E","0",",E","0",",E","22",",E","0",",E","20080617",",,E","20080630","+,,E","20080602",",,E","20080622",",,E","3.1",",E,17,","0",",,E,30,+","7.5",",,E,02,","30.6",",E,22,","3503.6","E","58.1",",E","28.4",",,,E","16.76",",E","22.93",",,,E","10.59",",,,E"
"GME00131410","2008-07","50.8433","10.2528","283.0","MOORGRUND GRAFEN NITZENDORF, GM","59.7","E","42.3",",E","16",",E","9",",E","0",",E","0",",","0",",E","0",",E","0",",E","21",",E","1",",E","20080721",",,E","20080731","+,,E","20080719",",,E","20080702",",,E","6.6",",E,21,","0",",,E,31,+","17.9",",,E,19,","33.1",",E,02,","50.3","E","50.3",",E","73.8",",,,E","18.08",",E","24.55",",,,E","11.61",",,,E"
"GME00131410","2008-08","50.8433","10.2528","283.0","MOORGRUND GRAFEN NITZENDORF, GM","76.9","E","17.2",",E","13",",E","7",",E","0",",E","0",",","0",",E","0",",E","0",",E","22",",E","0",",E","20080817",",,E","20080831","+,,E","20080822",",,E","20080807",",,E","5.5",",E,17,","0",",,E,31,+","9.5",",,E,22,","32.1",",E,07,","91.6","E","41.3",",E","43.4",",,,E","17.56",",E","22.92",",,,E","12.20",",,,E"
"GME00131410","2008-09","50.8433","10.2528","283.0","MOORGRUND GRAFEN NITZENDORF, GM","79.3","E","2.4",",E","15",",E","7",",E","1",",E","0","1,","0",",E","1",",E","0",",E","6",",E","0",",E","20080919",",,E","20080930","+,1,E","20080901",",,E","20080911",",,E","-1.2",",E,19,","0","1,,E,30,+","27.8",",,E,01,","26.3",",E,11,","280.3","E","188.7",",E","66.3",",,,E","12.12",",E","16.82",",,,E","7.42",",,,E"
"GME00131410","2008-10","50.8433","10.2528","283.0","MOORGRUND GRAFEN NITZENDORF, GM","79.3","E","0.0",",E","13",",E","10",",E","0",",E","0",",","0",",E","1",",E","0",",E","0",",E","0",",E","20081024",",,E","20081031","+,,E","20081005",",,E","20081021",",,E","-0.3",",E,24,","0",",,E,31,+","9.6",",,E,05,","18.9",",E,21,","575.4","E","295.1",",E","70.3",",,,E","8.81",",E","12.22",",,,E","5.41",",,,E"
"GME00131410","2008-11","50.8433","10.2528","283.0","MOORGRUND GRAFEN NITZENDORF, GM","79.3","E","0.0",",E","12",",E","3",",E","0",",E","3",",","0",",E","13",",E","0",",E","0",",E","0",",E","20081130",",,E","20081125","+,,E","20081120",",,E","20081110",",,E","-4.9",",E,30,","30",",,E,25,+","14.1",",,E,20,","14.3",",E,10,","994.4","E","419.0",",E","34.9",",,,E","4.37",",E","7.25",",,,E","1.49",",,,E"
"GME00131410","2008-12","50.8433","10.2528","283.0","MOORGRUND GRAFEN NITZENDORF, GM","79.3","E","0.0",",E","15",",E","7",",E","0",",E","2",",","0",",E","20",",E","5",",E","0",",E","0",",E","20081230",",,E","20081212",",,E","20081201",",,E","20081222",",,E","-11.3",",E,30,","60",",,E,12,","5.6",",,E,01,","8.3",",E,22,","1549.9","E","555.5",",E","36.2",",,,E","0.41",",E","2.59",",,,E","-1.76",",,,E"
"GME00131410","2009-01","50.8433","10.2528","283.0","MOORGRUND GRAFEN NITZENDORF, GM","0.0","E","0.0",",E","11",",E","3",",E","0",",E","16",",","5",",E","30",",E","17",",E","0",",E","0",",E","20090107",",,E","20090105",",,E","20090123",",,E","20090123",",,E","-23.6",",E,07,","110",",,E,05,","18.9",",,E,23,","5.5",",E,23,","2259.7","E","709.8",",E","35.2",",,,E","-4.56",",E","-1.02",",,,E","-8.11",",,,E"
"GME00131410","2009-02","50.8433","10.2528","283.0","MOORGRUND GRAFEN NITZENDORF, GM","0.0","E","0.0",",E","18",",E","9",",E","0",",E","14",",","0",",E","24",",E","3",",E","0",",E","0",",E","20090218",",,E","20090220","+,,E","20090216",",,E","20090206",",,E","-12.5",",E,18,","100",",,E,20,+","7.8",",,E,16,","7.9",",E,06,","2781.9","E","522.2",",E","55.1",",,,E","-0.32",",E","2.82",",,,E","-3.45",",,,E"
"GME00131410","2009-03","50.8433","10.2528","283.0","MOORGRUND GRAFEN NITZENDORF, GM","0.0","E","0.0",",E","17",",E","8",",E","0",",E","0",",","0",",E","12",",E","0",",E","0",",E","0",",E","20090321",",,E","20090326",",,E","20090312",",,E","20090331",",,E","-5.5",",E,21,","10",",,E,26,","11.2",",,E,12,","13.1",",E,31,","3229.5","E","447.6",",E","58.6",",,,E","3.90",",E","7.45",",,,E","0.34",",,,E"
"GME00131410","2009-04","50.8433","10.2528","283.0","MOORGRUND GRAFEN NITZENDORF, GM","0.0","E","0.0",",E","7",",E","3",",E","0",",E","0",",","0",",E","1",",E","0",",E","9",",E","0",",E","20090424",",,E","20090430","+,,E","20090417",",,E","20090411",",,E","-0.5",",E,24,","0",",,E,30,+","11.6",",,E,17,","23.5",",E,11,","3446.4","E","216.9",",E","28.2",",,,E","11.10",",E","17.96",",,,E","4.25",",,,E"
"GME00131410","2009-05","50.8433","10.2528","283.0","MOORGRUND GRAFEN NITZENDORF, GM","0.8","E","0.8",",E","15",",E","9",",E","0",",E","0",",","0",",E","0",",E","0",",E","9",",E","0",",E","20090509",",,E","20090531","+,,E","20090515",",,E","20090525",",,E","1.1",",E,09,","0",",,E,31,+","18.7",",,E,15,","27.1",",E,25,","3607.8","E","161.4",",E","75.2",",,,E","13.15",",E","18.98",",,,E","7.33",",,,E"
"GME00131410","2009-06","50.8433","10.2528","283.0","MOORGRUND GRAFEN NITZENDORF, GM","3.7","E","2.9",",E","13",",E","8",",E","1",",E","0",",","0",",E","0",",E","0",",E","12",",E","0",",E","20090613",",,E","20090630","+,,E","20090615",",,E","20090630",",,E","2.4",",E,13,","0",",,E,30,+","28.8",",,E,15,","26.7",",E,30,","3735.4","E","127.6",",E","91.7",",,,E","14.18",",E","19.46",",,,E","8.89",",,,E"
"GME00131410","2009-07","50.8433","10.2528","283.0","MOORGRUND GRAFEN NITZENDORF, GM","28.1","E","24.4",",E","15",",E","11",",E","0",",E","0",",","0",",E","0",",E","0",",E","21",",E","0",",E","20090731",",,E","20090731","+,,E","20090723",",,E","20090703",",,E","8.0",",E,31,","0",",,E,31,+","22.5",",,E,23,","29.3",",E,03,","42.2","E","42.2",",E","89.1",",,,E","17.76",",E","23.29",",,,E","12.23",",,,E"
"GME00131410","2009-08","50.8433","10.2528","283.0","MOORGRUND GRAFEN NITZENDORF, GM","56.4","E","28.3",",E","10",",E","5",",E","0",",E","0",",","0",",E","0",",E","0",",E","27",",E","1",",E","20090831",",,E","20090831","+,,E","20090812",",,E","20090820",",,E","5.9",",E,31,","0",",,E,31,+","7.7",",,E,12,","33.1",",E,20,","78.8","E","36.6",",E","31.3",",,,E","18.07",",E","24.97",",,,E","11.16",",,,E"
"GME00131410","2009-09","50.8433","10.2528","283.0","MOORGRUND GRAFEN NITZENDORF, GM","60.4","E","4.0",",E","11",",E","5",",E","0",",E","0",",","0",",E","0",",E","0",",E","8",",E","0",",E","20090926",",,E","20090930","+,,E","20090914",",,E","20090901",",,E","3.9",",E,26,","0",",,E,30,+","20.9",",,E,14,","30.4",",E,01,","201.9","E","123.1",",E","52.1",",,,E","14.36",",E","19.48",",,,E","9.24",",,,E"
"GME00131410","2009-10","50.8433","10.2528","283.0","MOORGRUND GRAFEN NITZENDORF, GM","61.4","E","1.0",",E","14",",E","5",",E","0",",E","0",",","0",",E","11",",E","0",",E","2",",E","0",",E","20091020",",,E","20091031","+,,E","20091011",",,E","20091007",",,E","-3.3",",E,20,","0",",,E,31,+","12.8",",,E,11,","22.2",",E,07,","529.0","E","327.1",",E","49.7",",,,E","7.81",",E","11.64",",,,E","3.99",",,,E"
"GME00131410","2009-11","50.8433","10.2528","283.0","MOORGRUND GRAFEN NITZENDORF, GM","61.4","E","0.0",",E","19",",E","9",",E","0",",E","0",",","0",",E","1",",E","0",",E","0",",E","0",",E","20091130",",,E","20091130","+,,E","20091130",",,E","20091122",",,E","0.0",",E,30,","0",",,E,30,+","16.3",",,E,30,","13.2",",E,22,","861.9","E","332.9",",E","88.7",",,,E","7.24",",E","9.55",",,,E","4.92",",,,E"
"GME00131410","2009-12","50.8433","10.2528","283.0","MOORGRUND GRAFEN NITZENDORF, GM","61.4","E","0.0",",E","18",",E","9",",E","0",",E","2",",","0",",E","19",",E","8",",E","0",",E","0",",E","20091219",",,E","20091221",",,E","20091210",",,E","20091206",",,E","-16.1",",E,19,","40",",,E,21,","24.6",",,E,10,","9.7",",E,06,","1426.0","E","564.1",",E","88.5",",,,E","0.14",",E","2.83",",,,E","-2.55",",,,E"
"GME00131410","2010-01","50.8433","10.2528","283.0","MOORGRUND GRAFEN NITZENDORF, GM","0.0","E","0.0",",E","18",",E","7",",E","0",",E","26",",","2",",E","30",",E","23",",E","0",",E","0",",E","20100127",",,E","20100111",",,E","20100117",",,E","20100118",",,E","-18.6",",E,27,","150",",,E,11,","4.8",",,E,17,","3.9",",E,18,","2147.5","E","721.5",",E","41.5",",,,E","-4.94",",E","-1.95",",,,E","-7.93",",,,E"
"GME00131410","2010-02","50.8433","10.2528","283.0","MOORGRUND GRAFEN NITZENDORF, GM","0.0","E","0.0",",E","14",",E","4",",E","0",",E","19",",","0",",E","19",",E","10",",E","0",",E","0",",E","20100215",",,E","20100203",",,E","20100223",",,E","20100228",",,E","-14.6",",E,15,","110",",,E,03,","10.1",",,E,23,","12.1",",E,28,","2693.7","E","546.2",",E","29.9",",,,E","-1.18",",E","2.19",",,,E","-4.54",",,,E"
"GME00131410","2010-03","50.8433","10.2528","283.0","MOORGRUND GRAFEN NITZENDORF, GM","0.0","E","0.0",",E","13",",E","7",",E","0",",E","4",",","0",",E","12",",E","4",",E","0",",E","0",",E","20100308",",,E","20100307","+,,E","20100326",",,E","20100326",",,E","-15.7",",E,08,","80",",,E,07,+","7.4",",,E,26,","20.8",",E,26,","3135.1","E","441.4",",E","39.5",",,,E","4.09",",E","8.61",",,,E","-0.42",",,,E"
"GME00131410","2010-04","50.8433","10.2528","283.0","MOORGRUND GRAFEN NITZENDORF, GM","0.0","E","0.0",",E","7",",E","2",",E","0",",E","0",",","0",",E","8",",E","0",",E","3",",E","0",",E","20100422",",,E","20100430","+,,E","20100412",",,E","20100429",",,E","-4.6",",E,22,","0",",,E,30,+","3.7",",,E,12,","24.4",",E,29,","3438.3","E","303.2",",E","14.7",",,,E","8.23",",E","14.41",",,,E","2.04",",,,E"
"GME00131410","2010-05","50.8433","10.2528","283.0","MOORGRUND GRAFEN NITZENDORF, GM","0.0","E","0.0",",E","18",",E","9",",E","1",",E","0",",","0",",E","1",",E","0",",E","3",",E","0",",E","20100505",",,E","20100531","+,,E","20100519",",,E","20100524",",,E","-0.9",",E,05,","0",",,E,31,+","37.5",",,E,19,","24.7",",E,24,","3695.4","E","257.1",",E","96.1",",,,E","10.04",",E","14.39",",,,E","5.69",",,,E"
"GME00131410","2010-06","50.8433","10.2528","283.0","MOORGRUND GRAFEN NITZENDORF, GM","16.3","E","16.3",",E","8",",E","3",",E","0",",E","0",",","0",",E","0",",E","0",",E","21",",E","0",",E","20100622",",,E","20100630","+,,E","20100620","+,,E","20100629",",,E","1.9",",E,22,","0",",,E,30,+","3.6",",,E,20,+","29.5",",E,29,","3783.5","E","88.1",",E","14.6",",,,E","15.94",",E","22.77",",,,E","9.10",",,,E"
"GME00131410","2010-07","50.8433","10.2528","283.0","MOORGRUND GRAFEN NITZENDORF, GM","89.1","E","72.8",",E","9",",E","6",",E","0",",E","0",",","0",",E","0",",E","0",",E","27",",E","7",",E","20100725",",,E","20100731","+,,E","20100712",",,E","20100712",",,E","5.8",",E,25,","0",",,E,31,+","7.8",",,E,12,","35.3",",E,12,","28.2","E","28.2",",E","38.7",",,,E","19.77",",E","26.90",",,,E","12.64",",,,E"
"GME00131410","2010-08","50.8433","10.2528","283.0","MOORGRUND GRAFEN NITZENDORF, GM","100.7","E","11.6",",E","23",",E","17",",E","1",",E","0",",","0",",E","0",",E","0",",E","16",",E","0",",E","20100830",",,E","20100831","+,,E","20100812",",,E","20100822",",,E","7.0",",E,30,","0",",,E,31,+","30.8",",,E,12,","28.7",",E,22,","95.7","E","67.5",",E","179.0",",,,E","16.53",",E","21.07",",,,E","11.99",",,,E"
"GME00131410","2010-09","50.8433","10.2528","283.0","MOORGRUND GRAFEN NITZENDORF, GM","100.7","E","0.0",",E","11",",E","4",",E","0",",E","0",",","0",",E","0",",E","0",",E","4",",E","0",",E","20100918",",,E","20100930","+,,E","20100927",",,E","20100923",",,E","3.0",",E,18,","0",",,E,30,+","21.3",",,E,27,","22.5",",E,23,","281.3","E","185.6",",E","54.7",",,,E","12.15",",E","16.76",",,,E","7.53",",,,E"
"GME00131410","2010-10","50.8433","10.2528","283.0","MOORGRUND GRAFEN NITZENDORF, GM","100.7","E","0.0",",E","8",",E","4",",E","0",",E","0",",","0",",E","9",",E","0",",E","0",",E","0",",E","20101013",",,E","20101031","+,,E","20101016",",,E","20101003",",,E","-3.1",",E,13,","0",",,E,31,+","9.6",",,E,16,","19.8",",E,03,","604.2","E","322.9",",E","26.3",",,,E","7.92",",E","12.21",",,,E","3.62",",,,E"
"GME00131410","2010-11","50.8433","10.2528","283.0","MOORGRUND GRAFEN NITZENDORF, GM","100.7","E","0.0",",E","18",",E","8",",E","0",",E","0",",","0",",E","8",",E","4",",E","0",",E","0",",E","20101130",",,E","20101130",",,E","20101122","+,,E","20101114",",,E","-8.0",",E,30,","20",",,E,30,","13.3",",,E,22,+","17.6",",E,14,","1008.5","E","404.3",",E","64.2",",,,E","4.86",",E","7.12",",,,E","2.60",",,,E"
"GME00131410","2010-12","50.8433","10.2528","283.0","MOORGRUND GRAFEN NITZENDORF, GM","100.7","E","0.0",",E","22",",E","10",",E","0",",E","28",",","0",",E","30",",E","20",",E","0",",E","0",",E","20101225",",,E","20101228","+,,E","20101216",",,E","20101211",",,E","-16.3",",E,25,","340",",,E,28,+","14.1",",,E,16,","4.2",",E,11,","1722.8","E","714.3",",E","91.4",",,,E","-4.71",",E","-1.85",",,,E","-7.56",",,,E"
"GME00131410","2011-01","50.8433","10.2528","283.0","MOORGRUND GRAFEN NITZENDORF, GM","0.0","E","0.0",",E","18",",E","8",",E","0",",E","9",",","0",",E","20",",E","9",",E","0",",E","0",",E","20110131",",,E","20110101",",,E","20110112",",,E","20110114",",,E","-10.0",",E,31,","270",",,E,01,","15.1",",,E,12,","11.6",",E,14,","2268.6","E","545.8",",E","68.1",",,,E","0.73",",E","3.08",",,,E","-1.63",",,,E"
"GME00131410","2011-02","50.8433","10.2528","283.0","MOORGRUND GRAFEN NITZENDORF, GM","0.0","E","0.0",",E","10",",E","3",",E","0",",E","2",",","0",",E","19",",E","5",",E","0",",E","0",",E","20110223",",,E","20110227","+,,E","20110212",",,E","20110211",",,E","-13.2",",E,23,","40",",,E,27,+","11.7",",,E,12,","10.2",",E,11,","2763.4","E","494.8",",E","26.5",",,,E","0.66",",E","3.57",",,,E","-2.24",",,,E"
"GME00131410","2011-03","50.8433","10.2528","283.0","MOORGRUND GRAFEN NITZENDORF, GM","0.0","E","0.0",",E","6",",E","1",",E","0",",E","0",",","0",",E","20",",E","0",",E","0",",E","0",",E","20110307",",,E","20110331","+,,E","20110317",",,E","20110330",",,E","-7.7",",E,07,","0",",,E,31,+","5.5",",,E,17,","16.9",",E,30,","3181.1","E","417.7",",E","10.0",",,,E","4.86",",E","10.52",",,,E","-0.80",",,,E"
"GME00131410","2011-04","50.8433","10.2528","283.0","MOORGRUND GRAFEN NITZENDORF, GM","0.0","E","0.0",",E","8",",E","4",",E","0",",E","0",",","0",",E","3",",E","0",",E","8",",E","0",",E","20110415",",,E","20110430","+,,E","20110427",",,E","20110423",",,E","-2.7",",E,15,","0",",,E,30,+","8.7",",,E,27,","23.4",",E,23,","3403.0","E","221.9",",E","27.0",",,,E","10.94",",E","17.96",",,,E","3.91",",,,E"
"GME00131410","2011-05","50.8433","10.2528","283.0","MOORGRUND GRAFEN NITZENDORF, GM","2.2","E","2.2",",E","8",",E","0",",E","0",",E","0",",","0",",E","3",",E","0",",E","19",",E","0",",E","20110505",",,E","20110531","+,,E","20110531",",,E","20110530",",,E","-2.7",",E,05,","0",",,E,31,+","1.8",",,E,31,","29.3",",E,30,","3563.0","E","160.0",",E","7.2",",,,E","13.24",",E","21.05",",,,E","5.44",",,,E"
"GME00131410","2011-06","50.8433","10.2528","283.0","MOORGRUND GRAFEN NITZENDORF, GM","14.8","E","12.6",",E","18",",E","11",",E","0",",E","0",",","0",",E","0",",E","0",",E","15",",E","0",",E","20110612",",,E","20110630","+,,E","20110629",",,E","20110605",",,E","6.6",",E,12,","0",",,E,30,+","24.5",",,E,29,","29.9",",E,05,","3634.6","E","71.6",",E","132.7",",,,E","16.37",",E","22.08",",,,E","10.65",",,,E"
"GME00131410","2011-07","50.8433","10.2528","283.0","MOORGRUND GRAFEN NITZENDORF, GM","20.7","E","5.9",",E","13",",E","6",",E","0",",E","0",",","0",",E","0",",E","0",",E","16",",E","0",",E","20110726",",,E","20110731","+,,E","20110713",",,E","20110706",",,E","8.6",",E,26,","0",",,E,31,+","24.1",",,E,13,","27.3",",E,06,","73.1","E","73.1",",E","63.4",",,,E","16.16",",E","20.90",",,,E","11.43",",,,E"
"GME00131410","2011-08","50.8433","10.2528","283.0","MOORGRUND GRAFEN NITZENDORF, GM","56.5","E","35.8",",E","18",",E","11",",E","0",",E","0",",","0",",E","0",",E","0",",E","21",",E","1",",E","20110831",",,E","20110831","+,,E","20110819",",,E","20110826",",,E","4.7",",E,31,","0",",,E,31,+","14.1",",,E,19,","32.2",",E,26,","122.7","E","49.6",",E","84.7",",,,E","17.89",",E","23.60",",,,E","12.17",",,,E"
"GME00131410","2011-09","50.8433","10.2528","283.0","MOORGRUND GRAFEN NITZENDORF, GM","66.3","E","9.8",",E","8",",E","5",",E","1",",E","0",",","0",",E","0",",E","0",",E","13",",E","0",",E","20110924",",,E","20110930","+,,E","20110904",",,E","20110904",",,E","4.0",",E,24,","0",",,E,30,+","35.3",",,E,04,","27.9",",E,04,","222.4","E","99.7",",E","57.3",",,,E","15.34",",E","21.18",",,,E","9.49",",,,E"
"GME00131410","2011-10","50.8433","10.2528","283.0","MOORGRUND GRAFEN NITZENDORF, GM","66.3","E","0.0",",E","11",",E","7",",E","0",",E","0",",","0",",E","6",",E","0",",E","4",",E","0",",E","20111024",",,E","20111031","+,,E","20111012",",,E","20111002",",,E","-2.8",",E,24,","0",",,E,31,+","17.8",",,E,12,","25.8",",E,02,","506.0","E","283.6",",E","59.0",",,,E","9.18",",E","14.25",",,,E","4.12",",,,E"
"GME00131410","2011-11","50.8433","10.2528","283.0","MOORGRUND GRAFEN NITZENDORF, GM","66.3","E","0.0",",E","1",",E","0",",E","0",",E","0",",","0",",E","13",",E","0",",E","0",",E","0",",E","20111115",",,E","20111130","+,,E","20111125",",,E","20111106",",,E","-6.6",",E,15,","0",",,E,30,+","0.6",",,E,25,","16.1",",E,06,","934.9","E","428.9",",E","0.9",",,,E","4.04",",E","7.69",",,,E","0.38",",,,E"
"GME00131410","2011-12","50.8433","10.2528","283.0","MOORGRUND GRAFEN NITZENDORF, GM","66.3","E","0.0",",E","25",",E","12",",E","0",",E","0",",","0",",E","5",",E","0",",E","0",",E","0",",E","20111211",",,E","20111220",",,E","20111216",",,E","20111202",",,E","-2.7",",E,11,","10",",,E,20,","14.8",",,E,16,","12.0",",E,02,","1389.8","E","454.9",",E","96.7",",,,E","3.66",",E","5.85",",,,E","1.46",",,,E"
"GME00131410","2012-01","50.8433","10.2528","283.0","MOORGRUND GRAFEN NITZENDORF, GM","0.0","E","0.0",",E","19",",E","10",",E","0",",E","0",",","0",",E","13",",E","5",",E","0",",E","0",",E","20120131",",,E","20120128",",,E","20120119",",,E","20120102",",,E","-10.0",",E,31,","10",",,E,28,","18.0",",,E,19,","12.7",",E,02,","1906.1","E","516.3",",E","86.8",",,,E","1.68",",E","4.08",",,,E","-0.73",",,,E"
"GME00131410","2012-02","50.8433","10.2528","283.0","MOORGRUND GRAFEN NITZENDORF, GM","0.0","E","0.0",",E","11",",E","1",",E","0",",E","6",",","3",",E","21",",E","13",",E","0",",E","0",",E","20120212",",,E","20120214",",,E","20120218",",,E","20120229",",,E","-20.3",",E,12,","60",",,E,14,","2.9",",,E,18,","10.0",",E,29,","2532.1","E","626.0",",E","14.0",",,,E","-3.25",",E","0.23",",,,E","-6.74",",,,E"
"GME00131410","2012-03","50.8433","10.2528","283.0","MOORGRUND GRAFEN NITZENDORF, GM","0.0","E","0.0",",E","8",",E","1",",E","0",",E","0",",","0",",E","11",",E","0",",E","0",",E","0",",E","20120320","+,,E","20120331","+,,E","20120307",",,E","20120316",",,E","-3.2",",E,20,+","0",",,E,31,+","6.2",",,E,07,","20.3",",E,16,","2892.2","E","360.1",",E","10.7",",,,E","6.72",",E","11.98",",,,E","1.45",",,,E"
"GME00131410","2012-04","50.8433","10.2528","283.0","MOORGRUND GRAFEN NITZENDORF, GM","2.2","E","2.2",",E","9",",E","4",",E","0",",E","0",",","0",",E","7",",E","0",",E","3",",E","0",",E","20120401",",,E","20120430","+,,E","20120403",",,E","20120428",",,E","-4.8",",E,01,","0",",,E,30,+","12.7",",,E,03,","29.8",",E,28,","3201.6","E","309.4",",E","32.5",",,,E","8.09",",E","13.05",",,,E","3.14",",,,E"
"GME00131410","2012-05","50.8433","10.2528","283.0","MOORGRUND GRAFEN NITZENDORF, GM","8.6","E","6.4",",E","9",",E","5",",E","1",",E","","","0",",E","2",",E","0",",E","16",",E","0",",E","20120517",",,E","","","20120531",",,E","20120511",",,E","-0.8",",E,17,","","","26.5",",,E,31,","28.4",",E,11,","3341.8","E","140.2",",E","58.1",",,,E","14.01",",E","20.41",",,,E","7.62",",,,E"
"GME00131410","2012-06","50.8433","10.2528","283.0","MOORGRUND GRAFEN NITZENDORF, GM","21.1","E","12.5",",E","17",",E","9",",E","0",",E","","","0",",E","0",",E","0",",E","13",",E","0",",E","20120603",",,E","","","20120604",",,E","20120629",",,E","4.1",",E,03,","","","13.1",",,E,04,","29.5",",E,29,","3449.7","E","107.9",",E","79.0",",,,E","15.15",",E","20.33",",,,E","9.98",",,,E"
"GME00131410","2012-07","50.8433","10.2528","283.0","MOORGRUND GRAFEN NITZENDORF, GM","40.4","E","19.3",",E","21",",E","13",",E","0",",E","","","0",",E","0",",E","0",",E","18",",E","1",",E","20120723",",,E","","","20120710",",,E","20120727",",,E","5.3",",E,23,","","","16.4",",,E,10,","32.5",",E,27,","60.8","E","60.8",",E","110.9",",,,E","16.99",",E","22.36",",,,E","11.63",",,,E"
"GME00131410","2012-08","50.8433","10.2528","283.0","MOORGRUND GRAFEN NITZENDORF, GM","72.1","E","31.7",",E","11",",E","6",",E","0",",E","","","0",",E","0",",E","0",",E","26",",E","2",",E","20120812",",,E","","","20120805",",,E","20120819",",,E","5.4",",E,12,","","","14.1",",,E,05,","33.8",",E,19,","96.3","E","35.5",",E","57.7",",,,E","18.21",",E","24.56",",,,E","11.86",",,,E"
"GME00131410","2012-09","50.8433","10.2528","283.0","MOORGRUND GRAFEN NITZENDORF, GM","75.2","E","3.1",",E","11",",E","4",",E","0",",E","","","0",",E","0",",E","0",",E","10",",E","0",",E","20120930",",,E","","","20120911",",,E","20120910",",,E","1.4",",E,30,","","","16.1",",,E,11,","28.7",",E,10,","248.2","E","151.9",",E","45.0",",,,E","13.37",",E","19.20",",,,E","7.55",",,,E"
"GME00131410","2012-10","50.8433","10.2528","283.0","MOORGRUND GRAFEN NITZENDORF, GM","75.2","E","0.0",",E","12",",E","7",",E","0",",E","0",",","0",",E","6",",E","0",",E","2",",E","0",",E","20121029",",,E","20121031","+,,E","20121006",",,E","20121021",",,E","-5.8",",E,29,","0",",,E,31,+","6.4",",,E,06,","21.9",",E,21,","563.7","E","315.5",",E","36.9",",,,E","8.16",",E","12.67",",,,E","3.65",",,,E"
"GME00131410","2012-11","50.8433","10.2528","283.0","MOORGRUND GRAFEN NITZENDORF, GM","75.2","E","0.0",",E","12",",E","6",",E","0",",E","0",",","0",",E","7",",E","0",",E","0",",E","0",",E","20121114",",,E","20121130","+,,E","20121110",",,E","20121125",",,E","-4.6",",E,14,","0",",,E,30,+","10.9",",,E,10,","13.4",",E,25,","968.3","E","404.6",",E","39.7",",,,E","4.85",",E","7.35",",,,E","2.34",",,,E"
"GME00131410","2012-12","50.8433","10.2528","283.0","MOORGRUND GRAFEN NITZENDORF, GM","75.2","E","0.0",",E","22",",E","16",",E","0",",E","13",",","0",",E","16",",E","6",",E","0",",E","0",",E","20121208",",,E","20121213",",,E","20121223",",,E","20121225",",,E","-15.0",",E,08,","260",",,E,13,","24.0",",,E,23,","12.8",",E,25,","1495.7","E","527.4",",E","123.9",",,,E","1.32",",E","3.63",",,,E","-0.98",",,,E"
"GME00131410","2013-01","50.8433","10.2528","283.0","MOORGRUND GRAFEN NITZENDORF, GM","0.0","E","0.0",",E","18",",E","6",",E","0",",E","14",",","0",",E","19",",E","16",",E","0",",E","0",",E","20130125",",,E","20130122",",,E","20130120",",,E","20130130",",,E","-14.3",",E,25,","190",",,E,22,","7.9",",,E,20,","12.4",",E,30,","2081.7","E","586.0",",E","43.8",",,,E","-0.57",",E","1.57",",,,E","-2.71",",,,E"
"GME00131410","2013-02","50.8433","10.2528","283.0","MOORGRUND GRAFEN NITZENDORF, GM","0.0","E","0.0",",E","16",",E","4",",E","0",",E","15",",","0",",E","25",",E","11",",E","0",",E","0",",E","20130211","+,,E","20130225",",,E","20130201",",,E","20130204",",,E","-12.8",",E,11,+","130",",,E,25,","10.0",",,E,01,","6.0",",E,04,","2634.5","E","552.8",",E","37.6",",,,E","-1.41",",E","0.81",",,,E","-3.63",",,,E"
"GME00131410","2013-03","50.8433","10.2528","283.0","MOORGRUND GRAFEN NITZENDORF, GM","0.0","E","0.0",",E","10",",E","3",",E","0",",E","5",",","0",",E","28",",E","9",",E","0",",E","0",",E","20130314",",,E","20130313",",,E","20130320",",,E","20130306",",,E","-12.5",",E,14,","70",",,E,13,","8.6",",,E,20,","15.2",",E,06,","3213.1","E","578.6",",E","20.2",",,,E","-0.33",",E","3.37",",,,E","-4.03",",,,E"
"GME00131410","2013-04","50.8433","10.2528","283.0","MOORGRUND GRAFEN NITZENDORF, GM","0.0","E","0.0",",E","9",",E","5",",E","0",",E","0",",","0",",E","8",",E","0",",E","5",",E","0",",E","20130401",",,E","20130401",",,E","20130411",",,E","20130425",",,E","-5.4",",E,01,","20",",,E,01,","12.0",",,E,11,","23.8",",E,25,","3520.6","E","307.5",",E","41.0",",,,E","8.08",",E","12.77",",,,E","3.39",",,,E"
"GME00131410","2013-05","50.8433","10.2528","283.0","MOORGRUND GRAFEN NITZENDORF, GM","0.0","E","0.0",",E","18",",E","15",",E","4",",E","","","0",",E","0",",E","0",",E","4",",E","0",",E","20130523",",,E","","","20130526",",,E","20130515",",,E","2.4",",E,23,","","","44.1",",,E,26,","22.4",",E,15,","3730.2","E","209.6",",E","239.4",",,,E","11.57",",E","15.78",",,,E","7.36",",,,E"
"GME00131410","2013-06","50.8433","10.2528","283.0","MOORGRUND GRAFEN NITZENDORF, GM","16.9","E","16.9",",E","9",",E","5",",E","0",",E","","","0",",E","0",",E","0",",E","13",",E","1",",E","20130606",",,E","","","20130609",",,E","20130619",",,E","4.6",",E,06,","","","16.7",",,E,09,","34.2",",E,19,","3845.4","E","115.2",",E","47.2",",,,E","15.06",",E","20.70",",,,E","9.41",",,,E"
"GME00131410","2013-07","50.8433","10.2528","283.0","MOORGRUND GRAFEN NITZENDORF, GM","55.0","E","38.1",",E","6","2,E","3","2,E","0","2,E","","","0",",E","0",",E","0",",E","29",",E","1",",E","20130713",",,E","","","20130728",",2,E","20130727",",,E","7.0",",E,13,","","","11.1","2,,E,28,","34.1",",E,27,","23.4","E","23.4",",E","22.3","2,,,E","18.81",",E","25.58",",,,E","12.04",",,,E"
"GME00131410","2013-08","50.8433","10.2528","283.0","MOORGRUND GRAFEN NITZENDORF, GM","87.9","E","32.9",",E","6",",E","5",",E","0",",E","","","0",",E","0",",E","0",",E","24",",E","1",",E","20130814",",,E","","","20130806",",,E","20130802",",,E","6.3",",E,14,","","","19.8",",,E,06,","33.8",",E,02,","70.8","E","47.4",",E","49.4",",,,E","17.87",",E","24.18",",,,E","11.55",",,,E"
"GME00131410","2013-09","50.8433","10.2528","283.0","MOORGRUND GRAFEN NITZENDORF, GM","94.1","E","6.2",",E","14",",E","9",",E","0",",E","","","0",",E","0",",E","0",",E","6",",E","0",",E","20130928",",,E","","","20130908",",,E","20130906",",,E","0.2",",E,28,","","","17.1",",,E,08,","28.4",",E,06,","229.7","E","158.9",",E","66.1",",,,E","13.24",",E","17.71",",,,E","8.77",",,,E"
"GME00131410","2013-10","50.8433","10.2528","283.0","MOORGRUND GRAFEN NITZENDORF, GM","94.1","E","0.0",",E","16",",E","8",",E","1",",E","0",",","0",",E","1",",E","0",",E","1",",E","0",",E","20131002",",,E","20131031","+,,E","20131005",",,E","20131022",",,E","-1.5",",E,02,","0",",,E,31,+","28.1",",,E,05,","21.1",",E,22,","479.5","E","249.8",",E","87.2",",,,E","10.28",",E","13.84",",,,E","6.71",",,,E"
"GME00131410","2013-11","50.8433","10.2528","283.0","MOORGRUND GRAFEN NITZENDORF, GM","94.1","E","0.0",",E","21",",E","9",",E","0",",E","0",",","0",",E","14",",E","0",",E","0",",E","0",",E","20131126",",,E","20131130","+,,E","20131119",",,E","20131102",",,E","-4.7",",E,26,","0",",,E,30,+","9.3",",,E,19,","14.5",",E,02,","910.3","E","430.8",",E","58.2",",,,E","3.97",",E","6.54",",,,E","1.40",",,,E"
"GME00131410","2013-12","50.8433","10.2528","283.0","MOORGRUND GRAFEN NITZENDORF, GM","94.1","E","0.0",",E","12",",E","5",",E","0",",E","0",",","0",",E","13",",E","0",",E","0",",E","0",",E","20131203",",,E","20131207",",,E","20131222","+,,E","20131224",",,E","-2.5",",E,03,","10",",,E,07,","6.5",",,E,22,+","10.6",",E,24,","1376.1","E","465.8",",E","31.5",",,,E","3.31",",E","5.32",",,,E","1.30",",,,E"
"GME00131410","2014-01","50.8433","10.2528","283.0","MOORGRUND GRAFEN NITZENDORF, GM","0.0","E","0.0",",E","16",",E","5",",E","0",",E","4",",","0",",E","18",",E","1",",E","0",",E","0",",E","20140126",",,E","20140127",",,E","20140106",",,E","20140108",",,E","-6.4",",E,26,","60",",,E,27,","6.8",",,E,06,","12.1",",E,08,","1874.4","E","498.3",",E","30.7",",,,E","2.26",",E","4.64",",,,E","-0.13",",,,E"
"GME00131410","2014-02","50.8433","10.2528","283.0","MOORGRUND GRAFEN NITZENDORF, GM","0.0","E","0.0",",E","11",",E","3",",E","0",",E","0",",","0",",E","7",",E","0",",E","0",",E","0",",E","20140205",",,E","20140201",",,E","20140213",",,E","20140225",",,E","-1.2",",E,05,","20",",,E,01,","3.8",",,E,13,","11.6",",E,25,","2260.8","E","386.4",",E","18.8",",,,E","4.53",",E","7.68",",,,E","1.39",",,,E"
"GME00131410","2014-03","50.8433","10.2528","283.0","MOORGRUND GRAFEN NITZENDORF, GM","0.0","E","0.0",",E","6",",E","1",",E","0",",E","0",",","0",",E","20",",E","0",",E","0",",E","0",",E","20140326",",,E","20140331","+,,E","20140322",",,E","20140330",",,E","-4.4",",E,26,","0",",,E,31,+","3.7",",,E,22,","19.8",",E,30,","2622.1","E","361.3",",E","9.9",",,,E","6.68",",E","12.90",",,,E","0.45",",,,E"
"GME00131410","2014-04","50.8433","10.2528","283.0","MOORGRUND GRAFEN NITZENDORF, GM","0.0","E","0.0",",E","12",",E","6",",E","0",",E","0",",","0",",E","3",",E","0",",E","4",",E","0",",E","20140417",",,E","20140430","+,,E","20140426",",,E","20140403",",,E","-2.3",",E,17,","0",",,E,30,+","5.4",",,E,26,","22.3",",E,03,","2849.3","E","227.2",",E","30.3",",,,E","10.76",",E","16.56",",,,E","4.95",",,,E"
"GME00131410","2014-05","50.8433","10.2528","283.0","MOORGRUND GRAFEN NITZENDORF, GM","2.6","E","2.6",",E","16",",E","8",",E","0",",E","","","0",",E","1",",E","0",",E","6",",E","0",",E","20140504",",,E","","","20140527",",,E","20140521",",,E","-1.1",",E,04,","","","22.5",",,E,27,","28.2",",E,21,","3043.3","E","194.0",",E","69.8",",,,E","12.16",",E","17.63",",,,E","6.70",",,,E"
"GME00131410","2014-06","50.8433","10.2528","283.0","MOORGRUND GRAFEN NITZENDORF, GM","19.9","E","17.3",",E","9",",E","5",",E","0",",E","","","0",",E","0",",E","0",",E","13",",E","2",",E","20140601",",,E","","","20140611",",,E","20140609",",,E","4.8",",E,01,","","","9.3",",,E,11,","33.3",",E,09,","3154.9","E","111.6",",E","29.3",",,,E","15.19",",E","21.47",",,,E","8.90",",,,E"
"GME00131410","2014-07","50.8433","10.2528","283.0","MOORGRUND GRAFEN NITZENDORF, GM","65.9","E","46.0",",E","12",",E","10",",E","1",",E","","","0",",E","0",",E","0",",E","25",",E","1",",E","20140702",",,E","","","20140708",",,E","20140719",",,E","5.4",",E,02,","","","46.4",",,E,08,","32.3",",E,19,","26.0","E","26.0",",E","143.8",",,,E","18.98",",E","24.78",",,,E","13.17",",,,E"
"GME00131410","2014-08","50.8433","10.2528","283.0","MOORGRUND GRAFEN NITZENDORF, GM","71.8","E","5.9",",E","18",",E","13",",E","0",",E","","","0",",E","0",",E","0",",E","13",",E","0",",E","20140821",",,E","","","20140810",",,E","20140802",",,E","5.9",",E,21,","","","22.3",",,E,10,","26.9",",E,02,","112.6","E","86.6",",E","111.5",",,,E","15.73",",E","20.97",",,,E","10.48",",,,E"
"GME00131410","2014-09","50.8433","10.2528","283.0","MOORGRUND GRAFEN NITZENDORF, GM","71.8","E","0.0",",E","12",",E","9",",E","0",",E","","","0",",E","0",",E","0",",E","10",",E","0",",E","20140924",",,E","","","20140907",",,E","20140905",",,E","4.3",",E,24,","","","12.8",",,E,07,","24.8",",E,05,","217.2","E","104.6",",E","65.4",",,,E","14.85",",E","19.08",",,,E","10.61",",,,E"
"GME00131410","2014-10","50.8433","10.2528","283.0","MOORGRUND GRAFEN NITZENDORF, GM","71.8","E","0.0",",E","15",",E","4",",E","0",",E","0",",","0",",E","0",",E","0",",E","1",",E","0",",E","20141024",",,E","20141031","+,,E","20141022",",,E","20141002",",,E","3.3",",E,24,","0",",,E,31,+","14.6",",,E,22,","21.3",",E,02,","418.2","E","201.0",",E","50.1",",,,E","11.85",",E","15.45",",,,E","8.25",",,,E"
"GME00131410","2014-11","50.8433","10.2528","283.0","MOORGRUND GRAFEN NITZENDORF, GM","71.8","E","0.0",",E","6",",E","2",",E","0",",E","0",",","0",",E","3",",E","0",",E","0",",E","0",",E","20141126",",,E","20141130","+,,E","20141105",",,E","20141101",",,E","-4.1",",E,26,","0",",,E,30,+","4.9",",,E,05,","16.0",",E,01,","789.3","E","371.1",",E","14.9",",,,E","5.96",",E","8.29",",,,E","3.64",",,,E"
"GME00131410","2014-12","50.8433","10.2528","283.0","MOORGRUND GRAFEN NITZENDORF, GM","71.8","E","0.0",",E","17",",E","12",",E","0",",E","2",",","0",",E","13",",E","3",",E","0",",E","0",",E","20141228",",,E","20141231","+,,E","20141213",",,E","20141218",",,E","-7.8",",E,28,","100",",,E,31,+","13.2",",,E,13,","12.4",",E,18,","1288.2","E","498.9",",E","64.3",",,,E","2.24",",E","4.26",",,,E","0.21",",,,E"
"GME00131410","2015-01","50.8433","10.2528","283.0","MOORGRUND GRAFEN NITZENDORF, GM","0.0","E","0.0",",E","22",",E","10",",E","0",",E","9",",","0",",E","16",",E","2",",E","0",",E","0",",E","20150122",",,E","20150131",",,E","20150108",",,E","20150110",",,E","-5.4",",E,22,","60",",,E,31,","12.2",",,E,08,","14.3",",E,10,","1802.4","E","514.2",",E","67.4",",,,E","1.75",",E","3.93",",,,E","-0.44",",,,E"
"GME00131410","2015-02","50.8433","10.2528","283.0","MOORGRUND GRAFEN NITZENDORF, GM","0.0","E","0.0",",E","8",",E","2",",E","0",",E","7",",","0",",E","24",",E","5",",E","0",",E","0",",E","20150205",",,E","20150204","+,,E","20150223",",,E","20150220",",,E","-9.4",",E,05,","50",",,E,04,+","5.5",",,E,23,","8.6",",E,20,","2313.7","E","511.3",",E","15.1",",,,E","0.07",",E","3.18",",,,E","-3.04",",,,E"
"GME00131410","2015-03","50.8433","10.2528","283.0","MOORGRUND GRAFEN NITZENDORF, GM","0.0","E","0.0",",E","11",",E","5",",E","0",",E","0",",","0",",E","18",",E","0",",E","0",",E","0",",E","20150316",",,E","20150331","+,,E","20150329",",,E","20150325",",,E","-3.9",",E,16,","0",",,E,31,+","11.6",",,E,29,","18.0",",E,25,","2743.7","E","430.0",",E","40.5",",,,E","4.46",",E","9.36",",,,E","-0.44",",,,E"
"GME00131410","2015-04","50.8433","10.2528","283.0","MOORGRUND GRAFEN NITZENDORF, GM","0.0","E","0.0",",E","6",",E","3",",E","0",",E","0",",","0",",E","14",",E","0",",E","2",",E","0",",E","20150407",",,E","20150430","+,,E","20150401",",,E","20150415",",,E","-4.0",",E,07,","0",",,E,30,+","9.0",",,E,01,","23.4",",E,15,","3056.3","E","312.6",",E","23.9",",,,E","7.91",",E","14.73",",,,E","1.10",",,,E"
"GME00131410","2015-05","50.8433","10.2528","283.0","MOORGRUND GRAFEN NITZENDORF, GM","0.3","E","0.3",",E","10",",E","3",",E","0",",E","","","0",",E","0",",E","0",",E","5",",E","0",",E","20150502",",,E","","","20150525",",,E","20150512",",,E","0.2",",E,02,","","","6.4",",,E,25,","28.3",",E,12,","3252.1","E","195.8",",E","18.7",",,,E","12.02",",E","18.55",",,,E","5.49",",,,E"
"GME00131410","2015-06","50.8433","10.2528","283.0","MOORGRUND GRAFEN NITZENDORF, GM","11.8","E","11.5",",E","11",",E","6",",E","0",",E","","","0",",E","0",",E","0",",E","17",",E","0",",E","20150617",",,E","","","20150622",",,E","20150605",",,E","3.7",",E,17,","","","16.9",",,E,22,","30.5",",E,05,","3346.9","E","94.8",",E","51.6",",,,E","15.56",",E","21.58",",,,E","9.53",",,,E"
"GME00131410","2015-07","50.8433","10.2528","283.0","MOORGRUND GRAFEN NITZENDORF, GM","85.0","E","73.2",",E","13",",E","8",",E","0",",E","","","0",",E","0",",E","0",",E","22",",E","6",",E","20150710",",,E","","","20150727",",,E","20150705",",,E","4.7",",E,10,","","","11.8",",,E,27,","36.9",",E,05,","39.3","E","39.3",",E","65.5",",,,E","19.43",",E","25.99",",,,E","12.86",",,,E"
"GME00131410","2015-08","50.8433","10.2528","283.0","MOORGRUND GRAFEN NITZENDORF, GM","163.7","E","78.7",",E","8",",E","4",",E","1",",E","","","0",",E","0",",E","0",",E","24",",E","5",",E","20150822",",,E","","","20150816",",,E","20150807",",,E","8.2",",E,22,","","","39.3",",,E,16,","35.0",",E,07,","67.0","E","27.7",",E","60.6",",,,E","19.98",",E","26.58",",,,E","13.37",",,,E"
"GME00131410","2015-09","50.8433","10.2528","283.0","MOORGRUND GRAFEN NITZENDORF, GM","163.7","E","0.0",",E","14",",E","6",",E","0",",E","","","0",",E","0",",E","0",",E","3",",E","0",",E","20150928",",,E","","","20150914",",,E","20150901",",,E","2.7",",E,28,","","","12.6",",,E,14,","24.8",",E,01,","231.2","E","164.2",",E","49.3",",,,E","12.86",",E","17.45",",,,E","8.27",",,,E"
"GME00131410","2015-10","50.8433","10.2528","283.0","MOORGRUND GRAFEN NITZENDORF, GM","163.7","E","0.0",",E","12",",E","6",",E","0",",E","0",",","0",",E","4",",E","0",",E","0",",E","0",",E","20151012",",,E","20151014",",,E","20151006",",,E","20151004",",,E","-4.3",",E,12,","10",",,E,14,","7.6",",,E,06,","18.9",",E,04,","552.6","E","321.4",",E","33.4",",,,E","7.97",",E","11.75",",,,E","4.18",",,,E"
"GME00131410","2015-11","50.8433","10.2528","283.0","MOORGRUND GRAFEN NITZENDORF, GM","163.7","E","0.0",",E","17",",E","10",",E","0",",E","0",",","0",",E","9",",E","0",",E","0",",E","0",",E","20151127",",,E","20151125",",,E","20151130",",,E","20151107",",,E","-2.1",",E,27,","10",",,E,25,","13.6",",,E,30,","18.0",",E,07,","871.1","E","318.5",",E","79.6",",,,E","7.72",",E","10.89",",,,E","4.55",",,,E"
"GME00131410","2015-12","50.8433","10.2528","283.0","MOORGRUND GRAFEN NITZENDORF, GM","163.7","E","0.0",",E","14",",E","4",",E","0",",E","0",",","0",",E","5",",E","0",",E","0",",E","0",",E","20151209",",,E","20151231","+,,E","20151221",",,E","20151226",",,E","-1.7",",E,09,","0",",,E,31,+","3.9",",,E,21,","12.9",",E,26,","1249.8","E","378.7",",E","24.9",",,,E","6.12",",E","8.88",",,,E","3.35",",,,E"
"GME00131410","2016-01","50.8433","10.2528","283.0","MOORGRUND GRAFEN NITZENDORF, GM","0.0","E","0.0",",E","19",",E","11",",E","0",",E","10",",","0",",E","20",",E","7",",E","0",",E","0",",E","20160119",",,E","20160123",",,E","20160130",",,E","20160127",",,E","-11.8",",E,19,","70",",,E,23,","5.6",",,E,30,","12.0",",E,27,","1796.9","E","547.1",",E","53.7",",,,E","0.68",",E","3.34",",,,E","-1.97",",,,E"
"GME00131410","2016-02","50.8433","10.2528","283.0","MOORGRUND GRAFEN NITZENDORF, GM","0.0","E","0.0",",E","15",",E","8",",E","0",",E","0",",","0",",E","14",",E","1",",E","0",",E","0",",E","20160227",",,E","20160223",",,E","20160222",",,E","20160221","+,,E","-6.0",",E,27,","10",",,E,23,","12.2",",,E,22,","12.1",",E,21,+","2248.2","E","451.3",",E","52.2",",,,E","2.77",",E","5.70",",,,E","-0.16",",,,E"
"GME00131410","2016-03","50.8433","10.2528","283.0","MOORGRUND GRAFEN NITZENDORF, GM","0.0","E","0.0",",E","15",",E","5",",E","0",",E","0",",","0",",E","14",",E","0",",E","0",",E","0",",E","20160310",",,E","20160301",",,E","20160331",",,E","20160318",",,E","-5.6",",E,10,","20",",,E,01,","20.4",",,E,31,","13.6",",E,18,","2701.3","E","453.1",",E","46.2",",,,E","3.72",",E","7.32",",,,E","0.12",",,,E"
"GME00131410","2016-04","50.8433","10.2528","283.0","MOORGRUND GRAFEN NITZENDORF, GM","0.0","E","0.0",",E","13",",E","4",",E","0",",E","0",",","0",",E","13",",E","0",",E","0",",E","0",",E","20160409",",,E","20160430","+,,E","20160416",",,E","20160403",",,E","-1.6",",E,09,","0",",,E,30,+","11.8",",,E,16,","20.7",",E,03,","3024.3","E","323.0",",E","46.8",",,,E","7.57",",E","13.16",",,,E","1.97",",,,E"
"GME00131410","2016-05","50.8433","10.2528","283.0","MOORGRUND GRAFEN NITZENDORF, GM","1.5","E","1.5",",E","9",",E","5",",E","0",",E","","","0",",E","1",",E","0",",E","12",",E","0",",E","20160505",",,E","","","20160523",",,E","20160522",",,E","-0.5",",E,05,","","","17.0",",,E,23,","28.0",",E,22,","3191.2","E","166.9",",E","51.7",",,,E","13.00",",E","19.16",",,,E","6.83",",,,E"
"GME00131410","2016-06","50.8433","10.2528","283.0","MOORGRUND GRAFEN NITZENDORF, GM","19.4","E","17.9",",E","16",",E","7",",E","0",",E","","","0",",E","0",",E","0",",E","16",",E","1",",E","20160620",",,E","","","20160612",",,E","20160624",",,E","6.0",",E,20,","","","9.2",",,E,12,","32.7",",E,24,","3251.0","E","59.8",",E","50.4",",,,E","16.94",",E","22.43",",,,E","11.45",",,,E"
"GME00131410","2016-07","50.8433","10.2528","283.0","MOORGRUND GRAFEN NITZENDORF, GM","60.1","E","40.7",",E","15",",E","8",",E","0",",E","","","0",",E","0",",E","0",",E","24",",E","1",",E","20160707",",,E","","","20160721",",,E","20160720",",,E","7.1",",E,07,","","","23.4",",,E,21,","32.2",",E,20,","32.2","E","32.2",",E","71.7",",,,E","18.61",",E","24.44",",,,E","12.78",",,,E"
"GME00131410","2016-08","50.8433","10.2528","283.0","MOORGRUND GRAFEN NITZENDORF, GM","90.8","E","30.7",",E","11",",E","5",",E","0",",E","","","0",",E","0",",E","0",",E","22",",E","3",",E","20160811",",,E","","","20160804",",,E","20160828",",,E","3.2",",E,11,","","","7.8",",,E,04,","33.4",",E,28,","88.8","E","56.6",",E","27.0",",,,E","17.50",",E","23.85",",,,E","11.15",",,,E"
"GME00131410","2016-09","50.8433","10.2528","283.0","MOORGRUND GRAFEN NITZENDORF, GM","110.5","E","19.7",",E","5",",E","3",",E","1",",E","","","0",",E","0",",E","0",",E","19",",E","0",",E","20160921",",,E","","","20160904",",,E","20160913",",,E","3.9",",E,21,","","","27.2",",,E,04,","31.4",",E,13,","153.5","E","64.7",",E","46.6",",,,E","16.83",",E","23.19",",,,E","10.47",",,,E"
"GME00131410","2016-10","50.8433","10.2528","283.0","MOORGRUND GRAFEN NITZENDORF, GM","110.5","E","0.0",",E","18",",E","6",",E","0",",E","0",",","0",",E","0",",E","0",",E","0",",E","0",",E","20161010",",,E","20161031","+,,E","20161024",",,E","20161016",",,E","1.7",",E,10,","0",",,E,31,+","16.8",",,E,24,","18.1",",E,16,","463.7","E","310.2",",E","62.4",",,,E","8.33",",E","11.54",",,,E","5.11",",,,E"
"GME00131410","2016-11","50.8433","10.2528","283.0","MOORGRUND GRAFEN NITZENDORF, GM","110.5","E","0.0",",E","16",",E","8",",E","0",",E","0",",","0",",E","11",",E","0",",E","0",",E","0",",E","20161129",",,E","20161130","+,,E","20161105",",,E","20161118",",,E","-8.4",",E,29,","0",",,E,30,+","11.0",",,E,05,","12.5",",E,18,","917.0","E","453.3",",E","62.8",",,,E","3.22",",E","6.06",",,,E","0.38",",,,E"
"GME00131410","2016-12","50.8433","10.2528","283.0","MOORGRUND GRAFEN NITZENDORF, GM","110.5","E","0.0",",E","10",",E","1",",E","0",",E","0",",","0",",E","19",",E","9",",E","0",",E","0",",E","20161204",",,E","20161231","+,,E","20161211",",,E","20161226",",,E","-10.5",",E,04,","0",",,E,31,+","3.0",",,E,11,","9.6",",E,26,","1459.5","E","542.5",",E","15.1",",,,E","0.83",",E","3.19",",,,E","-1.53",",,,E"
"GME00131410","2017-01","50.8433","10.2528","283.0","MOORGRUND GRAFEN NITZENDORF, GM","0.0","E","0.0",",E","11",",E","6",",E","0",",E","28",",","0",",E","29",",E","16",",E","0",",E","0",",E","20170123",",,E","20170117","+,,E","20170113",",,E","20170130",",,E","-16.0",",E,23,","120",",,E,17,+","5.3",",,E,13,","4.0",",E,30,","2140.1","E","680.6",",E","31.2",",,,E","-3.62",",E","-0.27",",,,E","-6.97",",,,E"
"GME00131410","2017-02","50.8433","10.2528","283.0","MOORGRUND GRAFEN NITZENDORF, GM","0.0","E","0.0",",E","11",",E","5",",E","0",",E","2",",","0",",E","17",",E","2",",E","0",",E","0",",E","20170209",",,E","20170202","+,,E","20170220",",,E","20170227",",,E","-7.2",",E,09,","50",",,E,02,+","4.0",",,E,20,","12.7",",E,27,","2573.7","E","433.6",",E","24.0",",,,E","2.85",",E","6.30",",,,E","-0.60",",,,E"
"GME00131410","2017-03","50.8433","10.2528","283.0","MOORGRUND GRAFEN NITZENDORF, GM","0.0","E","0.0",",E","11",",E","8",",E","0",",E","0",",","0",",E","7",",E","0",",E","1",",E","0",",E","20170312",",,E","20170331","+,,E","20170318",",,E","20170331",",,E","-3.3",",E,12,","0",",,E,31,+","12.8",",,E,18,","23.1",",E,31,","2918.3","E","344.6",",E","55.4",",,,E","7.22",",E","12.20",",,,E","2.24",",,,E"
"GME00131410","2017-04","50.8433","10.2528","283.0","MOORGRUND GRAFEN NITZENDORF, GM","0.0","E","0.0",",E","9",",E","2",",E","0",",E","0",",","0",",E","8",",E","0",",E","0",",E","0",",E","20170420",",,E","20170430","+,,E","20170416",",,E","20170401",",,E","-4.2",",E,20,","0",",,E,30,+","8.0",",,E,16,","20.9",",E,01,","3252.9","E","334.6",",E","21.3",",,,E","7.18",",E","12.62",",,,E","1.74",",,,E"
"GME00131410","2017-05","50.8433","10.2528","283.0","MOORGRUND GRAFEN NITZENDORF, GM","15.5","E","15.5",",E","9",",E","4",",E","0",",E","","","0",",E","2",",E","0",",E","12",",E","0",",E","20170510",",,E","","","20170519",",,E","20170529",",,E","-0.1",",E,10,","","","13.5",",,E,19,","31.9",",E,29,","3407.1","E","154.2",",E","32.2",",,,E","13.86",",E","20.20",",,,E","7.52",",,,E"
"GME00131410","2017-06","50.8433","10.2528","283.0","MOORGRUND GRAFEN NITZENDORF, GM","32.5","E","17.0",",E","12",",E","7",",E","2",",E","","","0",",E","0",",E","0",",E","20",",E","1",",E","20170614",",,E","","","20170603",",,E","20170622",",,E","6.1",",E,14,","","","25.8",",,E,03,","33.1",",E,22,","3456.9","E","49.8",",E","94.7",",,,E","17.24",",E","23.56",",,,E","10.92",",,,E"
"GME00131410","2017-07","50.8433","10.2528","283.0","MOORGRUND GRAFEN NITZENDORF, GM","75.8","E","43.3",",E","18",",E","12",",E","2",",E","","","0",",E","0",",E","0",",E","23",",E","0",",E","20170713",",,E","","","20170725",",,E","20170719",",,E","7.0",",E,13,","","","62.8",",,E,25,","32.1",",E,19,","40.1","E","40.1",",E","194.2",",,,E","18.44",",E","23.52",",,,E","13.35",",,,E"
"GME00131410","2017-08","50.8433","10.2528","283.0","MOORGRUND GRAFEN NITZENDORF, GM","105.3","E","29.5",",E","13",",E","9",",E","0",",E","","","0",",E","0",",E","0",",E","24",",E","0",",E","20170807",",,E","","","20170810",",,E","20170830",",,E","7.1",",E,07,","","","18.2",",,E,10,","28.9",",E,30,","82.4","E","42.3",",E","82.1",",,,E","17.92",",E","23.75",",,,E","12.09",",,,E"
"GME00131410","2017-09","50.8433","10.2528","283.0","MOORGRUND GRAFEN NITZENDORF, GM","105.3","E","0.0",",E","14",",E","6",",E","0",",E","","","0",",E","0",",E","0",",E","1",",E","0",",E","20170918",",,E","","","20170930",",,E","20170905",",,E","3.8",",E,18,","","","16.6",",,E,30,","21.1",",E,05,","244.2","E","161.8",",E","53.3",",,,E","12.94",",E","17.54",",,,E","8.34",",,,E"
"GME00131410","2017-10","50.8433","10.2528","283.0","MOORGRUND GRAFEN NITZENDORF, GM","105.3","E","0.0",",E","18",",E","10",",E","0",",E","0",",","0",",E","0",",E","0",",E","1",",E","0",",E","20171009",",,E","20171031","+,,E","20171002",",,E","20171017",",,E","3.8",",E,09,","0",",,E,31,+","14.9",",,E,02,","21.1",",E,17,","463.6","E","219.4",",E","70.0",",,,E","11.26",",E","14.64",",,,E","7.87",",,,E"
"GME00131410","2017-11","50.8433","10.2528","283.0","MOORGRUND GRAFEN NITZENDORF, GM","105.3","E","0.0",",E","20",",E","6",",E","0",",E","0",",","0",",E","4",",E","0",",E","0",",E","0",",E","20171113",",,E","20171130","+,,E","20171124",",,E","20171123",",,E","-1.3",",E,13,","0",",,E,30,+","13.4",",,E,24,","13.5",",E,23,","868.4","E","404.8",",E","65.1",",,,E","4.84",",E","7.11",",,,E","2.57",",,,E"
"GME00131410","2017-12","50.8433","10.2528","283.0","MOORGRUND GRAFEN NITZENDORF, GM","105.3","E","0.0",",E","20",",E","8",",E","0",",E","2",",","0",",E","14",",E","1",",E","0",",E","0",",E","20171210",",,E","20171204",",,E","20171203",",,E","20171231",",,E","-3.1",",E,10,","80",",,E,04,","10.5",",,E,03,","12.2",",E,31,","1349.0","E","480.6",",E","63.0",",,,E","2.83",",E","4.78",",,,E","0.88",",,,E"
"GME00131410","2018-01","50.8433","10.2528","283.0","MOORGRUND GRAFEN NITZENDORF, GM","0.0","E","0.0",",E","18",",E","13",",E","0",",E","2",",","0",",E","8",",E","0",",E","0",",E","0",",E","20180109",",,E","20180122",",,E","20180116",",,E","20180101",",,E","-2.1",",E,09,","40",",,E,22,","6.8",",,E,16,","11.3",",E,01,","1792.8","E","443.8",",E","69.4",",,,E","4.02",",E","6.31",",,,E","1.72",",,,E"
"GME00131410","2018-02","50.8433","10.2528","283.0","MOORGRUND GRAFEN NITZENDORF, GM","0.0","E","0.0",",E","6",",E","2",",E","0",",E","4",",","0",",E","26",",E","10",",E","0",",E","0",",E","20180227",",,E","20180227","+,,E","20180203",",,E","20180216",",,E","-14.3",",E,27,","30",",,E,27,+","3.7",",,E,03,","5.2",",E,16,","2378.4","E","585.6",",E","11.8",",,,E","-2.58",",E","0.58",",,,E","-5.74",",,,E"
"GME00131410","2018-03","50.8433","10.2528","283.0","MOORGRUND GRAFEN NITZENDORF, GM","0.0","E","0.0",",E","17",",E","10",",E","0",",E","2",",","0",",E","20",",E","6",",E","0",",E","0",",E","20180321",",,E","20180304",",,E","20180330",",,E","20180311",",,E","-13.5",",E,21,","40",",,E,04,","11.6",",,E,30,","16.6",",E,11,","2885.3","E","506.9",",E","72.8",",,,E","1.98",",E","6.15",",,,E","-2.19",",,,E"
"GME00131410","2018-04","50.8433","10.2528","283.0","MOORGRUND GRAFEN NITZENDORF, GM","0.0","E","0.0",",E","14",",E","5",",E","0",",E","0",",","0",",E","2",",E","0",",E","12",",E","0",",E","20180406",",,E","20180430","+,,E","20180413",",,E","20180420",",,E","-2.3",",E,06,","0",",,E,30,+","11.7",",,E,13,","27.4",",E,20,","3056.6","E","171.3",",E","44.7",",,,E","12.62",",E","19.38",",,,E","5.87",",,,E"
"GME00131410","2018-05","50.8433","10.2528","283.0","MOORGRUND GRAFEN NITZENDORF, GM","11.7","E","11.7",",E","8","1,E","5","1,E","0","1,E","","","0",",E","1",",E","0",",E","19",",E","0",",E","20180502",",,E","","","20180515",",1,E","20180531",",,E","-0.4",",E,02,","","","9.3","1,,E,15,","28.5",",E,31,","3163.1","E","106.5",",E","40.3","1,,,E","15.27",",E","21.74",",,,E","8.81",",,,E"
"GME00131410","2018-06","50.8433","10.2528","283.0","MOORGRUND GRAFEN NITZENDORF, GM","36.6","E","24.9",",E","6",",E","2",",E","0",",E","","","0",",E","0",",E","0",",E","23",",E","0",",E","20180622",",,E","","","20180622",",,E","20180609",",,E","7.4",",E,22,","","","6.8",",,E,22,","29.7",",E,09,","3201.5","E","38.4",",E","13.9",",,,E","17.88",",E","23.36",",,,E","12.40",",,,E"
"GME00131410","2018-07","50.8433","10.2528","283.0","MOORGRUND GRAFEN NITZENDORF, GM","95.0","E","58.4",",E","7",",E","5",",E","0",",E","","","0",",E","0",",E","0",",E","29",",E","3",",E","20180703",",,E","","","20180710",",,E","20180731",",,E","5.0",",E,03,","","","10.6",",,E,10,","36.6",",E,31,","16.1","E","16.1",",E","27.5",",,,E","19.70",",E","27.66",",,,E","11.74",",,,E"
"GME00131410","2018-08","50.8433","10.2528","283.0","MOORGRUND GRAFEN NITZENDORF, GM","161.6","E","66.6",",E","5",",E","2",",E","0",",E","","","0",",E","0",",E","0",",E","26",",E","4",",E","20180826",",,E","","","20180813",",,E","20180807",",,E","3.3",",E,26,","","","4.4",",,E,13,","35.2",",E,07,","51.3","E","35.2",",E","9.9",",,,E","19.35",",E","26.81",",,,E","11.88",",,,E"
"GME00131410","2018-09","50.8433","10.2528","283.0","MOORGRUND GRAFEN NITZENDORF, GM","173.0","E","11.4",",E","8",",E","7",",E","1",",E","","","0",",E","1",",E","0",",E","17",",E","0",",E","20180929",",,E","","","20180923",",,E","20180918",",,E","-0.4",",E,29,","","","38.5",",,E,23,","30.1",",E,18,","169.9","E","118.6",",E","66.6",",,,E","14.76",",E","21.43",",,,E","8.09",",,,E"
"GME00131410","2018-10","50.8433","10.2528","283.0","MOORGRUND GRAFEN NITZENDORF, GM","173.0","E","0.0",",E","9",",E","1",",E","0",",E","0",",","0",",E","0",",E","0",",E","8",",E","0",",E","20181022","+,,E","20181031","+,,E","20181024",",,E","20181013",",,E","0.9",",E,22,+","0",",,E,31,+","3.2",",,E,24,","24.9",",E,13,","418.9","E","249.0",",E","11.4",",,,E","10.30",",E","15.54",",,,E","5.06",",,,E"
"GME00131410","2018-11","50.8433","10.2528","283.0","MOORGRUND GRAFEN NITZENDORF, GM","173.0","E","0.0",",E","9",",E","1",",E","0",",E","0",",","0",",E","14",",E","0",",E","0",",E","0",",E","20181117",",,E","20181130","+,,E","20181112",",,E","20181106",",,E","-4.3",",E,17,","0",",,E,30,+","5.6",",,E,12,","17.3",",E,06,","822.0","E","403.1",",E","17.5",",,,E","4.90",",E","7.91",",,,E","1.89",",,,E"
"GME00131410","2018-12","50.8433","10.2528","283.0","MOORGRUND GRAFEN NITZENDORF, GM","173.0","E","0.0",",E","21",",E","9",",E","0",",E","0",",","0",",E","12",",E","3",",E","0",",E","0",",E","20181216",",,E","20181217",",,E","20181223",",,E","20181202",",,E","-2.8",",E,16,","10",",,E,17,","13.1",",,E,23,","11.9",",E,02,","1281.7","E","459.7",",E","81.8",",,,E","3.50",",E","5.54",",,,E","1.47",",,,E"
"GME00131410","2019-01","50.8433","10.2528","283.0","MOORGRUND GRAFEN NITZENDORF, GM","0.0","E","0.0",",E","20",",E","13",",E","0",",E","3",",","0",",E","18",",E","6",",E","0",",E","0",",E","20190121",",,E","20190126","+,,E","20190125",",,E","20190113",",,E","-10.1",",E,21,","40",",,E,26,+","6.7",",,E,25,","8.1",",E,13,","1843.5","E","561.8",",E","63.1",",,,E","0.21",",E","2.54",",,,E","-2.12",",,,E"
"GME00131410","2019-02","50.8433","10.2528","283.0","MOORGRUND GRAFEN NITZENDORF, GM","0.0","E","0.0",",E","9",",E","1",",E","0",",E","0",",","0",",E","20",",E","0",",E","0",",E","0",",E","20190227",",,E","20190228","+,,E","20190210",",,E","20190227",",,E","-3.8",",E,27,","0",",,E,28,+","11.1",",,E,10,","17.2",",E,27,","2255.5","E","412.0",",E","18.6",",,,E","3.62",",E","8.29",",,,E","-1.05",",,,E"
"GME00131410","2019-03","50.8433","10.2528","283.0","MOORGRUND GRAFEN NITZENDORF, GM","0.0","E","0.0",",E","14",",E","7",",E","0",",E","0",",","0",",E","8",",E","0",",E","0",",E","0",",E","20190320",",,E","20190331","+,,E","20190310",",,E","20190322",",,E","-3.4",",E,20,","0",",,E,31,+","10.2",",,E,10,","19.6",",E,22,","2621.5","E","366.0",",E","50.9",",,,E","6.53",",E","11.05",",,,E","2.00",",,,E"
"GME00131410","2019-04","50.8433","10.2528","283.0","MOORGRUND GRAFEN NITZENDORF, GM","0.0","E","0.0",",E","5",",E","5",",E","0",",E","0",",","0",",E","6",",E","0",",E","5",",E","0",",E","20190416","+,,E","20190430","+,,E","20190426",",,E","20190424",",,E","-2.1",",E,16,+","0",",,E,30,+","7.8",",,E,26,","25.3",",E,24,","2907.7","E","286.2",",E","27.2",",,,E","8.79",",E","15.24",",,,E","2.35",",,,E"
"GME00131410","2019-05","50.8433","10.2528","283.0","MOORGRUND GRAFEN NITZENDORF, GM","0.0","E","0.0",",E","10",",E","7",",E","1",",E","","","0",",E","3",",E","0",",E","6",",E","0",",E","20190515",",,E","","","20190520",",,E","20190531",",,E","-0.5",",E,15,","","","73.4",",,E,20,","23.9",",E,31,","3150.2","E","242.5",",E","106.1",",,,E","10.51",",E","15.74",",,,E","5.28",",,,E"
"GME00131410","2019-06","50.8433","10.2528","283.0","MOORGRUND GRAFEN NITZENDORF, GM","47.2","E","47.2",",E","10",",E","5",",E","0",",E","","","0",",E","0",",E","0",",E","26",",E","3",",E","20190609",",,E","","","20190611",",,E","20190630",",,E","6.6",",E,09,","","","17.4",",,E,11,","35.2",",E,30,","3172.9","E","22.7",",E","45.8",",,,E","19.15",",E","26.38",",,,E","11.91",",,,E"
"GME00131410","2019-07","50.8433","10.2528","283.0","MOORGRUND GRAFEN NITZENDORF, GM","95.5","E","48.3",",E","10",",E","6",",E","1",",E","","","0",",E","0",",E","0",",E","21",",E","4",",E","20190710",",,E","","","20190728",",,E","20190725",",,E","5.2",",E,10,","","","48.3",",,E,28,","36.9",",E,25,","57.4","E","57.4",",E","85.2",",,,E","18.04",",E","24.75",",,,E","11.33",",,,E"
"GME00131410","2019-08","50.8433","10.2528","283.0","MOORGRUND GRAFEN NITZENDORF, GM","137.4","E","41.9",",E","14",",E","8",",E","0",",E","","","0",",E","0",",E","0",",E","27",",E","0",",E","20190822",",,E","","","20190815",",,E","20190831","+,,E","6.9",",E,22,","","","19.8",",,E,15,","31.2",",E,31,+","80.7","E","23.3",",E","74.7",",,,E","18.93",",E","25.44",",,,E","12.43",",,,E"
"GME00131410","2019-09","50.8433","10.2528","283.0","MOORGRUND GRAFEN NITZENDORF, GM","137.4","E","0.0",",E","10",",E","6",",E","0",",E","","","0",",E","0",",E","0",",E","10",",E","0",",E","20190920",",,E","","","20190926",",,E","20190915",",,E","0.2",",E,20,","","","5.4",",,E,26,","25.9",",E,15,","223.9","E","143.2",",E","29.5",",,,E","13.56",",E","19.46",",,,E","7.66",",,,E"
"GME00131410","2019-10","50.8433","10.2528","283.0","MOORGRUND GRAFEN NITZENDORF, GM","137.8","E","0.4",",E","13",",E","9",",E","0",",E","0",",","0",",E","3",",E","0",",E","3",",E","0",",E","20191031","+,,E","20191031","+,,E","20191001",",,E","20191013",",,E","-2.9",",E,31,+","0",",,E,31,+","13.9",",,E,01,","23.4",",E,13,","452.7","E","228.8",",E","66.4",",,,E","10.96",",E","14.88",",,,E","7.05",",,,E"
"GME00131410","2019-11","50.8433","10.2528","283.0","MOORGRUND GRAFEN NITZENDORF, GM","137.8","E","0.0",",E","13",",E","5",",E","0",",E","0",",","0",",E","11",",E","0",",E","0",",E","0",",E","20191130",",,E","20191130","+,,E","20191108",",,E","20191102",",,E","-3.8",",E,30,","0",",,E,30,+","7.1",",,E,08,","15.9",",E,02,","856.0","E","403.3",",E","31.4",",,,E","4.89",",E","7.75",",,,E","2.03",",,,E"
"GME00131410","2019-12","50.8433","10.2528","283.0","MOORGRUND GRAFEN NITZENDORF, GM","137.8","E","0.0",",E","13",",E","7",",E","0",",E","1",",","0",",E","13",",E","0",",E","0",",E","0",",E","20191201",",,E","20191212",",,E","20191224",",,E","20191218",",,E","-4.9",",E,01,","30",",,E,12,","9.8",",,E,24,","12.1",",E,18,","1313.7","E","457.7",",E","48.1",",,,E","3.57",",E","5.95",",,,E","1.19",",,,E"
"GME00131410","2020-01","50.8433","10.2528","283.0","MOORGRUND GRAFEN NITZENDORF, GM","0.0","E","0.0",",E","10",",E","5",",E","0",",E","0",",","0",",E","14",",E","2",",E","0",",E","0",",E","20200122",",,E","20200131","+,,E","20200109",",,E","20200131",",,E","-7.0",",E,22,","0",",,E,31,+","13.9",",,E,09,","13.5",",E,31,","1793.2","E","479.5",",E","41.4",",,,E","2.86",",E","5.46",",,,E","0.27",",,,E"
"GME00131410","2020-02","50.8433","10.2528","283.0","MOORGRUND GRAFEN NITZENDORF, GM","0.0","E","0.0",",E","23",",E","12",",E","0",",E","0",",","0",",E","4",",E","0",",E","0",",E","0",",E","20200205",",,E","20200229","+,,E","20200203",",,E","20200216",",,E","-2.3",",E,05,","0",",,E,29,+","18.0",",,E,03,","17.0",",E,16,","2177.9","E","384.7",",E","101.2",",,,E","5.07",",E","8.22",",,,E","1.91",",,,E"
"GME00131410","2020-03","50.8433","10.2528","283.0","MOORGRUND GRAFEN NITZENDORF, GM","0.0","E","0.0",",E","13",",E","6",",E","1",",E","0",",","0",",E","12",",E","0",",E","0",",E","0",",E","20200325",",,E","20200331","+,,E","20200311",",,E","20200318",",,E","-7.2",",E,25,","0",",,E,31,+","26.1",",,E,11,","16.6",",E,18,","2588.8","E","410.9",",E","65.6",",,,E","5.08",",E","9.91",",,,E","0.25",",,,E"
"GME00131410","2020-04","50.8433","10.2528","283.0","MOORGRUND GRAFEN NITZENDORF, GM","0.0","E","0.0",",E","4",",E","2",",E","0",",E","0",",","0",",E","9",",E","0",",E","8",",E","0",",E","20200401",",,E","20200430","+,,E","20200430",",,E","20200412",",,E","-6.3",",E,01,","0",",,E,30,+","11.3",",,E,30,","23.1",",E,12,","2854.8","E","266.0",",E","18.1",",,,E","9.47",",E","17.68",",,,E","1.25",",,,E"
"GME00131410","2020-05","50.8433","10.2528","283.0","MOORGRUND GRAFEN NITZENDORF, GM","0.0","E","0.0",",E","8",",E","4",",E","0",",E","","","0",",E","5",",E","0",",E","8",",E","0",",E","20200512",",,E","","","20200502",",,E","20200522",",,E","-2.4",",E,12,","","","7.4",",,E,02,","24.3",",E,22,","3089.1","E","234.3",",E","30.8",",,,E","10.78",",E","17.68",",,,E","3.87",",,,E"
"GME00131410","2020-06","50.8433","10.2528","283.0","MOORGRUND GRAFEN NITZENDORF, GM","7.1","E","7.1",",E","12",",E","8",",E","1",",E","","","0",",E","0",",E","0",",E","20",",E","0",",E","20200602",",,E","","","20200614",",,E","20200613",",,E","5.1",",E,02,","","","30.9",",,E,14,","29.0",",E,13,","3163.8","E","74.7",",E","77.9",",,,E","16.08",",E","22.17",",,,E","9.99",",,,E"
"GME00131410","2020-07","50.8433","10.2528","283.0","MOORGRUND GRAFEN NITZENDORF, GM","23.9","E","16.8",",E","10",",E","5",",E","0",",E","","","0",",E","0",",E","0",",E","26",",E","0",",E","20200712",",,E","","","20200726",",,E","20200731",",,E","5.3",",E,12,","","","7.7",",,E,26,","30.9",",E,31,","50.3","E","50.3",",E","34.3",",,,E","17.25",",E","24.13",",,,E","10.38",",,,E"
"GME00131410","2020-08","50.8433","10.2528","283.0","MOORGRUND GRAFEN NITZENDORF, GM","95.8","E","71.9",",E","13","1,E","7","1,E","0","1,E","","","0",",E","0",",E","0",",E","26",",E","6",",E","20200805",",,E","","","20200830",",1,E","20200809",",,E","8.4",",E,05,","","","24.3","1,,E,30,","35.5",",E,09,","70.7","E","20.4",",E","56.4","1,,,E","19.99",",E","25.99",",,,E","13.99",",,,E"
"GME00131410","2020-09","50.8433","10.2528","283.0","MOORGRUND GRAFEN NITZENDORF, GM","101.6","E","5.8",",E","4",",E","2",",E","0",",E","","","0",",E","0",",E","0",",E","16",",E","0",",E","20200919",",,E","","","20200926",",,E","20200915",",,E","1.9",",E,19,","","","15.5",",,E,26,","30.6",",E,15,","191.6","E","120.9",",E","28.9",",,,E","14.50",",E","21.48",",,,E","7.52",",,,E"
"GME00131410","2020-10","50.8433","10.2528","283.0","MOORGRUND GRAFEN NITZENDORF, GM","101.6","E","0.0",",E","21",",E","11",",E","0",",E","0",",","0",",E","0",",E","0",",E","0",",E","0",",E","20201011",",,E","20201031","+,,E","20201014",",,E","20201002",",,E","3.4",",E,11,","0",",,E,31,+","15.8",",,E,14,","20.1",",E,02,","438.8","E","247.2",",E","75.8",",,,E","10.36",",E","13.37",",,,E","7.34",",,,E"
"GME00131410","2020-11","50.8433","10.2528","283.0","MOORGRUND GRAFEN NITZENDORF, GM","101.6","E","0.0",",E","8",",E","1",",E","0",",E","0",",","0",",E","11",",E","0",",E","0",",E","0",",E","20201130",",,E","20201130","+,,E","20201130",",,E","20201102",",,E","-7.3",",E,30,","0",",,E,30,+","5.3",",,E,30,","19.9",",E,02,","826.7","E","387.9",",E","13.4",",,,E","5.40",",E","8.56",",,,E","2.25",",,,E"
"GME00131410","2020-12","50.8433","10.2528","283.0","MOORGRUND GRAFEN NITZENDORF, GM","101.6","E","0.0",",E","13",",E","4",",E","0",",E","3",",","0",",E","12",",E","1",",E","0",",E","0",",E","20201226",",,E","20201201",",,E","20201222",",,E","20201222",",,E","-4.5",",E,26,","60",",,E,01,","8.4",",,E,22,","13.7",",E,22,","1317.6","E","490.9",",E","31.6",",,,E","2.50",",E","4.32",",,,E","0.67",",,,E"
"GME00131410","2021-01","50.8433","10.2528","283.0","MOORGRUND GRAFEN NITZENDORF, GM","0.0","E","0.0",",E","23",",E","6",",E","0",",E","4",",","0",",E","24",",E","3",",E","0",",E","0",",E","20210111",",,E","20210129","+,,E","20210129",",,E","20210121",",,E","-6.1",",E,11,","40",",,E,29,+","13.9",",,E,29,","10.6",",E,21,","1872.4","E","554.8",",E","59.9",",,,E","0.44",",E","2.39",",,,E","-1.52",",,,E"
"GME00131410","2021-02","50.8433","10.2528","283.0","MOORGRUND GRAFEN NITZENDORF, GM","0.0","E","0.0",",E","11",",E","5",",E","0",",E","11",",","3",",E","16",",E","8",",E","0",",E","0",",E","20210210",",,E","20210208",",,E","20210203",",,E","20210225",",,E","-23.6",",E,10,","200",",,E,08,","16.7",",,E,03,","18.3",",E,25,","2374.9","E","502.5",",E","53.9",",,,E","0.39",",E","5.03",",,,E","-4.26",",,,E"
"GME00131410","2021-03","50.8433","10.2528","283.0","MOORGRUND GRAFEN NITZENDORF, GM","0.0","E","0.0",",E","11",",E","6",",E","0",",E","0",",","0",",E","17",",E","0",",E","2",",E","0",",E","20210307","+,,E","20210331","+,,E","20210327",",,E","20210331",",,E","-6.6",",E,07,+","0",",,E,31,+","6.9",",,E,27,","23.8",",E,31,","2797.8","E","422.9",",E","34.3",",,,E","4.69",",E","9.88",",,,E","-0.50",",,,E"
"GME00131410","2021-04","50.8433","10.2528","283.0","MOORGRUND GRAFEN NITZENDORF, GM","0.0","E","0.0",",E","10",",E","6",",E","0",",E","0",",","0",",E","17",",E","0",",E","1",",E","0",",E","20210426","+,,E","20210430","+,,E","20210411",",,E","20210401",",,E","-4.4",",E,26,+","0",",,E,30,+","7.1",",,E,11,","22.1",",E,01,","3185.0","E","387.2",",E","35.3",",,,E","5.43",",E","11.06",",,,E","-0.21",",,,E"
"GME00131410","2021-05","50.8433","10.2528","283.0","MOORGRUND GRAFEN NITZENDORF, GM","0.0","E","0.0",",E","21",",E","11",",E","0",",E","","","0",",E","3",",E","0",",E","2",",E","0",",E","20210508",",,E","","","20210527",",,E","20210509",",,E","-0.5",",E,08,","","","10.5",",,E,27,","27.2",",E,09,","3422.5","E","237.5",",E","81.4",",,,E","10.67",",E","15.56",",,,E","5.78",",,,E"
"GME00131410","2021-06","50.8433","10.2528","283.0","MOORGRUND GRAFEN NITZENDORF, GM","36.4","E","36.4",",E","10",",E","7",",E","0",",E","","","0",",E","0",",E","0",",E","24",",E","2",",E","20210601",",,E","","","20210628",",,E","20210618",",,E","4.1",",E,01,","","","23.7",",,E,28,","33.5",",E,18,","3450.0","E","27.5",",E","82.4",",,,E","18.63",",E","24.82",",,,E","12.44",",,,E"
"GME00131410","2021-07","50.8433","10.2528","283.0","MOORGRUND GRAFEN NITZENDORF, GM","52.0","E","15.6",",E","14",",E","9",",E","0",",E","","","0",",E","0",",E","0",",E","26",",E","0",",E","20210721",",,E","","","20210709",",,E","20210724",",,E","7.2",",E,21,","","","22.6",",,E,09,","26.9",",E,24,","31.9","E","31.9",",E","60.3",",,,E","17.81",",E","23.25",",,,E","12.36",",,,E"
"GME00131410","2021-08","50.8433","10.2528","283.0","MOORGRUND GRAFEN NITZENDORF, GM","58.1","E","6.1",",E","19",",E","12",",E","0",",E","","","0",",E","0",",E","0",",E","15",",E","0",",E","20210825",",,E","","","20210830",",,E","20210813",",,E","5.6",",E,25,","","","24.0",",,E,30,","29.0",",E,13,","98.4","E","66.5",",E","108.7",",,,E","16.38",",E","21.24",",,,E","11.53",",,,E"
"GME00131410","2021-09","50.8433","10.2528","283.0","MOORGRUND GRAFEN NITZENDORF, GM","61.2","E","3.1",",E","7",",E","3",",E","0",",E","","","0",",E","0",",E","0",",E","16",",E","0",",E","20210921",",,E","","","20210929",",,E","20210909",",,E","2.4",",E,21,","","","4.9",",,E,29,","26.5",",E,09,","200.5","E","102.1",",E","14.1",",,,E","15.03",",E","20.75",",,,E","9.31",",,,E"
"GME00131410","2021-10","50.8433","10.2528","283.0","MOORGRUND GRAFEN NITZENDORF, GM","61.2","E","0.0",",E","13",",E","7",",E","0",",E","0",",","0",",E","2",",E","0",",E","0",",E","0",",E","20211024",",,E","20211031","+,,E","20211012",",,E","20211003",",,E","-0.8",",E,24,","0",",,E,31,+","9.0",",,E,12,","20.2",",E,03,","482.4","E","281.9",",E","38.3",",,,E","9.24",",E","13.51",",,,E","4.97",",,,E"
"GME00131410","2021-11","50.8433","10.2528","283.0","MOORGRUND GRAFEN NITZENDORF, GM","61.2","E","0.0",",E","12",",E","4",",E","0",",E","0",",","0",",E","8",",E","0",",E","0",",E","0",",E","20211123",",,E","20211130","+,,E","20211130",",,E","20211101",",,E","-3.8",",E,23,","0",",,E,30,+","13.2",",,E,30,","11.8",",E,01,","897.3","E","414.9",",E","41.7",",,,E","4.50",",E","6.73",",,,E","2.28",",,,E"
"GME00131410","2021-12","50.8433","10.2528","283.0","MOORGRUND GRAFEN NITZENDORF, GM","61.2","E","0.0",",E","17",",E","5",",E","0",",E","0",",","0",",E","14",",E","1",",E","0",",E","0",",E","20211222",",,E","20211226",",,E","20211229",",,E","20211230",",,E","-9.5",",E,22,","20",",,E,26,","5.0",",,E,29,","14.2",",E,30,","1393.4","E","496.1",",E","29.6",",,,E","2.33",",E","4.70",",,,E","-0.05",",,,E"
"GME00131410","2022-01","50.8433","10.2528","283.0","MOORGRUND GRAFEN NITZENDORF, GM","0.0","E","0.0",",E","17",",E","10",",E","0",",E","2",",","0",",E","10",",E","0",",E","0",",E","0",",E","20220121",",,E","20220121","+,,E","20220104",",,E","20220101",",,E","-7.0",",E,21,","30",",,E,21,+","18.2",",,E,04,","11.9",",E,01,","1877.3","E","483.9",",E","76.8",",,,E","2.72",",E","4.65",",,,E","0.80",",,,E"
"GME00131410","2022-02","50.8433","10.2528","283.0","MOORGRUND GRAFEN NITZENDORF, GM","0.0","E","0.0",",E","16",",E","9",",E","0",",E","0",",","0",",E","7",",E","0",",E","0",",E","0",",E","20220228",",,E","20220228","+,,E","20220216",",,E","20220217",",,E","-4.7",",E,28,","0",",,E,28,+","15.0",",,E,16,","13.0",",E,17,","2268.6","E","391.3",",E","68.9",",,,E","4.36",",E","7.73",",,,E","0.99",",,,E"
"GME00131410","2022-03","50.8433","10.2528","283.0","MOORGRUND GRAFEN NITZENDORF, GM","0.0","E","0.0",",E","7",",E","4",",E","0",",E","0",",","0",",E","25",",E","0",",E","0",",E","0",",E","20220308",",,E","20220331","+,,E","20220330",",,E","20220328",",,E","-6.7",",E,08,","0",",,E,31,+","5.3",",,E,30,","19.7",",E,28,","2696.5","E","427.9",",E","16.0",",,,E","4.53",",E","11.34",",,,E","-2.28",",,,E"
"GME00131410","2022-04","50.8433","10.2528","283.0","MOORGRUND GRAFEN NITZENDORF, GM","0.0","E","0.0",",E","9",",E","5",",E","0",",E","0",",","0",",E","12",",E","0",",E","1",",E","0",",E","20220403",",,E","20220402",",,E","20220407",",,E","20220413",",,E","-4.4",",E,03,","20",",,E,02,","11.1",",,E,07,","22.6",",E,13,","3031.6","E","335.1",",E","36.8",",,,E","7.16",",E","12.22",",,,E","2.10",",,,E"
"GME00131410","2022-05","50.8433","10.2528","283.0","MOORGRUND GRAFEN NITZENDORF, GM","6.0","E","6.0",",E","8","1,E","4","1,E","0","1,E","","","0",",E","0",",E","0",",E","13",",E","0",",E","20220529",",,E","","","20220516",",1,E","20220519",",,E","1.1",",E,29,","","","9.6","1,,E,16,","27.5",",E,19,","3177.0","E","145.4",",E","29.0","1,,,E","13.84",",E","20.65",",,,E","7.03",",,,E"
"GME00131410","2022-06","50.8433","10.2528","283.0","MOORGRUND GRAFEN NITZENDORF, GM","39.9","E","33.9",",E","8",",E","2",",E","0",",E","","","0",",E","0",",E","0",",E","26",",E","2",",E","20220602",",,E","","","20220627",",,E","20220619",",,E","2.7",",E,02,","","","5.8",",,E,27,","34.0",",E,19,","3226.9","E","49.9",",E","13.5",",,,E","17.80",",E","25.47",",,,E","10.13",",,,E"
"GME00131410","2022-07","50.8433","10.2528","283.0","MOORGRUND GRAFEN NITZENDORF, GM","88.4","E","48.5",",E","9",",E","4",",E","0",",E","","","0",",E","0",",E","0",",E","27",",E","3",",E","20220717",",,E","","","20220729",",,E","20220720",",,E","4.7",",E,17,","","","12.0",",,E,29,","38.1",",E,20,","31.2","E","31.2",",E","33.6",",,,E","18.89",",E","26.21",",,,E","11.58",",,,E"
"GME00131410","2022-08","50.8433","10.2528","283.0","MOORGRUND GRAFEN NITZENDORF, GM","140.7","E","52.3",",E","6",",E","3",",E","0",",E","","","0",",E","0",",E","0",",E","31",",E","2",",E","20220807",",,E","","","20220818",",,E","20220804",",,E","6.8",",E,07,","","","4.3",",,E,18,","35.8",",E,04,","42.8","E","11.6",",E","14.0",",,,E","19.65",",E","27.38",",,,E","11.92",",,,E"
"GME00131410","2022-09","50.8433","10.2528","283.0","MOORGRUND GRAFEN NITZENDORF, GM","147.8","E","7.1",",E","16",",E","11",",E","0",",E","","","0",",E","0",",E","0",",E","10",",E","0",",E","20220930",",,E","","","20220914",",,E","20220905",",,E","1.6",",E,30,","","","16.8",",,E,14,","28.7",",E,05,","188.6","E","145.8",",E","94.8",",,,E","13.71",",E","18.85",",,,E","8.57",",,,E"
"GME00131410","2022-10","50.8433","10.2528","283.0","MOORGRUND GRAFEN NITZENDORF, GM","147.8","E","0.0",",E","12",",E","7",",E","1",",E","0",",","0",",E","1",",E","0",",E","2",",E","0",",E","20221012",",,E","20221031","+,,E","20221017",",,E","20221017",",,E","-0.7",",E,12,","0",",,E,31,+","28.4",",,E,17,","23.6",",E,17,","378.4","E","189.8",",E","82.2",",,,E","12.21",",E","17.13",",,,E","7.29",",,,E"
"GME00131410","2022-11","50.8433","10.2528","283.0","MOORGRUND GRAFEN NITZENDORF, GM","147.8","E","0.0",",E","13",",E","7",",E","0",",E","1",",","0",",E","5",",E","0",",E","0",",E","0",",E","20221120",",,E","20221119",",,E","20221117",",,E","20221101",",,E","-7.8",",E,20,","30",",,E,19,","12.3",",,E,17,","17.2",",E,01,","746.2","E","367.8",",E","51.1",",,,E","6.07",",E","9.29",",,,E","2.85",",,,E"
"GME00131410","2022-12","50.8433","10.2528","283.0","MOORGRUND GRAFEN NITZENDORF, GM","147.8","E","0.0",",E","17",",E","7",",E","0",",E","0",",","0",",E","14",",E","9",",E","0",",E","0",",E","20221217","+,,E","20221204","+,,E","20221220",",,E","20221231",",,E","-11.4",",E,17,+","10",",,E,04,+","6.1",",,E,20,","16.4",",E,31,","1268.3","E","522.1",",E","41.5",",,,E","1.49",",E","3.94",",,,E","-0.95",",,,E"
"GME00131410","2023-01","50.8433","10.2528","283.0","MOORGRUND GRAFEN NITZENDORF, GM","0.0","E","0.0",",E","17",",E","9",",E","0",",E","11",",","0",",E","14",",E","5",",E","0",",E","0",",E","20230121",",,E","20230123","+,,E","20230121",",,E","20230101",",,E","-10.4",",E,21,","110",",,E,23,+","7.8",",,E,21,","15.8",",E,01,","1740.0","E","471.7",",E","52.2",",,,E","3.12",",E","5.42",",,,E","0.82",",,,E"
"GME00131410","2023-02","50.8433","10.2528","283.0","MOORGRUND GRAFEN NITZENDORF, GM","0.0","E","0.0",",E","12",",E","7",",E","0",",E","0",",","0",",E","16",",E","0",",E","0",",E","0",",E","20230208",",,E","20230228","+,,E","20230202",",,E","20230222",",,E","-8.1",",E,08,","0",",,E,28,+","14.4",",,E,02,","13.9",",E,22,","2180.4","E","440.4",",E","51.5",",,,E","2.61",",E","5.88",",,,E","-0.67",",,,E"
"GME00131410","2023-03","50.8433","10.2528","283.0","MOORGRUND GRAFEN NITZENDORF, GM","0.0","E","0.0",",E","21",",E","11",",E","0",",E","1",",","0",",E","12",",E","0",",E","0",",E","0",",E","20230301",",,E","20230308",",,E","20230331",",,E","20230318",",,E","-4.5",",E,01,","40",",,E,08,","23.0",",,E,31,","18.1",",E,18,","2569.1","E","388.7",",E","108.3",",,,E","5.80",",E","9.55",",,,E","2.04",",,,E"
"GME00131410","2023-04","50.8433","10.2528","283.0","MOORGRUND GRAFEN NITZENDORF, GM","0.0","E","0.0",",E","13",",E","6",",E","0",",E","0",",","0",",E","7",",E","0",",E","1",",E","0",",E","20230405",",,E","20230430","+,,E","20230415",",,E","20230422",",,E","-5.5",",E,05,","0",",,E,30,+","21.8",",,E,15,","22.6",",E,22,","2900.1","E","331.0",",E","55.2",",,,E","7.30",",E","11.89",",,,E","2.71",",,,E"
"GME00131410","2023-05","50.8433","10.2528","283.0","MOORGRUND GRAFEN NITZENDORF, GM","0.3","E","0.3",",E","6",",E","3",",E","0",",E","","","0",",E","2",",E","0",",E","8",",E","0",",E","20230503",",,E","","","20230511",",,E","20230522",",,E","-1.0",",E,03,","","","10.8",",,E,11,","26.2",",E,22,","3082.4","E","182.3",",E","23.9",",,,E","12.46",",E","19.12",",,,E","5.80",",,,E"
"GME00131410","2023-06","50.8433","10.2528","283.0","MOORGRUND GRAFEN NITZENDORF, GM","31.4","E","31.1",",E","5",",E","2",",E","0",",E","","","0",",E","0",",E","0",",E","26",",E","0",",E","20230604",",,E","","","20230619",",,E","20230622",",,E","3.8",",E,04,","","","10.3",",,E,19,","31.2",",E,22,","3126.2","E","43.8",",E","22.9",",,,E","17.91",",E","25.21",",,,E","10.61",",,,E"
"GME00131410","2023-07","50.8433","10.2528","283.0","MOORGRUND GRAFEN NITZENDORF, GM","63.8","E","32.4",",E","15",",E","9",",E","0",",E","","","0",",E","0",",E","0",",E","27",",E","2",",E","20230707",",,E","","","20230727",",,E","20230709",",,E","6.5",",E,07,","","","16.5",",,E,27,","35.2",",E,09,","29.4","E","29.4",",E","72.4",",,,E","18.43",",E","24.94",",,,E","11.92",",,,E"
"GME00131410","2023-08","50.8433","10.2528","283.0","MOORGRUND GRAFEN NITZENDORF, GM","111.4","E","47.6",",E","16",",E","9",",E","1",",E","","","0",",E","0",",E","0",",E","18",",E","0",",E","20230830",",,E","","","20230816",",,E","20230819",",,E","7.8",",E,30,","","","38.2",",,E,16,","32.0",",E,19,","75.5","E","46.1",",E","129.0",",,,E","18.38",",E","23.89",",,,E","12.87",",,,E"
"GME00131410","2023-09","50.8433","10.2528","283.0","MOORGRUND GRAFEN NITZENDORF, GM","128.3","E","16.9",",E","5",",E","3",",E","0",",E","","","0",",E","0",",E","0",",E","21",",E","0",",E","20230925",",,E","","","20230901",",,E","20230912","+,,E","3.7",",E,25,","","","10.6",",,E,01,","29.5",",E,12,+","133.5","E","58.0",",E","26.7",",,,E","16.96",",E","23.91",",,,E","10.01",",,,E"
"GME00131410","2023-10","50.8433","10.2528","283.0","MOORGRUND GRAFEN NITZENDORF, GM","129.6","E","1.3",",E","17",",E","10",",E","0",",E","0",",","0",",E","4",",E","0",",E","6",",E","0",",E","20231018",",,E","20231031","+,,E","20231029",",,E","20231002",",,E","-2.6",",E,18,","0",",,E,31,+","13.0",",,E,29,","24.2",",E,02,","332.1","E","198.6",",E","68.6",",,,E","11.97",",E","16.00",",,,E","7.94",",,,E"
"GME00131410","2023-11","50.8433","10.2528","283.0","MOORGRUND GRAFEN NITZENDORF, GM","129.6","E","0.0",",E","21",",E","12",",E","0",",E","3",",","0",",E","9",",E","0",",E","0",",E","0",",E","20231128",",,E","20231129",",,E","20231113",",,E","20231101",",,E","-7.5",",E,28,","70",",,E,29,","13.7",",,E,13,","14.6",",E,01,","720.0","E","387.9",",E","81.2",",,,E","5.40",",E","8.04",",,,E","2.77",",,,E"
"GME00131410","2023-12","50.8433","10.2528","283.0","MOORGRUND GRAFEN NITZENDORF, GM","129.6","E","0.0",",E","22",",E","9",",E","0",",E","6",",","0",",E","9",",E","4",",E","0",",E","0",",E","20231204",",,E","20231205","+,,E","20231223",",,E","20231226","+,,E","-4.9",",E,04,","70",",,E,05,+","18.4",",,E,23,","10.7",",E,26,+","1167.4","E","447.4",",E","80.0",",,,E","3.90",",E","5.82",",,,E","1.99",",,,E"
"GME00131410","2024-01","50.8433","10.2528","283.0","MOORGRUND GRAFEN NITZENDORF, GM","0.0","","0.0",",E","12",",E","10",",E","0",",E","5",",","0",",E","17",",E","8",",E","0",",E","0",",E","20240119",",,E","20240119",",,E","20240117",",,E","20240124",",,E","-12.4",",E,19,","170",",,E,19,","12.7",",,E,17,","11.4",",E,24,","1705.2","","537.8",",E","51.1",",,,E","0.98",",E","3.87",",,,E","-1.90",",,,E"
"GME00131410","2024-02","50.8433","10.2528","283.0","MOORGRUND GRAFEN NITZENDORF, GM","0.0","","0.0",",E","15",",E","8",",E","0",",E","0",",","0",",E","7",",E","0",",E","0",",E","0",",E","20240226",",,E","20240229","+,,E","20240207",",,E","20240216",",,E","-1.8",",E,26,","0",",,E,29,+","14.6",",,E,07,","14.5",",E,16,","2039.2","","334.0",",E","63.7",",,,E","6.82",",E","9.95",",,,E","3.68",",,,E"
"GME00131410","2024-03","50.8433","10.2528","283.0","MOORGRUND GRAFEN NITZENDORF, GM","0.0","","0.0",",E","12",",E","5",",E","0",",E","0",",","0",",E","7",",E","0",",E","0",",E","0",",E","20240308",",,E","20240331","+,,E","20240327",",,E","20240327",",,E","-4.3",",E,08,","0",",,E,31,+","14.8",",,E,27,","19.7",",E,27,","2389.5","","350.3",",E","48.1",",,,E","7.03",",E","12.31",",,,E","1.76",",,,E"
"GME00131410","2024-04","50.8433","10.2528","283.0","MOORGRUND GRAFEN NITZENDORF, GM","3.2","","3.2",",E","14",",E","5",",E","0",",E","0",",","0",",E","4",",E","0",",E","6",",E","0",",E","20240423",",,E","20240430","+,,E","20240420",",,E","20240430",",,E","-4.3",",E,23,","0",",,E,30,+","8.9",",,E,20,","26.9",",E,30,","2633.8","","244.3",",E","46.1",",,,E","10.29",",E","15.62",",,,E","4.97",",,,E"
"GME00131410","2024-05","50.8433","10.2528","283.0","MOORGRUND GRAFEN NITZENDORF, GM","3.2","","0.0",",E","18",",E","8",",E","2",",E","","","0",",E","0",",E","0",",E","13",",E","0",",E","20240509",",,E","","","20240521",",,E","20240514",",,E","3.3",",E,09,","","","52.1",",,E,21,","26.3",",E,14,","2747.3","","113.5",",E","135.1",",,,E","14.67",",E","20.18",",,,E","9.16",",,,E"
