"STATION","DATE","LATITUDE","LONGITUDE","ELEVATION","NAME","CLDD","CLDD_ATTRIBUTES","DP01","DP01_ATTRIBUTES","DP10","DP10_ATTRIBUTES","DP1X","DP1X_ATTRIBUTES","DSND","DSND_ATTRIBUTES","DT00","DT00_ATTRIBUTES","DT32","DT32_ATTRIBUTES","DX32","DX32_ATTRIBUTES","DX70","DX70_ATTRIBUTES","DX90","DX90_ATTRIBUTES","DYNT","DYNT_ATTRIBUTES","DYSD","DYSD_ATTRIBUTES","DYXP","DYXP_ATTRIBUTES","DYXT","DYXT_ATTRIBUTES","EMNT","EMNT_ATTRIBUTES","EMSD","EMSD_ATTRIBUTES","EMXP","EMXP_ATTRIBUTES","EMXT","EMXT_ATTRIBUTES","HDSD","HDSD_ATTRIBUTES","HTDD","HTDD_ATTRIBUTES","PRCP","PRCP_ATTRIBUTES","TAVG","TAVG_ATTRIBUTES","TMAX","TMAX_ATTRIBUTES","TMIN","TMIN_ATTRIBUTES"
"IRM00040798","2001-02","32.297","50.842","2049.2","SHAHRE KORD, IR","","","","","","","","","","","","","","","0","5,S","0","5,S","0","5,S","","","","","","","20010228",",5,S","","","","","","","16.8","5,S,28,","","","","","","","","","8.80","5,,,S","",""
"IRM00040798","2001-11","32.297","50.842","2049.2","SHAHRE KORD, IR","","","","","","","","","","","","","","","0","4,S","3","4,S","0","4,S","","","","","","","20011105",",4,S","","","","","","","22.4","4,S,05,","","","","","","","","","14.92","4,,,S","",""
"IRM00040798","2002-02","32.297","50.842","2049.2","SHAHRE KORD, IR","","","","","","","","","","","","","","","0","5,S","0","5,S","0","5,S","","","","","","","20020224",",5,S","","","","","","","14.4","5,S,24,","","","","","","","","","10.45","5,,,S","",""
"IRM00040798","2002-04","32.297","50.842","2049.2","SHAHRE KORD, IR","","","","","","","","","","","","","","","0","3,S","7","3,S","0","3,S","","","","","","","20020428",",3,S","","","","","","","24.4","3,S,28,","","","","","","","","","17.52","3,,,S","",""
"IRM00040798","2002-07","32.297","50.842","2049.2","SHAHRE KORD, IR","","","3","4,S","1","4,S","0","4,S","","","","","","","","","","","","","","","","","20020729",",4,S","","","","","","","3.8","4,,S,29,","","","","","","","4.9","4,,,S","","","","","",""
"IRM00040798","2002-08","32.297","50.842","2049.2","SHAHRE KORD, IR","","","0","4,S","0","4,S","0","4,S","","","","","","","0","3,S","28","3,S","22","3,S","","","","","20020831","+,4,S","20020810",",3,S","","","","","0.0","4,,S,31,+","35.8","3,S,10,","","","","","0.0","4,,,S","","","33.45","3,,,S","",""
"IRM00040798","2002-09","32.297","50.842","2049.2","SHAHRE KORD, IR","44.0","5,S","0","5,S","0","5,S","0","5,S","","","0","3,S","0","3,S","0","2,S","28","2,S","7","2,S","20020914",",3,S","","","20020930","+,5,S","20020908","+,2,S","4.9","3,S,14,","","","0.0","5,,S,30,+","32.6","2,S,08,+","","","2.6","2,S","0.0","5,,,S","20.05","5,S","30.58","2,,,S","9.52","3,,,S"
"IRM00040798","2003-07","32.297","50.842","2049.2","SHAHRE KORD, IR","","","0","1,S","0","1,S","0","1,S","","","","","","","","","","","","","","","","","20030731","+,1,S","","","","","","","0.0","1,,S,31,+","","","","","","","0.0","1,,,S","","","","","",""
"IRM00040798","2003-08","32.297","50.842","2049.2","SHAHRE KORD, IR","","","0",",S","0",",S","0",",S","","","","","","","","","","","","","","","","","20030831","+,,S","","","","","","","0.0",",,S,31,+","","","","","","","0.0",",,,S","","","","","",""
"IRM00040798","2003-09","32.297","50.842","2049.2","SHAHRE KORD, IR","","","0","3,S","0","3,S","0","3,S","","","","","","","","","","","","","","","","","20030930","+,3,S","","","","","","","0.0","3,,S,30,+","","","","","","","0.0","3,,,S","","","","","",""
"IRM00040798","2003-10","32.297","50.842","2049.2","SHAHRE KORD, IR","","","0","4,S","0","4,S","0","4,S","","","","","","","","","","","","","","","","","20031031","+,4,S","","","","","","","0.0","4,,S,31,+","","","","","","","0.0","4,,,S","","","","","",""
"IRM00040798","2003-11","32.297","50.842","2049.2","SHAHRE KORD, IR","","","2","3,S","2","3,S","0","3,S","","","","","","","","","","","","","","","","","20031129",",3,S","","","","","","","7.1","3,,S,29,","","","","","","","9.6","3,,,S","","","","","",""
"IRM00040798","2004-02","32.297","50.842","2049.2","SHAHRE KORD, IR","","","5","1,S","3","1,S","0","1,S","","","","","","","","","","","","","","","","","20040215",",1,S","","","","","","","16.0","1,,S,15,","","","","","","","29.7","1,,,S","","","","","",""
"IRM00040798","2004-04","32.297","50.842","2049.2","SHAHRE KORD, IR","","","7","4,S","6","4,S","0","4,S","","","","","","","","","","","","","","","","","20040404",",4,S","","","","","","","19.1","4,,S,04,","","","","","","","55.5","4,,,S","","","","","",""
"IRM00040798","2004-05","32.297","50.842","2049.2","SHAHRE KORD, IR","","","3","2,S","1","2,S","1","2,S","","","","","","","","","","","","","","","","","20040523",",2,S","","","","","","","97.0","2,,S,23,","","","","","","","99.3","2,,,S","","","","","",""
"IRM00040798","2004-06","32.297","50.842","2049.2","SHAHRE KORD, IR","","","0","1,S","0","1,S","0","1,S","","","","","","","","","","","","","","","","","20040630","+,1,S","","","","","","","0.0","1,,S,30,+","","","","","","","0.0","1,,,S","","","","","",""
"IRM00040798","2004-07","32.297","50.842","2049.2","SHAHRE KORD, IR","","","1","2,S","0","2,S","0","2,S","","","0","3,S","0","3,S","","","","","","","20040721",",3,S","","","20040706",",2,S","","","6.6","3,S,21,","","","0.3","2,,S,06,","","","","","","","0.3","2,,,S","","","","","10.99","3,,,S"
"IRM00040798","2004-08","32.297","50.842","2049.2","SHAHRE KORD, IR","","","0","5,S","0","5,S","0","5,S","","","","","","","","","","","","","","","","","20040831","+,5,S","","","","","","","0.0","5,,S,31,+","","","","","","","0.0","5,,,S","","","","","",""
"IRM00040798","2004-09","32.297","50.842","2049.2","SHAHRE KORD, IR","21.7","5,S","0",",S","0",",S","0",",S","","","0","4,S","0","4,S","0","1,S","29","1,S","3","1,S","20040928",",4,S","","","20040930","+,,S","20040907",",1,S","0.6","4,S,28,","","","0.0",",,S,30,+","32.6","1,S,07,","","","39.3","1,S","0.0",",,,S","17.62","5,S","29.17","1,,,S","6.08","4,,,S"
"IRM00040798","2004-10","32.297","50.842","2049.2","SHAHRE KORD, IR","0.0","4,S","1","5,S","0","5,S","0","5,S","","","0","3,S","10","3,S","0","3,S","19","3,S","0","3,S","20041026",",3,S","","","20041023",",5,S","20041011","+,3,S","-2.8","3,S,26,","","","1.3","5,,S,23,","27.0","3,S,11,+","","","173.2","3,S","1.3","5,,,S","12.01","4,S","23.23","3,,,S","0.79","3,,,S"
"IRM00040798","2004-11","32.297","50.842","2049.2","SHAHRE KORD, IR","","","4","4,S","4","4,S","0","4,S","","","","","","","","","","","","","","","","","20041121",",4,S","","","","","","","22.9","4,,S,21,","","","","","","","53.4","4,,,S","","","","","",""
"IRM00040798","2005-01","32.297","50.842","2049.2","SHAHRE KORD, IR","","","10",",S","7",",S","1",",S","31",",","","","","","","","","","","","","","20050123",",,S","20050123",",,S","","","","","640",",,S,23,","31.5",",,S,23,","","","","","","","97.1",",,,S","","","","","",""
"IRM00040798","2005-02","32.297","50.842","2049.2","SHAHRE KORD, IR","","","5","1,S","0","1,S","0","1,S","20","4,","","","","","2","3,S","0","3,S","0","3,S","","","20050201",",4,S","20050226","+,1,S","20050221",",3,S","","","351","4,,S,01,","0.5","1,,S,26,+","11.4","3,S,21,","","","","","1.9","1,,,S","","","5.68","3,,,S","",""
"IRM00040798","2005-03","32.297","50.842","2049.2","SHAHRE KORD, IR","","","7","3,S","3","3,S","1","3,S","","","","","","","0","3,S","0","3,S","0","3,S","","","","","20050313",",3,S","20050330",",3,S","","","","","46.2","3,,S,13,","19.6","3,S,30,","","","","","63.8","3,,,S","","","13.85","3,,,S","",""
"IRM00040798","2005-04","32.297","50.842","2049.2","SHAHRE KORD, IR","","","5","2,S","2","2,S","0","2,S","","","","","","","0",",S","11",",S","0",",S","","","","","20050403",",2,S","20050424",",,S","","","","","13.2","2,,S,03,","27.2",",S,24,","","","","","19.9","2,,,S","","","20.41",",,,S","",""
"IRM00040798","2005-05","32.297","50.842","2049.2","SHAHRE KORD, IR","","","1","5,S","0","5,S","0","5,S","","","","","","","","","","","","","","","","","20050503",",5,S","","","","","","","0.8","5,,S,03,","","","","","","","0.8","5,,,S","","","","","",""
"IRM00040798","2005-06","32.297","50.842","2049.2","SHAHRE KORD, IR","","","1","1,S","0","1,S","0","1,S","","","0","4,S","0","4,S","0","3,S","27","3,S","10","3,S","20050601",",4,S","","","20050611",",1,S","20050624",",3,S","3.6","4,S,01,","","","1.5","1,,S,11,","35.6","3,S,24,","","","","","1.5","1,,,S","19.25","7,S","30.79","3,,,S","7.71","4,,,S"
"IRM00040798","2005-09","32.297","50.842","2049.2","SHAHRE KORD, IR","","","0","4,S","0","4,S","0","4,S","","","","","","","0","5,S","25","5,S","2","5,S","","","","","20050930","+,4,S","20050911",",5,S","","","","","0.0","4,,S,30,+","32.4","5,S,11,","","","","","0.0","4,,,S","","","30.26","5,,,S","",""
"IRM00040798","2005-10","32.297","50.842","2049.2","SHAHRE KORD, IR","","","0","1,S","0","1,S","0","1,S","","","","","","","0","4,S","18","4,S","0","4,S","","","","","20051031","+,1,S","20051002","+,4,S","","","","","0.0","1,,S,31,+","26.8","4,S,02,+","","","","","0.0","1,,,S","","","23.01","4,,,S","",""
"IRM00040798","2005-11","32.297","50.842","2049.2","SHAHRE KORD, IR","","","5","3,S","4","3,S","1","3,S","","","","","","","0","4,S","0","4,S","0","4,S","","","","","20051108",",3,S","20051101",",4,S","","","","","30.2","3,,S,08,","20.8","4,S,01,","","","","","49.5","3,,,S","","","14.71","4,,,S","",""
"IRM00040798","2005-12","32.297","50.842","2049.2","SHAHRE KORD, IR","","","2","4,S","2","4,S","0","4,S","","","","","","","1","4,S","0","4,S","0","4,S","","","","","20051226",",4,S","20051204",",4,S","","","","","22.6","4,,S,26,","19.0","4,S,04,","","","","","43.9","4,,,S","","","10.79","4,,,S","",""
"IRM00040798","2006-01","32.297","50.842","2049.2","SHAHRE KORD, IR","","","11","2,S","6","2,S","0","2,S","","","","","","","","","","","","","","","","","20060126",",2,S","","","","","","","22.6","2,,S,26,","","","","","","","73.9","2,,,S","","","","","",""
"IRM00040798","2006-02","32.297","50.842","2049.2","SHAHRE KORD, IR","","","9","3,S","6","3,S","1","3,S","","","","","","","0","2,S","0","2,S","0","2,S","","","","","20060209",",3,S","20060228",",2,S","","","","","64.0","3,,S,09,","16.0","2,S,28,","","","","","105.7","3,,,S","","","9.75","2,,,S","",""
"IRM00040798","2006-03","32.297","50.842","2049.2","SHAHRE KORD, IR","","","4","4,S","3","4,S","0","4,S","","","","","","","0","1,S","0","1,S","0","1,S","","","","","20060330",",4,S","20060325","+,1,S","","","","","20.3","4,,S,30,","19.0","1,S,25,+","","","","","38.9","4,,,S","","","15.05","1,,,S","",""
"IRM00040798","2006-04","32.297","50.842","2049.2","SHAHRE KORD, IR","","","8",",S","5",",S","1",",S","","","","","","","0","4,S","7","4,S","0","4,S","","","","","20060426",",,S","20060415",",4,S","","","","","27.2",",,S,26,","23.6","4,S,15,","","","","","76.0",",,,S","","","18.98","4,,,S","",""
"IRM00040798","2006-05","32.297","50.842","2049.2","SHAHRE KORD, IR","0.0","5,S","0",",S","0",",S","0",",S","","","0","4,S","0","4,S","0","2,S","28","2,S","0","2,S","20060520",",4,S","","","20060531","+,,S","20060530",",2,S","2.0","4,S,20,","","","0.0",",,S,31,+","29.8","2,S,30,","","","69.9","2,S","0.0",",,,S","15.62","5,S","25.74","2,,,S","5.50","4,,,S"
"IRM00040798","2006-06","32.297","50.842","2049.2","SHAHRE KORD, IR","","","0","3,S","0","3,S","0","3,S","","","","","","","","","","","","","","","","","20060630","+,3,S","","","","","","","0.0","3,,S,30,+","","","","","","","0.0","3,,,S","","","","","",""
"IRM00040798","2006-07","32.297","50.842","2049.2","SHAHRE KORD, IR","","","0","3,S","0","3,S","0","3,S","","","","","","","0","2,S","29","2,S","23","2,S","","","","","20060731","+,3,S","20060711","+,2,S","","","","","0.0","3,,S,31,+","37.4","2,S,11,+","","","","","0.0","3,,,S","","","34.14","2,,,S","",""
"IRM00040798","2006-08","32.297","50.842","2049.2","SHAHRE KORD, IR","","","0",",S","0",",S","0",",S","","","","","","","0","3,S","28","3,S","9","3,S","","","","","20060831","+,,S","20060805",",3,S","","","","","0.0",",,S,31,+","38.2","3,S,05,","","","","","0.0",",,,S","","","32.41","3,,,S","",""
"IRM00040798","2006-09","32.297","50.842","2049.2","SHAHRE KORD, IR","","","0","5,S","0","5,S","0","5,S","","","","","","","0","4,S","26","4,S","0","4,S","","","","","20060930","+,5,S","20060908",",4,S","","","","","0.0","5,,S,30,+","31.2","4,S,08,","","","","","0.0","5,,,S","","","28.42","4,,,S","",""
"IRM00040798","2006-10","32.297","50.842","2049.2","SHAHRE KORD, IR","","","1","3,S","0","3,S","0","3,S","","","","","","","0","2,S","21","2,S","0","2,S","","","","","20061028",",3,S","20061004",",2,S","","","","","2.0","3,,S,28,","27.4","2,S,04,","","","","","2.0","3,,,S","","","23.10","2,,,S","",""
"IRM00040798","2006-12","32.297","50.842","2049.2","SHAHRE KORD, IR","","","9","5,S","6","5,S","0","5,S","","","","","","","","","","","","","","","","","20061228",",5,S","","","","","","","18.3","5,,S,28,","","","","","","","59.8","5,,,S","","","","","",""
"IRM00040798","2007-01","32.297","50.842","2049.2","SHAHRE KORD, IR","","","3","4,S","3","4,S","0","4,S","27","4,","","","","","","","","","","","","","20070123","+,4,S","20070117",",4,S","","","","","361","4,,S,23,+","10.4","4,,S,17,","","","","","","","18.6","4,,,S","","","","","",""
"IRM00040798","2007-02","32.297","50.842","2049.2","SHAHRE KORD, IR","","","5","4,S","3","4,S","0","4,S","","","","","","","0","1,S","0","1,S","0","1,S","","","","","20070219",",4,S","20070224",",1,S","","","","","8.4","4,,S,19,","14.4","1,S,24,","","","","","19.1","4,,,S","","","7.79","1,,,S","",""
"IRM00040798","2007-03","32.297","50.842","2049.2","SHAHRE KORD, IR","","","7","3,S","5","3,S","1","3,S","","","","","","","0","4,S","0","4,S","0","4,S","","","","","20070316",",3,S","20070312",",4,S","","","","","25.9","3,,S,16,","16.2","4,S,12,","","","","","61.8","3,,,S","","","12.15","4,,,S","",""
"IRM00040798","2007-04","32.297","50.842","2049.2","SHAHRE KORD, IR","","","10","1,S","7","1,S","0","1,S","","","","","","","0","2,S","1","2,S","0","2,S","","","","","20070403",",1,S","20070429",",2,S","","","","","17.3","1,,S,03,","21.4","2,S,29,","","","","","61.6","1,,,S","","","17.21","2,,,S","",""
"IRM00040798","2007-05","32.297","50.842","2049.2","SHAHRE KORD, IR","","","3",",S","3",",S","0",",S","","","","","","","0","4,S","26","4,S","0","4,S","","","","","20070517",",,S","20070527",",4,S","","","","","4.6",",,S,17,","28.8","4,S,27,","","","","","12.0",",,,S","","","24.81","4,,,S","",""
"IRM00040798","2007-06","32.297","50.842","2049.2","SHAHRE KORD, IR","","","1","1,S","1","1,S","0","1,S","","","","","","","0","4,S","26","4,S","12","4,S","","","","","20070602",",1,S","20070615",",4,S","","","","","3.3","1,,S,02,","35.8","4,S,15,","","","","","3.3","1,,,S","","","31.64","4,,,S","",""
"IRM00040798","2007-07","32.297","50.842","2049.2","SHAHRE KORD, IR","144.4","4,S","0","2,S","0","2,S","0","2,S","","","0","3,S","0","3,S","0","2,S","29","2,S","21","2,S","20070730",",3,S","","","20070731","+,2,S","20070714",",2,S","10.8","3,S,30,","","","0.0","2,,S,31,+","36.4","2,S,14,","0.0","S","0.0","2,S","0.0","2,,,S","23.68","4,S","33.56","2,,,S","13.81","3,,,S"
"IRM00040798","2007-08","32.297","50.842","2049.2","SHAHRE KORD, IR","","","0","4,S","0","4,S","0","4,S","","","","","","","0","5,S","26","5,S","13","5,S","","","","","20070831","+,4,S","20070830",",5,S","","","","","0.0","4,,S,31,+","34.0","5,S,30,","","","","","0.0","4,,,S","","","32.24","5,,,S","",""
"IRM00040798","2007-09","32.297","50.842","2049.2","SHAHRE KORD, IR","","","0","1,S","0","1,S","0","1,S","","","0","5,S","0","5,S","0","3,S","27","3,S","1","3,S","20070930",",5,S","","","20070930","+,1,S","20070901",",3,S","1.6","5,S,30,","","","0.0","1,,S,30,+","32.4","3,S,01,","","","","","0.0","1,,,S","16.84","7,S","28.81","3,,,S","4.87","5,,,S"
"IRM00040798","2007-10","32.297","50.842","2049.2","SHAHRE KORD, IR","0.0","5,S","2","4,S","0","4,S","0","4,S","","","0","3,S","3","3,S","0","2,S","23","2,S","0","2,S","20071031",",3,S","","","20071007","+,4,S","20071007",",2,S","-2.4","3,S,31,","","","0.5","4,,S,07,+","25.4","2,S,07,","","","163.5","2,S","1.0","4,,,S","12.05","5,S","22.59","2,,,S","1.51","3,,,S"
"IRM00040798","2007-11","32.297","50.842","2049.2","SHAHRE KORD, IR","","","2","5,S","1","5,S","0","5,S","","","","","","","0","1,S","2","1,S","0","1,S","","","","","20071119",",5,S","20071107",",1,S","","","","","7.6","5,,S,19,","22.6","1,S,07,","","","","","9.4","5,,,S","","","17.20","1,,,S","",""
"IRM00040798","2007-12","32.297","50.842","2049.2","SHAHRE KORD, IR","","","6","4,S","3","4,S","1","4,S","","","","","","","4","5,S","0","5,S","0","5,S","","","","","20071208",",4,S","20071215",",5,S","","","","","27.2","4,,S,08,","13.8","5,S,15,","","","","","54.3","4,,,S","","","7.05","5,,,S","",""
"IRM00040798","2008-01","32.297","50.842","2049.2","SHAHRE KORD, IR","","","8","2,S","5","2,S","0","2,S","","","","","","","9","2,S","0","2,S","0","2,S","","","","","20080112",",2,S","20080103",",2,S","","","","","4.8","2,,S,12,","8.2","2,S,03,","","","","","21.2","2,,,S","","","1.39","2,,,S","",""
"IRM00040798","2008-02","32.297","50.842","2049.2","SHAHRE KORD, IR","","","6",",S","4",",S","0",",S","","","","","","","2","1,S","0","1,S","0","1,S","","","","","20080227",",,S","20080225",",1,S","","","","","5.8",",,S,27,","17.0","1,S,25,","","","","","20.4",",,,S","","","8.71","1,,,S","",""
"IRM00040798","2008-03","32.297","50.842","2049.2","SHAHRE KORD, IR","","","0",",S","0",",S","0",",S","","","","","","","0","1,S","12","1,S","0","1,S","","","","","20080331","+,,S","20080330",",1,S","","","","","0.0",",,S,31,+","24.2","1,S,30,","","","","","0.0",",,,S","","","18.89","1,,,S","",""
"IRM00040798","2008-04","32.297","50.842","2049.2","SHAHRE KORD, IR","","","2","1,S","1","1,S","0","1,S","","","0","5,S","8","5,S","0","3,S","14","3,S","0","3,S","20080404",",5,S","","","20080409",",1,S","20080427",",3,S","-6.8","5,S,04,","","","10.2","1,,S,09,","27.2","3,S,27,","","","","","10.7","1,,,S","11.11","6,S","21.67","3,,,S","0.54","5,,,S"
"IRM00040798","2008-05","32.297","50.842","2049.2","SHAHRE KORD, IR","","","2","2,S","1","2,S","0","2,S","","","","","","","0","3,S","25","3,S","0","3,S","","","","","20080501",",2,S","20080526",",3,S","","","","","3.0","2,,S,01,","28.8","3,S,26,","","","","","4.0","2,,,S","","","24.51","3,,,S","",""
"IRM00040798","2008-06","32.297","50.842","2049.2","SHAHRE KORD, IR","","","0","4,S","0","4,S","0","4,S","","","","","","","0","2,S","28","2,S","12","2,S","","","","","20080630","+,4,S","20080628",",2,S","","","","","0.0","4,,S,30,+","35.2","2,S,28,","","","","","0.0","4,,,S","","","31.90","2,,,S","",""
"IRM00040798","2008-07","32.297","50.842","2049.2","SHAHRE KORD, IR","","","0","2,S","0","2,S","0","2,S","","","0","5,S","0","5,S","0","1,S","30","1,S","25","1,S","20080706",",5,S","","","20080731","+,2,S","20080713","+,1,S","5.2","5,S,06,","","","0.0","2,,S,31,+","36.4","1,S,13,+","","","","","0.0","2,,,S","23.16","6,S","33.33","1,,,S","12.99","5,,,S"
"IRM00040798","2008-09","32.297","50.842","2049.2","SHAHRE KORD, IR","","","2","4,S","1","4,S","0","4,S","","","","","","","0","3,S","27","3,S","0","3,S","","","","","20080910",",4,S","20080901",",3,S","","","","","3.3","4,,S,10,","31.8","3,S,01,","","","","","3.8","4,,,S","","","28.52","3,,,S","",""
"IRM00040798","2008-10","32.297","50.842","2049.2","SHAHRE KORD, IR","","","4","1,S","2","1,S","0","1,S","","","","","","","0","2,S","22","2,S","0","2,S","","","","","20081030",",1,S","20081007",",2,S","","","","","15.5","1,,S,30,","26.6","2,S,07,","","","","","21.1","1,,,S","","","22.77","2,,,S","",""
"IRM00040798","2008-11","32.297","50.842","2049.2","SHAHRE KORD, IR","","","4","4,S","1","4,S","0","4,S","","","","","","","0","2,S","0","2,S","0","2,S","","","","","20081104",",4,S","20081120",",2,S","","","","","5.1","4,,S,04,","17.0","2,S,20,","","","","","10.9","4,,,S","","","12.54","2,,,S","",""
"IRM00040798","2009-01","32.297","50.842","2049.2","SHAHRE KORD, IR","","","5","2,S","2","2,S","0","2,S","","","","","","","0","4,S","0","4,S","0","4,S","","","","","20090102",",2,S","20090129",",4,S","","","","","13.0","2,,S,02,","14.0","4,S,29,","","","","","21.4","2,,,S","","","6.95","4,,,S","",""
"IRM00040798","2009-02","32.297","50.842","2049.2","SHAHRE KORD, IR","","","5","2,S","5","2,S","0","2,S","","","","","","","0","3,S","0","3,S","0","3,S","","","","","20090211",",2,S","20090210",",3,S","","","","","19.1","2,,S,11,","15.8","3,S,10,","","","","","59.2","2,,,S","","","9.81","3,,,S","",""
"IRM00040798","2009-03","32.297","50.842","2049.2","SHAHRE KORD, IR","","","5","2,S","3","2,S","0","2,S","","","","","","","0","4,S","0","4,S","0","4,S","","","","","20090301",",2,S","20090313",",4,S","","","","","10.9","2,,S,01,","20.4","4,S,13,","","","","","25.9","2,,,S","","","15.87","4,,,S","",""
"IRM00040798","2009-09","32.297","50.842","2049.2","SHAHRE KORD, IR","","","","","","","","","","","","","","","0","2,S","28","2,S","2","2,S","","","","","","","20090901",",2,S","","","","","","","32.6","2,S,01,","","","","","","","","","27.99","2,,,S","",""
"IRM00040798","2009-10","32.297","50.842","2049.2","SHAHRE KORD, IR","","","2","4,S","0","4,S","0","4,S","","","","","","","","","","","","","","","","","20091031",",4,S","","","","","","","1.5","4,,S,31,","","","","","","","1.8","4,,,S","","","","","",""
"IRM00040798","2009-12","32.297","50.842","2049.2","SHAHRE KORD, IR","","","","","","","","","","","","","","","0","4,S","0","4,S","0","4,S","","","","","","","20091206",",4,S","","","","","","","10.4","4,S,06,","","","","","","","","","5.63","4,,,S","",""
"IRM00040798","2010-01","32.297","50.842","2049.2","SHAHRE KORD, IR","","","","","","","","","","","","","","","0","4,S","0","4,S","0","4,S","","","","","","","20100117",",4,S","","","","","","","15.1","4,S,17,","","","","","","","","","11.28","4,,,S","",""
"IRM00040798","2010-02","32.297","50.842","2049.2","SHAHRE KORD, IR","","","7","5,S","4","5,S","0","5,S","","","","","","","","","","","","","","","","","20100227",",5,S","","","","","","","17.5","5,,S,27,","","","","","","","47.0","5,,,S","","","","","",""
"IRM00040798","2010-03","32.297","50.842","2049.2","SHAHRE KORD, IR","","","9","1,S","3","1,S","0","1,S","","","","","","","","","","","","","","","","","20100328",",1,S","","","","","","","16.5","1,,S,28,","","","","","","","35.2","1,,,S","","","","","",""
"IRM00040798","2010-08","32.297","50.842","2049.2","SHAHRE KORD, IR","","","0",",S","0",",S","0",",S","","","0","5,S","0","5,S","0","2,S","29","2,S","7","2,S","20100831",",5,S","","","20100831","+,,S","20100822",",2,S","6.6","5,S,31,","","","0.0",",,S,31,+","35.4","2,S,22,","","","","","0.0",",,,S","20.85","6,S","31.10","2,,,S","10.60","5,,,S"
"IRM00040798","2010-09","32.297","50.842","2049.2","SHAHRE KORD, IR","","","0","4,S","0","4,S","0","4,S","","","","","","","","","","","","","","","","","20100930","+,4,S","","","","","","","0.0","4,,S,30,+","","","","","","","0.0","4,,,S","","","","","",""
"IRM00040798","2010-10","32.297","50.842","2049.2","SHAHRE KORD, IR","","","0",",S","0",",S","0",",S","","","","","","","0","3,S","24","3,S","0","3,S","","","","","20101031","+,,S","20101005",",3,S","","","","","0.0",",,S,31,+","27.8","3,S,05,","","","","","0.0",",,,S","","","24.43","3,,,S","",""
"IRM00040798","2010-11","32.297","50.842","2049.2","SHAHRE KORD, IR","","","2","1,S","1","1,S","0","1,S","","","","","","","0","5,S","0","5,S","0","5,S","","","","","20101103",",1,S","20101101",",5,S","","","","","11.4","1,,S,03,","19.4","5,S,01,","","","","","12.4","1,,,S","","","16.51","5,,,S","",""
"IRM00040798","2010-12","32.297","50.842","2049.2","SHAHRE KORD, IR","","","3",",S","1",",S","0",",S","","","","","","","0","2,S","0","2,S","0","2,S","","","","","20101214",",,S","20101203",",2,S","","","","","8.4",",,S,14,","18.6","2,S,03,","","","","","10.2",",,,S","","","12.86","2,,,S","",""
"IRM00040798","2011-01","32.297","50.842","2049.2","SHAHRE KORD, IR","","","8",",S","4",",S","0",",S","","","","","","","0","3,S","0","3,S","0","3,S","","","","","20110116",",,S","20110104",",3,S","","","","","18.5",",,S,16,","13.0","3,S,04,","","","","","45.7",",,,S","","","6.79","3,,,S","",""
"IRM00040798","2011-02","32.297","50.842","2049.2","SHAHRE KORD, IR","","","5","1,S","3","1,S","0","1,S","","","","","","","0","3,S","0","3,S","0","3,S","","","","","20110201",",1,S","20110225",",3,S","","","","","23.4","1,,S,01,","15.2","3,S,25,","","","","","47.3","1,,,S","","","7.68","3,,,S","",""
"IRM00040798","2011-03","32.297","50.842","2049.2","SHAHRE KORD, IR","","","7",",S","5",",S","0",",S","","","","","","","0","3,S","1","3,S","0","3,S","","","","","20110311",",,S","20110320",",3,S","","","","","21.8",",,S,11,","21.2","3,S,20,","","","","","66.2",",,,S","","","13.69","3,,,S","",""
"IRM00040798","2011-04","32.297","50.842","2049.2","SHAHRE KORD, IR","","","5",",S","4",",S","0",",S","","","","","","","0","3,S","8","3,S","0","3,S","","","","","20110405",",,S","20110429",",3,S","","","","","8.1",",,S,05,","24.0","3,S,29,","","","","","25.1",",,,S","","","19.31","3,,,S","",""
"IRM00040798","2011-05","32.297","50.842","2049.2","SHAHRE KORD, IR","","","4","1,S","2","1,S","0","1,S","","","","","","","0","4,S","21","4,S","0","4,S","","","","","20110502",",1,S","20110529",",4,S","","","","","5.1","1,,S,02,","31.0","4,S,29,","","","","","8.2","1,,,S","","","25.04","4,,,S","",""
"IRM00040798","2011-06","32.297","50.842","2049.2","SHAHRE KORD, IR","","","0",",S","0",",S","0",",S","","","","","","","0","2,S","28","2,S","14","2,S","","","","","20110630","+,,S","20110630",",2,S","","","","","0.0",",,S,30,+","38.2","2,S,30,","","","","","0.0",",,,S","","","32.23","2,,,S","",""
"IRM00040798","2011-07","32.297","50.842","2049.2","SHAHRE KORD, IR","","","1",",S","0",",S","0",",S","","","","","","","0","2,S","29","2,S","24","2,S","","","","","20110725",",,S","20110707","+,2,S","","","","","0.5",",,S,25,","36.2","2,S,07,+","","","","","0.5",",,,S","","","33.54","2,,,S","",""
"IRM00040798","2011-08","32.297","50.842","2049.2","SHAHRE KORD, IR","","","0",",S","0",",S","0",",S","","","","","","","0","4,S","27","4,S","22","4,S","","","","","20110831","+,,S","20110817","+,4,S","","","","","0.0",",,S,31,+","36.4","4,S,17,+","","","","","0.0",",,,S","","","33.11","4,,,S","",""
"IRM00040798","2011-09","32.297","50.842","2049.2","SHAHRE KORD, IR","","","0","1,S","0","1,S","0","1,S","","","0","2,S","0","2,S","0","4,S","26","4,S","1","4,S","20110923",",2,S","","","20110930","+,1,S","20110909",",4,S","1.2","2,S,23,","","","0.0","1,,S,30,+","32.4","4,S,09,","","","","","0.0","1,,,S","17.26","6,S","29.38","4,,,S","5.15","2,,,S"
"IRM00040798","2011-10","32.297","50.842","2049.2","SHAHRE KORD, IR","","","1","1,S","1","1,S","0","1,S","","","","","","","0","3,S","18","3,S","0","3,S","","","","","20111028",",1,S","20111007","+,3,S","","","","","6.6","1,,S,28,","25.8","3,S,07,+","","","","","6.6","1,,,S","","","22.47","3,,,S","",""
"IRM00040798","2011-11","32.297","50.842","2049.2","SHAHRE KORD, IR","","","7","1,S","7","1,S","0","1,S","","","","","","","0","5,S","0","5,S","0","5,S","","","","","20111121",",1,S","20111105",",5,S","","","","","22.6","1,,S,21,","17.2","5,S,05,","","","","","97.6","1,,,S","","","11.41","5,,,S","",""
"IRM00040798","2011-12","32.297","50.842","2049.2","SHAHRE KORD, IR","","","0",",S","0",",S","0",",S","","","","","","","0","3,S","0","3,S","0","3,S","","","","","20111231","+,,S","20111223",",3,S","","","","","0.0",",,S,31,+","14.6","3,S,23,","","","","","0.0",",,,S","","","11.50","3,,,S","",""
"IRM00040798","2012-01","32.297","50.842","2049.2","SHAHRE KORD, IR","","","4",",S","0",",S","0",",S","","","","","","","1","1,S","0","1,S","0","1,S","","","","","20120112",",,S","20120111",",1,S","","","","","2.3",",,S,12,","13.0","1,S,11,","","","","","4.6",",,,S","","","8.50","1,,,S","",""
"IRM00040798","2012-02","32.297","50.842","2049.2","SHAHRE KORD, IR","","","7","1,S","6","1,S","1","1,S","","","","","","","0","4,S","0","4,S","0","4,S","","","","","20120202",",1,S","20120210",",4,S","","","","","30.7","1,,S,02,","11.2","4,S,10,","","","","","76.4","1,,,S","","","6.79","4,,,S","",""
"IRM00040798","2012-03","32.297","50.842","2049.2","SHAHRE KORD, IR","","","5",",S","2",",S","0",",S","","","","","","","0","2,S","0","2,S","0","2,S","","","","","20120331",",,S","20120312",",2,S","","","","","15.0",",,S,31,","17.8","2,S,12,","","","","","31.4",",,,S","","","12.45","2,,,S","",""
"IRM00040798","2012-04","32.297","50.842","2049.2","SHAHRE KORD, IR","","","8",",S","5",",S","0",",S","","","","","","","0","2,S","6","2,S","0","2,S","","","","","20120407",",,S","20120429",",2,S","","","","","23.1",",,S,07,","23.2","2,S,29,","","","","","57.1",",,,S","","","18.34","2,,,S","",""
"IRM00040798","2012-05","32.297","50.842","2049.2","SHAHRE KORD, IR","","","3","1,S","1","1,S","0","1,S","","","","","","","0",",S","29",",S","0",",S","","","","","20120501",",1,S","20120531",",,S","","","","","4.1","1,,S,01,","30.2",",S,31,","","","","","5.2","1,,,S","","","25.29",",,,S","",""
"IRM00040798","2012-06","32.297","50.842","2049.2","SHAHRE KORD, IR","","","0",",S","0",",S","0",",S","","","","","","","0","4,S","26","4,S","2","4,S","","","","","20120630","+,,S","20120607",",4,S","","","","","0.0",",,S,30,+","32.4","4,S,07,","","","","","0.0",",,,S","","","30.03","4,,,S","",""
"IRM00040798","2012-07","32.297","50.842","2049.2","SHAHRE KORD, IR","","","1",",S","1",",S","0",",S","","","","","","","","","","","","","","","","","20120717",",,S","","","","","","","9.9",",,S,17,","","","","","","","9.9",",,,S","","","","","",""
"IRM00040798","2012-08","32.297","50.842","2049.2","SHAHRE KORD, IR","","","0",",S","0",",S","0",",S","","","0","4,S","0","4,S","0","5,S","26","5,S","15","5,S","20120815",",4,S","","","20120831","+,,S","20120801",",5,S","8.2","4,S,15,","","","0.0",",,S,31,+","34.8","5,S,01,","","","","","0.0",",,,S","21.45","9,S","32.45","5,,,S","10.44","4,,,S"
"IRM00040798","2012-09","32.297","50.842","2049.2","SHAHRE KORD, IR","8.4","3,S","1",",S","1",",S","1",",S","","","0","1,S","0","1,S","0","2,S","28","2,S","1","2,S","20120930",",1,S","","","20120913",",,S","20120901",",2,S","2.4","1,S,30,","","","72.1",",,S,13,","32.4","2,S,01,","","","28.5","2,S","72.1",",,,S","17.60","3,S","28.76","2,,,S","6.43","1,,,S"
"IRM00040798","2012-10","32.297","50.842","2049.2","SHAHRE KORD, IR","","","5",",S","5",",S","0",",S","","","","","","","0","5,S","15","5,S","0","5,S","","","","","20121021",",,S","20121006",",5,S","","","","","6.9",",,S,21,","26.4","5,S,06,","","","","","24.9",",,,S","","","21.44","5,,,S","",""
"IRM00040798","2012-11","32.297","50.842","2049.2","SHAHRE KORD, IR","","","8",",S","6",",S","2",",S","","","","","","","0","2,S","0","2,S","0","2,S","","","","","20121124",",,S","20121109",",2,S","","","","","30.7",",,S,24,","20.2","2,S,09,","","","","","88.4",",,,S","","","13.15","2,,,S","",""
"IRM00040798","2012-12","32.297","50.842","2049.2","SHAHRE KORD, IR","","","7",",S","6",",S","0",",S","","","","","","","0","2,S","0","2,S","0","2,S","","","","","20121226",",,S","20121210",",2,S","","","","","22.1",",,S,26,","12.4","2,S,10,","","","","","80.6",",,,S","","","9.19","2,,,S","",""
"IRM00040798","2013-01","32.297","50.842","2049.2","SHAHRE KORD, IR","","","6",",S","3",",S","0",",S","","","","","","","1","1,S","0","1,S","0","1,S","","","","","20130130",",,S","20130125",",1,S","","","","","13.7",",,S,30,","16.0","1,S,25,","","","","","24.7",",,,S","","","8.98","1,,,S","",""
"IRM00040798","2013-02","32.297","50.842","2049.2","SHAHRE KORD, IR","","","2",",S","1",",S","0",",S","","","","","","","0","1,S","0","1,S","0","1,S","","","","","20130201",",,S","20130227",",1,S","","","","","14.0",",,S,01,","17.2","1,S,27,","","","","","14.3",",,,S","","","12.39","1,,,S","",""
"IRM00040798","2013-03","32.297","50.842","2049.2","SHAHRE KORD, IR","","","6",",S","4",",S","0",",S","","","","","","","0",",S","1",",S","0",",S","","","","","20130307",",,S","20130316",",,S","","","","","24.9",",,S,07,","21.6",",S,16,","","","","","53.9",",,,S","","","15.37",",,,S","",""
"IRM00040798","2013-04","32.297","50.842","2049.2","SHAHRE KORD, IR","","","6",",S","4",",S","0",",S","","","","","","","0","2,S","2","2,S","0","2,S","","","","","20130414",",,S","20130409",",2,S","","","","","24.9",",,S,14,","21.6","2,S,09,","","","","","44.8",",,,S","","","18.38","2,,,S","",""
"IRM00040798","2013-05","32.297","50.842","2049.2","SHAHRE KORD, IR","","","4","2,S","2","2,S","0","2,S","","","","","","","","","","","","","","","","","20130503",",2,S","","","","","","","4.1","2,,S,03,","","","","","","","7.7","2,,,S","","","","","",""
"IRM00040798","2013-06","32.297","50.842","2049.2","SHAHRE KORD, IR","","","0","3,S","0","3,S","0","3,S","","","","","","","","","","","","","","","","","20130630","+,3,S","","","","","","","0.0","3,,S,30,+","","","","","","","0.0","3,,,S","","","","","",""
"IRM00040798","2013-07","32.297","50.842","2049.2","SHAHRE KORD, IR","","","0","1,S","0","1,S","0","1,S","","","","","","","0","3,S","28","3,S","28","3,S","","","","","20130731","+,1,S","20130726","+,3,S","","","","","0.0","1,,S,31,+","38.6","3,S,26,+","","","","","0.0","1,,,S","","","36.20","3,,,S","",""
"IRM00040798","2013-08","32.297","50.842","2049.2","SHAHRE KORD, IR","91.4","5,S","0","1,S","0","1,S","0","1,S","","","0","5,S","0","5,S","0",",S","31",",S","24",",S","20130831","+,5,S","","","20130831","+,1,S","20130804",",,S","6.4","5,S,31,+","","","0.0","1,,S,31,+","36.6",",S,04,","","","0.0",",S","0.0","1,,,S","21.86","5,S","33.34",",,,S","10.38","5,,,S"
"IRM00040798","2013-09","32.297","50.842","2049.2","SHAHRE KORD, IR","","","0","1,S","0","1,S","0","1,S","","","0","4,S","1","4,S","0","3,S","27","3,S","1","3,S","20130926",",4,S","","","20130930","+,1,S","20130904",",3,S","0.0","4,S,26,","","","0.0","1,,S,30,+","32.2","3,S,04,","","","","","0.0","1,,,S","17.18","6,S","29.12","3,,,S","5.25","4,,,S"
"IRM00040798","2013-10","32.297","50.842","2049.2","SHAHRE KORD, IR","","","1",",S","1",",S","0",",S","","","","","","","0","2,S","22","2,S","0","2,S","","","","","20131029",",,S","20131003",",2,S","","","","","5.3",",,S,29,","27.0","2,S,03,","","","","","5.3",",,,S","","","22.55","2,,,S","",""
"IRM00040798","2013-11","32.297","50.842","2049.2","SHAHRE KORD, IR","","","5","2,S","2","2,S","0","2,S","","","","","","","0","4,S","1","4,S","0","4,S","","","","","20131120",",2,S","20131108",",4,S","","","","","14.5","2,,S,20,","21.4","4,S,08,","","","","","22.9","2,,,S","","","14.95","4,,,S","",""
"IRM00040798","2013-12","32.297","50.842","2049.2","SHAHRE KORD, IR","","","8",",S","3",",S","0",",S","","","","","","","0","3,S","0","3,S","0","3,S","","","","","20131214",",,S","20131202",",3,S","","","","","22.6",",,S,14,","17.4","3,S,02,","","","","","58.5",",,,S","","","8.08","3,,,S","",""
"IRM00040798","2014-01","32.297","50.842","2049.2","SHAHRE KORD, IR","","","9","1,S","6","1,S","0","1,S","29","2,","","","","","12","5,S","0","5,S","0","5,S","","","20140120","+,2,S","20140107",",1,S","20140124",",5,S","","","381","2,,S,20,+","15.5","1,,S,07,","10.0","5,S,24,","","","","","52.9","1,,,S","","","1.37","5,,,S","",""
"IRM00040798","2014-02","32.297","50.842","2049.2","SHAHRE KORD, IR","","","4","4,S","3","4,S","0","4,S","","","","","","","","","","","","","","","","","20140217",",4,S","","","","","","","6.1","4,,S,17,","","","","","","","16.0","4,,,S","","","","","",""
"IRM00040798","2014-03","32.297","50.842","2049.2","SHAHRE KORD, IR","","","7",",S","3",",S","1",",S","","","","","","","0","3,S","0","3,S","0","3,S","","","","","20140313",",,S","20140308",",3,S","","","","","30.7",",,S,13,","19.0","3,S,08,","","","","","64.3",",,,S","","","14.32","3,,,S","",""
"IRM00040798","2014-04","32.297","50.842","2049.2","SHAHRE KORD, IR","","","4","2,S","3","2,S","0","2,S","","","","","","","0","3,S","15","3,S","0","3,S","","","","","20140403",",2,S","20140426",",3,S","","","","","14.2","2,,S,03,","25.2","3,S,26,","","","","","21.1","2,,,S","","","20.37","3,,,S","",""
"IRM00040798","2014-05","32.297","50.842","2049.2","SHAHRE KORD, IR","","","5","1,S","2","1,S","0","1,S","","","0","5,S","0","5,S","0","5,S","25","5,S","0","5,S","20140505",",5,S","","","20140519",",1,S","20140531",",5,S","0.5","5,S,05,","","","4.6","1,,S,19,","30.4","5,S,31,","","","","","10.2","1,,,S","14.50","8,S","25.06","5,,,S","3.93","5,,,S"
"IRM00040798","2014-06","32.297","50.842","2049.2","SHAHRE KORD, IR","","","0","3,S","0","3,S","0","3,S","","","","","","","0","5,S","25","5,S","16","5,S","","","","","20140630","+,3,S","20140630","+,5,S","","","","","0.0","3,,S,30,+","34.6","5,S,30,+","","","","","0.0","3,,,S","","","32.01","5,,,S","",""
"IRM00040798","2014-07","32.297","50.842","2049.2","SHAHRE KORD, IR","","","0","2,S","0","2,S","0","2,S","","","0","5,S","0","5,S","0","4,S","27","4,S","25","4,S","20140710",",5,S","","","20140731","+,2,S","20140728","+,4,S","9.0","5,S,10,","","","0.0","2,,S,31,+","37.0","4,S,28,+","","","","","0.0","2,,,S","23.77","9,S","34.38","4,,,S","13.16","5,,,S"
"IRM00040798","2014-08","32.297","50.842","2049.2","SHAHRE KORD, IR","","","0","1,S","0","1,S","0","1,S","","","","","","","0","3,S","28","3,S","16","3,S","","","","","20140831","+,1,S","20140808",",3,S","","","","","0.0","1,,S,31,+","36.8","3,S,08,","","","","","0.0","1,,,S","","","33.26","3,,,S","",""
"IRM00040798","2014-09","32.297","50.842","2049.2","SHAHRE KORD, IR","","","0",",S","0",",S","0",",S","","","","","","","0","1,S","29","1,S","1","1,S","","","","","20140930","+,,S","20140911",",1,S","","","","","0.0",",,S,30,+","32.2","1,S,11,","","","","","0.0",",,,S","","","29.72","1,,,S","",""
"IRM00040798","2014-10","32.297","50.842","2049.2","SHAHRE KORD, IR","","","3","1,S","1","1,S","0","1,S","","","","","","","0","5,S","18","5,S","0","5,S","","","","","20141021",",1,S","20141001",",5,S","","","","","5.8","1,,S,21,","28.0","5,S,01,","","","","","10.1","1,,,S","","","22.58","5,,,S","",""
"IRM00040798","2014-11","32.297","50.842","2049.2","SHAHRE KORD, IR","","","5","4,S","5","4,S","2","4,S","","","","","","","0","1,S","0","1,S","0","1,S","","","","","20141101",",4,S","20141115",",1,S","","","","","36.1","4,,S,01,","17.2","1,S,15,","","","","","104.2","4,,,S","","","11.91","1,,,S","",""
"IRM00040798","2014-12","32.297","50.842","2049.2","SHAHRE KORD, IR","","","2","2,S","0","2,S","0","2,S","","","","","","","0","1,S","0","1,S","0","1,S","","","","","20141221",",2,S","20141214",",1,S","","","","","0.8","2,,S,21,","16.3","1,S,14,","","","","","1.1","2,,,S","","","11.68","1,,,S","",""
"IRM00040798","2015-01","32.297","50.842","2049.2","SHAHRE KORD, IR","","","4","3,S","0","3,S","0","3,S","","","","","","","0","4,S","0","4,S","0","4,S","","","","","20150116",",3,S","20150102",",4,S","","","","","1.3","3,,S,16,","15.9","4,S,02,","","","","","2.7","3,,,S","","","11.51","4,,,S","",""
"IRM00040798","2015-02","32.297","50.842","2049.2","SHAHRE KORD, IR","","","4","1,S","3","1,S","0","1,S","","","","","","","1","5,S","0","5,S","0","5,S","","","","","20150213",",1,S","20150202",",5,S","","","","","7.9","1,,S,13,","19.0","5,S,02,","","","","","20.1","1,,,S","","","10.88","5,,,S","",""
"IRM00040798","2015-03","32.297","50.842","2049.2","SHAHRE KORD, IR","","","5","5,S","4","5,S","1","5,S","","","","","","","0","3,S","0","3,S","0","3,S","","","","","20150323",",5,S","20150328",",3,S","","","","","29.2","5,,S,23,","18.6","3,S,28,","","","","","40.0","5,,,S","","","14.09","3,,,S","",""
"IRM00040798","2015-04","32.297","50.842","2049.2","SHAHRE KORD, IR","","","4",",S","3",",S","0",",S","","","","","","","0","2,S","13","2,S","0","2,S","","","","","20150417",",,S","20150430",",2,S","","","","","14.5",",,S,17,","26.0","2,S,30,","","","","","36.7",",,,S","","","20.39","2,,,S","",""
"IRM00040798","2015-05","32.297","50.842","2049.2","SHAHRE KORD, IR","","","5","2,S","2","2,S","0","2,S","","","","","","","0","4,S","25","4,S","0","4,S","","","","","20150508",",2,S","20150531",",4,S","","","","","7.6","2,,S,08,","31.2","4,S,31,","","","","","13.2","2,,,S","","","25.81","4,,,S","",""
"IRM00040798","2015-06","32.297","50.842","2049.2","SHAHRE KORD, IR","","","1","2,S","0","2,S","0","2,S","","","","","","","0","4,S","26","4,S","17","4,S","","","","","20150604",",2,S","20150630",",4,S","","","","","0.3","2,,S,04,","36.5","4,S,30,","","","","","0.3","2,,,S","","","33.07","4,,,S","",""
"IRM00040798","2015-07","32.297","50.842","2049.2","SHAHRE KORD, IR","","","4","1,S","1","1,S","0","1,S","","","0","5,S","0","5,S","","","","","","","20150715",",5,S","","","20150722",",1,S","","","9.9","5,S,15,","","","19.8","1,,S,22,","","","","","","","23.1","1,,,S","","","","","12.69","5,,,S"
"IRM00040798","2015-08","32.297","50.842","2049.2","SHAHRE KORD, IR","","","0","1,S","0","1,S","0","1,S","","","0","3,S","0","3,S","0","3,S","28","3,S","22","3,S","20150818",",3,S","","","20150831","+,1,S","20150822","+,3,S","6.2","3,S,18,","","","0.0","1,,S,31,+","34.6","3,S,22,+","","","","","0.0","1,,,S","20.96","6,S","32.96","3,,,S","8.96","3,,,S"
"IRM00040798","2015-09","32.297","50.842","2049.2","SHAHRE KORD, IR","","","1","1,S","0","1,S","0","1,S","","","","","","","0","2,S","28","2,S","0","2,S","","","","","20150916",",1,S","20150906",",2,S","","","","","0.3","1,,S,16,","32.0","2,S,06,","","","","","0.3","1,,,S","","","28.11","2,,,S","",""
"IRM00040798","2015-10","32.297","50.842","2049.2","SHAHRE KORD, IR","","","2","1,S","1","1,S","0","1,S","","","","","","","0","5,S","21","5,S","0","5,S","","","","","20151030",",1,S","20151002",",5,S","","","","","5.6","1,,S,30,","29.1","5,S,02,","","","","","7.4","1,,,S","","","24.10","5,,,S","",""
"IRM00040798","2015-11","32.297","50.842","2049.2","SHAHRE KORD, IR","","","2","2,S","1","2,S","0","2,S","","","","","","","0","3,S","0","3,S","0","3,S","","","","","20151119",",2,S","20151105",",3,S","","","","","2.8","2,,S,19,","20.0","3,S,05,","","","","","3.3","2,,,S","","","15.34","3,,,S","",""
"IRM00040798","2015-12","32.297","50.842","2049.2","SHAHRE KORD, IR","","","5","4,S","4","4,S","0","4,S","","","","","","","1","3,S","0","3,S","0","3,S","","","","","20151215",",4,S","20151201",",3,S","","","","","13.7","4,,S,15,","16.6","3,S,01,","","","","","38.6","4,,,S","","","7.68","3,,,S","",""
"IRM00040798","2016-01","32.297","50.842","2049.2","SHAHRE KORD, IR","","","3","2,S","2","2,S","0","2,S","","","","","","","0","2,S","0","2,S","0","2,S","","","","","20160110",",2,S","20160122",",2,S","","","","","15.7","2,,S,10,","14.7","2,S,22,","","","","","27.4","2,,,S","","","8.85","2,,,S","",""
"IRM00040798","2016-02","32.297","50.842","2049.2","SHAHRE KORD, IR","","","2","1,S","1","1,S","0","1,S","","","","","","","0","2,S","1","2,S","0","2,S","","","","","20160224",",1,S","20160222",",2,S","","","","","3.0","1,,S,24,","21.8","2,S,22,","","","","","4.3","1,,,S","","","13.09","2,,,S","",""
"IRM00040798","2016-03","32.297","50.842","2049.2","SHAHRE KORD, IR","","","8","1,S","3","1,S","0","1,S","","","","","","","0","2,S","0","2,S","0","2,S","","","","","20160316",",1,S","20160313","+,2,S","","","","","22.1","1,,S,16,","18.6","2,S,13,+","","","","","45.8","1,,,S","","","15.12","2,,,S","",""
"IRM00040798","2016-04","32.297","50.842","2049.2","SHAHRE KORD, IR","","","3",",S","2",",S","1",",S","","","","","","","0","3,S","9","3,S","0","3,S","","","","","20160415",",,S","20160427",",3,S","","","","","63.2",",,S,15,","25.9","3,S,27,","","","","","76.7",",,,S","","","18.78","3,,,S","",""
"IRM00040798","2016-05","32.297","50.842","2049.2","SHAHRE KORD, IR","","","5",",S","2",",S","0",",S","","","","","","","","","","","","","","","","","20160508",",,S","","","","","","","4.3",",,S,08,","","","","","","","9.2",",,,S","","","","","",""
"IRM00040798","2016-06","32.297","50.842","2049.2","SHAHRE KORD, IR","","","0",",S","0",",S","0",",S","","","","","","","0","5,S","25","5,S","7","5,S","","","","","20160630","+,,S","20160630",",5,S","","","","","0.0",",,S,30,+","35.7","5,S,30,","","","","","0.0",",,,S","","","30.83","5,,,S","",""
"IRM00040798","2016-07","32.297","50.842","2049.2","SHAHRE KORD, IR","","","0",",S","0",",S","0",",S","","","0","5,S","0","5,S","0","4,S","27","4,S","27","4,S","20160727","+,5,S","","","20160731","+,,S","20160723",",4,S","9.8","5,S,27,+","","","0.0",",,S,31,+","37.4","4,S,23,","","","","","0.0",",,,S","23.65","9,S","35.09","4,,,S","12.22","5,,,S"
"IRM00040798","2016-08","32.297","50.842","2049.2","SHAHRE KORD, IR","","","0",",S","0",",S","0",",S","","","","","","","","","","","","","","","","","20160831","+,,S","","","","","","","0.0",",,S,31,+","","","","","","","0.0",",,,S","","","","","",""
"IRM00040798","2016-09","32.297","50.842","2049.2","SHAHRE KORD, IR","","","0",",S","0",",S","0",",S","","","0","3,S","1","3,S","0","3,S","27","3,S","4","3,S","20160930",",3,S","","","20160930","+,,S","20160906",",3,S","-0.6","3,S,30,","","","0.0",",,S,30,+","33.5","3,S,06,","","","","","0.0",",,,S","17.94","6,S","30.31","3,,,S","5.57","3,,,S"
"IRM00040798","2016-10","32.297","50.842","2049.2","SHAHRE KORD, IR","","","1",",S","0",",S","0",",S","","","","","","","0","2,S","28","2,S","0","2,S","","","","","20161003",",,S","20161008",",2,S","","","","","1.8",",,S,03,","26.1","2,S,08,","","","","","1.8",",,,S","","","23.46","2,,,S","",""
"IRM00040798","2016-11","32.297","50.842","2049.2","SHAHRE KORD, IR","","","1",",S","1",",S","0",",S","","","","","","","","","","","","","","","","","20161103",",,S","","","","","","","2.5",",,S,03,","","","","","","","2.5",",,,S","","","","","",""
"IRM00040798","2016-12","32.297","50.842","2049.2","SHAHRE KORD, IR","","","12",",S","8",",S","2",",S","","","","","","","","","","","","","","","","","20161202",",,S","","","","","","","38.6",",,S,02,","","","","","","","129.3",",,,S","","","","","",""
"IRM00040798","2017-01","32.297","50.842","2049.2","SHAHRE KORD, IR","","","6",",S","3",",S","0",",S","","","","","","","","","","","","","","","","","20170120",",,S","","","","","","","10.7",",,S,20,","","","","","","","19.6",",,,S","","","","","",""
"IRM00040798","2017-02","32.297","50.842","2049.2","SHAHRE KORD, IR","","","7",",S","4",",S","0",",S","","","","","","","0","4,S","0","4,S","0","4,S","","","","","20170216",",,S","20170228",",4,S","","","","","10.7",",,S,16,","14.5","4,S,28,","","","","","33.8",",,,S","","","9.31","4,,,S","",""
"IRM00040798","2017-03","32.297","50.842","2049.2","SHAHRE KORD, IR","","","9",",S","3",",S","1",",S","","","","","","","0","3,S","0","3,S","0","3,S","","","","","20170325",",,S","20170310",",3,S","","","","","25.9",",,S,25,","18.0","3,S,10,","","","","","49.3",",,,S","","","13.62","3,,,S","",""
"IRM00040798","2017-04","32.297","50.842","2049.2","SHAHRE KORD, IR","","","5",",S","2",",S","0",",S","","","","","","","0","4,S","15","4,S","0","4,S","","","","","20170417",",,S","20170415",",4,S","","","","","7.4",",,S,17,","25.8","4,S,15,","","","","","15.3",",,,S","","","21.36","4,,,S","",""
"IRM00040798","2017-05","32.297","50.842","2049.2","SHAHRE KORD, IR","","","6",",S","3",",S","0",",S","","","","","","","0","4,S","26","4,S","1","4,S","","","","","20170508",",,S","20170531",",4,S","","","","","15.5",",,S,08,","32.3","4,S,31,","","","","","31.0",",,,S","","","26.58","4,,,S","",""
"IRM00040798","2017-06","32.297","50.842","2049.2","SHAHRE KORD, IR","","","0",",S","0",",S","0",",S","","","","","","","","","","","","","","","","","20170630","+,,S","","","","","","","0.0",",,S,30,+","","","","","","","0.0",",,,S","","","","","",""
"IRM00040798","2017-07","32.297","50.842","2049.2","SHAHRE KORD, IR","","","0",",S","0",",S","0",",S","","","","","","","0","3,S","28","3,S","23","3,S","","","","","20170731","+,,S","20170711",",3,S","","","","","0.0",",,S,31,+","37.4","3,S,11,","","","","","0.0",",,,S","","","33.81","3,,,S","",""
"IRM00040798","2017-08","32.297","50.842","2049.2","SHAHRE KORD, IR","65.7","5,S","0",",S","0",",S","0",",S","","","0","4,S","0","4,S","0","1,S","30","1,S","14","1,S","20170827",",4,S","","","20170831","+,,S","20170817",",1,S","4.3","4,S,27,","","","0.0",",,S,31,+","34.8","1,S,17,","","","6.5","1,S","0.0",",,,S","20.65","5,S","31.92","1,,,S","9.37","4,,,S"
"IRM00040798","2017-09","32.297","50.842","2049.2","SHAHRE KORD, IR","","","0",",S","0",",S","0",",S","","","0","3,S","0","3,S","0","4,S","26","4,S","3","4,S","20170922",",3,S","","","20170930","+,,S","20170911",",4,S","1.0","3,S,22,","","","0.0",",,S,30,+","32.7","4,S,11,","","","","","0.0",",,,S","17.65","7,S","29.84","4,,,S","5.47","3,,,S"
"IRM00040798","2017-10","32.297","50.842","2049.2","SHAHRE KORD, IR","","","0",",S","0",",S","0",",S","","","","","","","0","3,S","28","3,S","0","3,S","","","","","20171031","+,,S","20171001",",3,S","","","","","0.0",",,S,31,+","27.9","3,S,01,","","","","","0.0",",,,S","","","24.21","3,,,S","",""
"IRM00040798","2017-11","32.297","50.842","2049.2","SHAHRE KORD, IR","","","2",",S","1",",S","0",",S","","","","","","","0","5,S","2","5,S","0","5,S","","","","","20171123",",,S","20171107",",5,S","","","","","3.3",",,S,23,","22.0","5,S,07,","","","","","3.6",",,,S","","","16.17","5,,,S","",""
"IRM00040798","2017-12","32.297","50.842","2049.2","SHAHRE KORD, IR","","","3",",S","1",",S","0",",S","","","","","","","0","2,S","0","2,S","0","2,S","","","","","20171227",",,S","20171224",",2,S","","","","","3.0",",,S,27,","19.6","2,S,24,","","","","","5.8",",,,S","","","13.70","2,,,S","",""
"IRM00040798","2018-01","32.297","50.842","2049.2","SHAHRE KORD, IR","","","7",",S","1",",S","0",",S","","","","","","","0","3,S","0","3,S","0","3,S","","","","","20180120",",,S","20180101",",3,S","","","","","4.3",",,S,20,","17.0","3,S,01,","","","","","13.5",",,,S","","","8.89","3,,,S","",""
"IRM00040798","2018-02","32.297","50.842","2049.2","SHAHRE KORD, IR","","","7",",S","4",",S","0",",S","","","","","","","","","","","","","","","","","20180214",",,S","","","","","","","21.6",",,S,14,","","","","","","","44.3",",,,S","","","","","",""
"IRM00040798","2018-03","32.297","50.842","2049.2","SHAHRE KORD, IR","","","1",",S","0",",S","0",",S","","","","","","","0","2,S","9","2,S","0","2,S","","","","","20180317",",,S","20180329",",2,S","","","","","2.3",",,S,17,","25.7","2,S,29,","","","","","2.3",",,,S","","","18.85","2,,,S","",""
"IRM00040798","2018-04","32.297","50.842","2049.2","SHAHRE KORD, IR","","","11",",S","6",",S","0",",S","","","","","","","0","5,S","7","5,S","0","5,S","","","","","20180413",",,S","20180426",",5,S","","","","","12.4",",,S,13,","22.5","5,S,26,","","","","","49.7",",,,S","","","18.53","5,,,S","",""
"IRM00040798","2018-05","32.297","50.842","2049.2","SHAHRE KORD, IR","","","6","1,S","4","1,S","0","1,S","","","","","","","0","1,S","20","1,S","0","1,S","","","","","20180510",",1,S","20180531",",1,S","","","","","18.3","1,,S,10,","30.4","1,S,31,","","","","","36.1","1,,,S","","","23.30","1,,,S","",""
"IRM00040798","2018-06","32.297","50.842","2049.2","SHAHRE KORD, IR","58.1","5,S","0",",S","0",",S","0",",S","","","0","4,S","0","4,S","0","3,S","27","3,S","13","3,S","20180613",",4,S","","","20180630","+,,S","20180627",",3,S","6.3","4,S,13,","","","0.0",",,S,30,+","35.7","3,S,27,","","","0.5","3,S","0.0",",,,S","20.58","5,S","31.81","3,,,S","9.35","4,,,S"
"IRM00040798","2018-07","32.297","50.842","2049.2","SHAHRE KORD, IR","","","0",",S","0",",S","0",",S","","","0","3,S","0","3,S","0","3,S","28","3,S","26","3,S","20180706",",3,S","","","20180731","+,,S","20180708",",3,S","9.0","3,S,06,","","","0.0",",,S,31,+","36.4","3,S,08,","","","","","0.0",",,,S","23.53","6,S","34.39","3,,,S","12.66","3,,,S"
"IRM00040798","2018-08","32.297","50.842","2049.2","SHAHRE KORD, IR","","","0",",S","0",",S","0",",S","","","0","3,S","0","3,S","0","5,S","26","5,S","26","5,S","20180829",",3,S","","","20180831","+,,S","20180810",",5,S","9.1","3,S,29,","","","0.0",",,S,31,+","36.0","5,S,10,","","","","","0.0",",,,S","23.20","8,S","34.70","5,,,S","11.70","3,,,S"
"IRM00040798","2018-09","32.297","50.842","2049.2","SHAHRE KORD, IR","","","0","2,S","0","2,S","0","2,S","","","0","3,S","0","3,S","0","5,S","25","5,S","7","5,S","20180926",",3,S","","","20180930","+,2,S","20180901",",5,S","3.4","3,S,26,","","","0.0","2,,S,30,+","35.0","5,S,01,","","","","","0.0","2,,,S","19.29","7,S","30.93","5,,,S","7.65","3,,,S"
"IRM00040798","2018-10","32.297","50.842","2049.2","SHAHRE KORD, IR","","","5",",S","2",",S","0",",S","","","","","","","","","","","","","","","","","20181027",",,S","","","","","","","15.5",",,S,27,","","","","","","","19.7",",,,S","","","","","",""
"IRM00040798","2018-11","32.297","50.842","2049.2","SHAHRE KORD, IR","","","9",",S","4",",S","1",",S","","","","","","","0","5,S","0","5,S","0","5,S","","","","","20181125",",,S","20181105",",5,S","","","","","30.2",",,S,25,","17.0","5,S,05,","","","","","71.0",",,,S","","","12.84","5,,,S","",""
"IRM00040798","2018-12","32.297","50.842","2049.2","SHAHRE KORD, IR","","","3",",S","3",",S","0",",S","","","","","","","0",",S","0",",S","0",",S","","","","","20181231",",,S","20181205",",,S","","","","","8.4",",,S,31,","16.2",",S,05,","","","","","20.6",",,,S","","","12.22",",,,S","",""
"IRM00040798","2019-01","32.297","50.842","2049.2","SHAHRE KORD, IR","","","12",",S","9",",S","0",",S","","","","","","","","","","","","","","","","","20190117",",,S","","","","","","","15.7",",,S,17,","","","","","","","85.9",",,,S","","","","","",""
"IRM00040798","2019-02","32.297","50.842","2049.2","SHAHRE KORD, IR","","","7",",S","3",",S","0",",S","","","","","","","0","3,S","0","3,S","0","3,S","","","","","20190216",",,S","20190208",",3,S","","","","","4.3",",,S,16,","15.2","3,S,08,","","","","","14.7",",,,S","","","9.59","3,,,S","",""
"IRM00040798","2019-03","32.297","50.842","2049.2","SHAHRE KORD, IR","","","13","1,S","8","1,S","1","1,S","","","","","","","0","2,S","0","2,S","0","2,S","","","","","20190326",",1,S","20190313",",2,S","","","","","47.0","1,,S,26,","15.8","2,S,13,","","","","","96.7","1,,,S","","","10.50","2,,,S","",""
"IRM00040798","2019-04","32.297","50.842","2049.2","SHAHRE KORD, IR","","","11",",S","11",",S","0",",S","","","","","","","0","3,S","0","3,S","0","3,S","","","","","20190407",",,S","20190429",",3,S","","","","","11.4",",,S,07,","20.2","3,S,29,","","","","","68.6",",,,S","","","16.54","3,,,S","",""
"IRM00040798","2019-05","32.297","50.842","2049.2","SHAHRE KORD, IR","","","6",",S","0",",S","0",",S","","","","","","","","","","","","","","","","","20190528",",,S","","","","","","","1.5",",,S,28,","","","","","","","4.2",",,,S","","","","","",""
"IRM00040798","2019-06","32.297","50.842","2049.2","SHAHRE KORD, IR","","","2",",S","1",",S","0",",S","","","","","","","0","5,S","25","5,S","13","5,S","","","","","20190603",",,S","20190625",",5,S","","","","","13.0",",,S,03,","36.2","5,S,25,","","","","","15.0",",,,S","","","32.31","5,,,S","",""
"IRM00040798","2019-07","32.297","50.842","2049.2","SHAHRE KORD, IR","","","0",",S","0",",S","0",",S","","","","","","","0","2,S","29","2,S","29","2,S","","","","","20190731","+,,S","20190715",",2,S","","","","","0.0",",,S,31,+","36.6","2,S,15,","","","","","0.0",",,,S","","","35.43","2,,,S","",""
"IRM00040798","2019-08","32.297","50.842","2049.2","SHAHRE KORD, IR","","","1",",S","1",",S","0",",S","","","0","1,S","0","1,S","","","","","","","20190819",",1,S","","","20190815",",,S","","","5.3","1,S,19,","","","2.5",",,S,15,","","","","","","","2.5",",,,S","","","","","10.26","1,,,S"
"IRM00040798","2019-09","32.297","50.842","2049.2","SHAHRE KORD, IR","","","0",",S","0",",S","0",",S","","","0","3,S","0","3,S","0","4,S","26","4,S","10","4,S","20190926",",3,S","","","20190930","+,,S","20190902",",4,S","3.2","3,S,26,","","","0.0",",,S,30,+","33.9","4,S,02,","","","","","0.0",",,,S","18.65","7,S","31.72","4,,,S","5.57","3,,,S"
"IRM00040798","2019-10","32.297","50.842","2049.2","SHAHRE KORD, IR","","","5",",S","0",",S","0",",S","","","","","","","0","5,S","16","5,S","0","5,S","","","","","20191029","+,,S","20191001",",5,S","","","","","2.0",",,S,29,+","29.1","5,S,01,","","","","","8.1",",,,S","","","22.72","5,,,S","",""
"IRM00040798","2019-11","32.297","50.842","2049.2","SHAHRE KORD, IR","","","2","1,S","1","1,S","0","1,S","","","","","","","","","","","","","","","","","20191118",",1,S","","","","","","","16.0","1,,S,18,","","","","","","","17.8","1,,,S","","","","","",""
"IRM00040798","2019-12","32.297","50.842","2049.2","SHAHRE KORD, IR","","","5",",S","4",",S","0",",S","","","","","","","","","","","","","","","","","20191217",",,S","","","","","","","18.8",",,S,17,","","","","","","","43.9",",,,S","","","","","",""
"IRM00040798","2020-01","32.297","50.842","2049.2","SHAHRE KORD, IR","","","9",",S","2",",S","0",",S","","","","","","","","","","","","","","","","","20200105",",,S","","","","","","","9.9",",,S,05,","","","","","","","21.4",",,,S","","","","","",""
"IRM00040798","2020-02","32.297","50.842","2049.2","SHAHRE KORD, IR","","","8",",S","6",",S","1",",S","","","","","","","1","4,S","0","4,S","0","4,S","","","","","20200226",",,S","20200219",",4,S","","","","","25.9",",,S,26,","19.0","4,S,19,","","","","","58.0",",,,S","","","11.76","4,,,S","",""
"IRM00040798","2020-03","32.297","50.842","2049.2","SHAHRE KORD, IR","","","7","3,S","5","3,S","0","3,S","","","","","","","0","3,S","0","3,S","0","3,S","","","","","20200322",",3,S","20200312",",3,S","","","","","17.8","3,,S,22,","20.9","3,S,12,","","","","","63.0","3,,,S","","","14.04","3,,,S","",""
"IRM00040798","2020-04","32.297","50.842","2049.2","SHAHRE KORD, IR","","","11",",S","7",",S","0",",S","","","","","","","0","4,S","4","4,S","0","4,S","","","","","20200427",",,S","20200425",",4,S","","","","","8.6",",,S,27,","24.2","4,S,25,","","","","","41.3",",,,S","","","18.25","4,,,S","",""
"IRM00040798","2020-05","32.297","50.842","2049.2","SHAHRE KORD, IR","","","3",",S","1",",S","0",",S","","","","","","","0","3,S","27","3,S","2","3,S","","","","","20200501",",,S","20200530",",3,S","","","","","8.6",",,S,01,","32.6","3,S,30,","","","","","9.4",",,,S","","","26.66","3,,,S","",""
"IRM00040798","2020-06","32.297","50.842","2049.2","SHAHRE KORD, IR","","","0",",S","0",",S","0",",S","","","0","5,S","0","5,S","0","3,S","27","3,S","12","3,S","20200604",",5,S","","","20200630","+,,S","20200627","+,3,S","4.2","5,S,04,","","","0.0",",,S,30,+","34.6","3,S,27,+","","","","","0.0",",,,S","20.07","8,S","32.24","3,,,S","7.90","5,,,S"
"IRM00040798","2020-07","32.297","50.842","2049.2","SHAHRE KORD, IR","","","0",",S","0",",S","0",",S","","","0","5,S","0","5,S","0","2,S","29","2,S","22","2,S","20200703",",5,S","","","20200731","+,,S","20200730",",2,S","7.8","5,S,03,","","","0.0",",,S,31,+","37.0","2,S,30,","","","","","0.0",",,,S","22.85","7,S","33.72","2,,,S","11.98","5,,,S"
"IRM00040798","2020-08","32.297","50.842","2049.2","SHAHRE KORD, IR","","","0",",S","0",",S","0",",S","","","0","3,S","0","3,S","0","5,S","26","5,S","19","5,S","20200831",",3,S","","","20200831","+,,S","20200814",",5,S","6.2","3,S,31,","","","0.0",",,S,31,+","37.7","5,S,14,","","","","","0.0",",,,S","22.43","7,S","33.97","5,,,S","10.88","3,,,S"
"IRM00040798","2020-09","32.297","50.842","2049.2","SHAHRE KORD, IR","","","1",",S","0",",S","0",",S","","","0","2,S","0","2,S","","","","","","","20200927",",2,S","","","20200930",",,S","","","3.1","2,S,27,","","","1.5",",,S,30,","","","","","","","1.5",",,,S","","","","","6.00","2,,,S"
"IRM00040798","2020-10","32.297","50.842","2049.2","SHAHRE KORD, IR","","","0",",S","0",",S","0",",S","","","","","","","0","4,S","21","4,S","0","4,S","","","","","20201031","+,,S","20201003",",4,S","","","","","0.0",",,S,31,+","26.7","4,S,03,","","","","","0.0",",,,S","","","22.73","4,,,S","",""
"IRM00040798","2020-11","32.297","50.842","2049.2","SHAHRE KORD, IR","","","10",",S","4",",S","0",",S","","","","","","","0","4,S","4","4,S","0","4,S","","","","","20201122",",,S","20201102",",4,S","","","","","23.9",",,S,22,","23.0","4,S,02,","","","","","55.8",",,,S","","","15.58","4,,,S","",""
"IRM00040798","2020-12","32.297","50.842","2049.2","SHAHRE KORD, IR","","","6",",S","4",",S","0",",S","","","","","","","0","3,S","0","3,S","0","3,S","","","","","20201218",",,S","20201215",",3,S","","","","","15.7",",,S,18,","14.2","3,S,15,","","","","","43.4",",,,S","","","9.28","3,,,S","",""
"IRM00040798","2021-01","32.297","50.842","2049.2","SHAHRE KORD, IR","","","3",",S","1",",S","0",",S","","","","","","","0","3,S","0","3,S","0","3,S","","","","","20210130",",,S","20210128",",3,S","","","","","2.8",",,S,30,","15.4","3,S,28,","","","","","4.1",",,,S","","","10.50","3,,,S","",""
"IRM00040798","2021-02","32.297","50.842","2049.2","SHAHRE KORD, IR","","","6","4,S","4","4,S","0","4,S","","","","","","","","","","","","","","","","","20210219",",4,S","","","","","","","21.8","4,,S,19,","","","","","","","44.7","4,,,S","","","","","",""
"IRM00040798","2021-03","32.297","50.842","2049.2","SHAHRE KORD, IR","","","5",",S","3",",S","0",",S","","","","","","","0","5,S","3","5,S","0","5,S","","","","","20210313",",,S","20210324",",5,S","","","","","12.4",",,S,13,","23.5","5,S,24,","","","","","22.3",",,,S","","","16.71","5,,,S","",""
"IRM00040798","2021-04","32.297","50.842","2049.2","SHAHRE KORD, IR","","","3",",S","1",",S","0",",S","","","","","","","0","4,S","20","4,S","0","4,S","","","","","20210403",",,S","20210422",",4,S","","","","","11.9",",,S,03,","27.6","4,S,22,","","","","","12.7",",,,S","","","22.92","4,,,S","",""
"IRM00040798","2021-05","32.297","50.842","2049.2","SHAHRE KORD, IR","","","3",",S","1",",S","0",",S","","","","","","","0","1,S","28","1,S","0","1,S","","","","","20210504",",,S","20210531",",1,S","","","","","6.9",",,S,04,","32.0","1,S,31,","","","","","7.7",",,,S","","","26.45","1,,,S","",""
"IRM00040798","2021-06","32.297","50.842","2049.2","SHAHRE KORD, IR","","","0",",S","0",",S","0",",S","","","0","4,S","0","4,S","0","4,S","26","4,S","24","4,S","20210610",",4,S","","","20210630","+,,S","20210616",",4,S","5.3","4,S,10,","","","0.0",",,S,30,+","37.3","4,S,16,","","","","","0.0",",,,S","21.86","7,S","34.29","4,,,S","9.42","4,,,S"
"IRM00040798","2021-07","32.297","50.842","2049.2","SHAHRE KORD, IR","","","2","2,S","0","2,S","0","2,S","","","","","","","","","","","","","","","","","20210720",",2,S","","","","","","","0.5","2,,S,20,","","","","","","","0.8","2,,,S","","","","","",""
"IRM00040798","2021-08","32.297","50.842","2049.2","SHAHRE KORD, IR","","","0",",S","0",",S","0",",S","","","0","4,S","0","4,S","0","2,S","29","2,S","21","2,S","20210831",",4,S","","","20210831","+,,S","20210815",",2,S","7.4","4,S,31,","","","0.0",",,S,31,+","35.7","2,S,15,","","","","","0.0",",,,S","22.12","6,S","33.14","2,,,S","11.10","4,,,S"
"IRM00040798","2021-09","32.297","50.842","2049.2","SHAHRE KORD, IR","21.3","4,S","0",",S","0",",S","0",",S","","","0","1,S","0","1,S","0","3,S","27","3,S","7","3,S","20210926",",1,S","","","20210930","+,,S","20210906",",3,S","1.6","1,S,26,","","","0.0",",,S,30,+","33.4","3,S,06,","","","19.0","3,S","0.0",",,,S","18.44","4,S","31.14","3,,,S","5.74","1,,,S"
"IRM00040798","2021-10","32.297","50.842","2049.2","SHAHRE KORD, IR","","","0",",S","0",",S","0",",S","","","0","3,S","10","3,S","0","3,S","21","3,S","0","3,S","20211026",",3,S","","","20211031","+,,S","20211008",",3,S","-4.4","3,S,26,","","","0.0",",,S,31,+","28.7","3,S,08,","","","","","0.0",",,,S","12.91","6,S","24.13","3,,,S","1.69","3,,,S"
"IRM00040798","2021-11","32.297","50.842","2049.2","SHAHRE KORD, IR","","","10",",S","2",",S","0",",S","","","","","","","","","","","","","","","","","20211106",",,S","","","","","","","9.9",",,S,06,","","","","","","","27.8",",,,S","","","","","",""
"IRM00040798","2021-12","32.297","50.842","2049.2","SHAHRE KORD, IR","","","5","4,S","5","4,S","0","4,S","","","","","","","","","","","","","","","","","20211221",",4,S","","","","","","","16.3","4,,S,21,","","","","","","","46.8","4,,,S","","","","","",""
"IRM00040798","2022-01","32.297","50.842","2049.2","SHAHRE KORD, IR","","","6","1,S","6","1,S","1","1,S","","","","","","","","","","","","","","","","","20220115",",1,S","","","","","","","27.7","1,,S,15,","","","","","","","56.6","1,,,S","","","","","",""
"IRM00040798","2022-02","32.297","50.842","2049.2","SHAHRE KORD, IR","","","7",",S","3",",S","0",",S","","","","","","","0","4,S","0","4,S","0","4,S","","","","","20220201",",,S","20220224",",4,S","","","","","18.3",",,S,01,","17.7","4,S,24,","","","","","43.7",",,,S","","","10.78","4,,,S","",""
"IRM00040798","2022-03","32.297","50.842","2049.2","SHAHRE KORD, IR","","","10",",S","5",",S","0",",S","","","","","","","0","5,S","1","5,S","0","5,S","","","","","20220314",",,S","20220331",",5,S","","","","","17.8",",,S,14,","21.9","5,S,31,","","","","","65.2",",,,S","","","15.41","5,,,S","",""
"IRM00040798","2022-04","32.297","50.842","2049.2","SHAHRE KORD, IR","","","0",",S","0",",S","0",",S","","","","","","","0","2,S","24","2,S","0","2,S","","","","","20220430","+,,S","20220421",",2,S","","","","","0.0",",,S,30,+","25.5","2,S,21,","","","","","0.0",",,,S","","","22.87","2,,,S","",""
"IRM00040798","2022-05","32.297","50.842","2049.2","SHAHRE KORD, IR","","","2",",S","0",",S","0",",S","","","","","","","0","3,S","27","3,S","0","3,S","","","","","20220507",",,S","20220522",",3,S","","","","","1.8",",,S,07,","30.3","3,S,22,","","","","","2.8",",,,S","","","25.78","3,,,S","",""
"IRM00040798","2022-06","32.297","50.842","2049.2","SHAHRE KORD, IR","","","0",",S","0",",S","0",",S","","","","","","","0","4,S","26","4,S","16","4,S","","","","","20220630","+,,S","20220630",",4,S","","","","","0.0",",,S,30,+","38.1","4,S,30,","","","","","0.0",",,,S","","","32.96","4,,,S","",""
"IRM00040798","2022-07","32.297","50.842","2049.2","SHAHRE KORD, IR","","","2",",S","2",",S","0",",S","","","0","5,S","0","5,S","0","3,S","28","3,S","23","3,S","20220714",",5,S","","","20220729",",,S","20220701",",3,S","7.2","5,S,14,","","","7.6",",,S,29,","38.5","3,S,01,","","","","","11.7",",,,S","23.97","8,S","35.10","3,,,S","12.83","5,,,S"
"IRM00040798","2022-08","32.297","50.842","2049.2","SHAHRE KORD, IR","","","2",",S","0",",S","0",",S","","","0","5,S","0","5,S","0","3,S","28","3,S","15","3,S","20220829","+,5,S","","","20220810",",,S","20220809",",3,S","3.8","5,S,29,+","","","1.8",",,S,10,","36.2","3,S,09,","","","","","3.3",",,,S","21.25","8,S","32.27","3,,,S","10.23","5,,,S"
"IRM00040798","2022-09","32.297","50.842","2049.2","SHAHRE KORD, IR","","","0",",S","0",",S","0",",S","","","0","3,S","0","3,S","","","","","","","20220929",",3,S","","","20220930","+,,S","","","2.7","3,S,29,","","","0.0",",,S,30,+","","","","","","","0.0",",,,S","","","","","6.61","3,,,S"
"IRM00040798","2022-10","32.297","50.842","2049.2","SHAHRE KORD, IR","","","1",",S","0",",S","0",",S","","","0","5,S","3","5,S","0","1,S","29","1,S","0","1,S","20221013",",5,S","","","20221030",",,S","20221001",",1,S","-2.2","5,S,13,","","","0.3",",,S,30,","28.7","1,S,01,","","","","","0.3",",,,S","13.37","6,S","25.18","1,,,S","1.56","5,,,S"
"IRM00040798","2022-11","32.297","50.842","2049.2","SHAHRE KORD, IR","","","8","1,S","3","1,S","1","1,S","","","","","","","","","","","","","","","","","20221103",",1,S","","","","","","","35.3","1,,S,03,","","","","","","","49.2","1,,,S","","","","","",""
"IRM00040798","2022-12","32.297","50.842","2049.2","SHAHRE KORD, IR","","","5",",S","3",",S","0",",S","","","","","","","","","","","","","","","","","20221224",",,S","","","","","","","24.4",",,S,24,","","","","","","","41.7",",,,S","","","","","",""
"IRM00040798","2023-01","32.297","50.842","2049.2","SHAHRE KORD, IR","","","6",",S","5",",S","1",",S","","","","","","","8","1,S","0","1,S","0","1,S","","","","","20230131",",,S","20230129",",1,S","","","","","28.4",",,S,31,","8.9","1,S,29,","","","","","100.8",",,,S","","","2.28","1,,,S","",""
"IRM00040798","2023-02","32.297","50.842","2049.2","SHAHRE KORD, IR","","","9","1,S","5","1,S","3","1,S","","","","","","","","","","","","","","","","","20230215",",1,S","","","","","","","46.5","1,,S,15,","","","","","","","149.6","1,,,S","","","","","",""
"IRM00040798","2023-03","32.297","50.842","2049.2","SHAHRE KORD, IR","","","7",",S","3",",S","0",",S","","","","","","","0","5,S","0","5,S","0","5,S","","","","","20230310",",,S","20230330",",5,S","","","","","20.3",",,S,10,","20.0","5,S,30,","","","","","36.0",",,,S","","","15.36","5,,,S","",""
"IRM00040798","2023-04","32.297","50.842","2049.2","SHAHRE KORD, IR","","","3",",S","1",",S","0",",S","","","","","","","0","4,S","10","4,S","0","4,S","","","","","20230413",",,S","20230424",",4,S","","","","","11.4",",,S,13,","23.4","4,S,24,","","","","","13.2",",,,S","","","19.88","4,,,S","",""
"IRM00040798","2023-05","32.297","50.842","2049.2","SHAHRE KORD, IR","","","3",",S","1",",S","0",",S","","","","","","","","","","","","","","","","","20230521",",,S","","","","","","","4.1",",,S,21,","","","","","","","6.4",",,,S","","","","","",""
"IRM00040798","2023-06","32.297","50.842","2049.2","SHAHRE KORD, IR","","","0",",S","0",",S","0",",S","","","","","","","","","","","","","","","","","20230630","+,,S","","","","","","","0.0",",,S,30,+","","","","","","","0.0",",,,S","","","","","",""
"IRM00040798","2023-07","32.297","50.842","2049.2","SHAHRE KORD, IR","","","0",",S","0",",S","0",",S","","","","","","","0","3,S","28","3,S","28","3,S","","","","","20230731","+,,S","20230712",",3,S","","","","","0.0",",,S,31,+","37.6","3,S,12,","","","","","0.0",",,,S","","","35.71","3,,,S","",""
"IRM00040798","2023-08","32.297","50.842","2049.2","SHAHRE KORD, IR","","","0",",S","0",",S","0",",S","","","0","4,S","0","4,S","","","","","","","20230817",",4,S","","","20230831","+,,S","","","5.4","4,S,17,","","","0.0",",,S,31,+","","","","","","","0.0",",,,S","","","","","10.46","4,,,S"
"IRM00040798","2023-09","32.297","50.842","2049.2","SHAHRE KORD, IR","","","0",",S","0",",S","0",",S","","","0","5,S","0","5,S","","","","","","","20230928",",5,S","","","20230930","+,,S","","","3.8","5,S,28,","","","0.0",",,S,30,+","","","","","","","0.0",",,,S","","","","","7.82","5,,,S"
"IRM00040798","2023-10","32.297","50.842","2049.2","SHAHRE KORD, IR","","","3",",S","2",",S","0",",S","","","","","","","","","","","","","","","","","20231019",",,S","","","","","","","5.6",",,S,19,","","","","","","","11.2",",,,S","","","","","",""
"IRM00040798","2023-11","32.297","50.842","2049.2","SHAHRE KORD, IR","","","6",",S","3",",S","0",",S","","","","","","","0","5,S","0","5,S","0","5,S","","","","","20231120",",,S","20231112",",5,S","","","","","18.3",",,S,20,","21.0","5,S,12,","","","","","26.4",",,,S","","","17.36","5,,,S","",""
"IRM00040798","2023-12","32.297","50.842","2049.2","SHAHRE KORD, IR","","","2",",S","2",",S","0",",S","","","","","","","0","4,S","0","4,S","0","4,S","","","","","20231213",",,S","20231201",",4,S","","","","","7.9",",,S,13,","18.0","4,S,01,","","","","","11.2",",,,S","","","14.00","4,,,S","",""
"IRM00040798","2024-01","32.297","50.842","2049.2","SHAHRE KORD, IR","","","7",",S","4",",S","0",",S","","","","","","","","","","","","","","","","","20240126",",,S","","","","","","","15.5",",,S,26,","","","","","","","32.7",",,,S","","","","","",""
"IRM00040798","2024-02","32.297","50.842","2049.2","SHAHRE KORD, IR","","","8",",S","4",",S","0",",S","","","","","","","0","5,S","0","5,S","0","5,S","","","","","20240216",",,S","20240215",",5,S","","","","","24.9",",,S,16,","17.2","5,S,15,","","","","","58.0",",,,S","","","10.16","5,,,S","",""
"IRM00040798","2024-03","32.297","50.842","2049.2","SHAHRE KORD, IR","","","9","5,S","7","5,S","0","5,S","","","","","","","","","","","","","","","","","20240324",",5,S","","","","","","","23.6","5,,S,24,","","","","","","","85.8","5,,,S","","","","","",""
"IRM00040798","2024-04","32.297","50.842","2049.2","SHAHRE KORD, IR","","","8",",S","4",",S","0",",S","","","","","","","0","5,S","8","5,S","0","5,S","","","","","20240424",",,S","20240429",",5,S","","","","","21.6",",,S,24,","23.3","5,S,29,","","","","","40.4",",,,S","","","19.08","5,,,S","",""
"IRM00040798","2024-05","32.297","50.842","2049.2","SHAHRE KORD, IR","","","8",",S","3",",S","0",",S","","","","","","","0","4,S","22","4,S","2","4,S","","","","","20240506",",,S","20240531",",4,S","","","","","6.9",",,S,06,","33.2","4,S,31,","","","","","19.8",",,,S","","","24.84","4,,,S","",""
"IRM00040798","2024-06","32.297","50.842","2049.2","SHAHRE KORD, IR","","","0",",S","0",",S","0",",S","","","0","4,S","0","4,S","0","2,S","28","2,S","14","2,S","20240602",",4,S","","","20240630","+,,S","20240628",",2,S","5.1","4,S,02,","","","0.0",",,S,30,+","35.0","2,S,28,","","","","","0.0",",,,S","20.98","6,S","32.42","2,,,S","9.54","4,,,S"
