"STATION","DATE","LATITUDE","LONGITUDE","ELEVATION","NAME","CDSD","CDSD_ATTRIBUTES","CLDD","CLDD_ATTRIBUTES","DP01","DP01_ATTRIBUTES","DP10","DP10_ATTRIBUTES","DP1X","DP1X_ATTRIBUTES","DSND","DSND_ATTRIBUTES","DSNW","DSNW_ATTRIBUTES","DT00","DT00_ATTRIBUTES","DT32","DT32_ATTRIBUTES","DX32","DX32_ATTRIBUTES","DX70","DX70_ATTRIBUTES","DX90","DX90_ATTRIBUTES","DYFG","DYFG_ATTRIBUTES","DYNT","DYNT_ATTRIBUTES","DYSD","DYSD_ATTRIBUTES","DYSN","DYSN_ATTRIBUTES","DYTS","DYTS_ATTRIBUTES","DYXP","DYXP_ATTRIBUTES","DYXT","DYXT_ATTRIBUTES","EMNT","EMNT_ATTRIBUTES","EMSD","EMSD_ATTRIBUTES","EMSN","EMSN_ATTRIBUTES","EMXP","EMXP_ATTRIBUTES","EMXT","EMXT_ATTRIBUTES","HDSD","HDSD_ATTRIBUTES","HTDD","HTDD_ATTRIBUTES","PRCP","PRCP_ATTRIBUTES","SNOW","SNOW_ATTRIBUTES","TAVG","TAVG_ATTRIBUTES","TMAX","TMAX_ATTRIBUTES","TMIN","TMIN_ATTRIBUTES","WDFG","WDFG_ATTRIBUTES","WSFG","WSFG_ATTRIBUTES"
"JAW00043320","1951-07","35.31667","139.65","8.2","OPPAMA, JA","","","174.3",",X","14",",X","9",",X","3",",X","0",",X","0",",X","0",",X","0",",X","0",",X","30",",X","5",",X","16","","19510703",",,X","19510731","+,,X","19510731","+,,X","1","","19510702",",,X","19510727",",,X","15.0",",X,03,","0",",,X,31,+","0",",,X,31,+","37.8",",,X,02,","33.9",",X,27,","1.1","X","1.1",",X","192.0",",,,X","0",",,,X","23.92",",X","28.22",",,,X","19.61",",,,X","","","",""
"JAW00043320","1951-08","35.31667","139.65","8.2","OPPAMA, JA","","","275.7","1,X","8","1,X","5","1,X","3","1,X","0","1,X","0","1,X","0","1,X","0","1,X","0","1,X","30","1,X","14","1,X","14","","19510831","+,1,X","19510831","+,1,X","19510831","+,1,X","","","19510823",",1,X","19510811",",1,X","21.1","1,X,31,+","0","1,,X,31,+","0","1,,X,31,+","68.3","1,,X,23,","34.4","1,X,11,","1.1","X","0.0","1,X","165.3","1,,,X","0","1,,,X","27.52","1,X","31.33","1,,,X","23.72","1,,,X","68","1,X","14.8","1,X"
"JAW00043320","1951-09","35.31667","139.65","8.2","OPPAMA, JA","","","99.0",",X","16",",X","10",",X","5",",X","","","","","0",",X","0",",X","0",",X","27",",X","0",",X","14","","19510921",",,X","","","","","","","19510919",",,X","19510901",",,X","12.8",",X,21,","","","","","81.5",",,X,19,","30.6",",X,01,","5.6","X","4.5",",X","304.2",",,,X","","","21.48",",X","24.97",",,,X","18.00",",,,X","225",",X","16.5",",X"
"JAW00043320","1951-10","35.31667","139.65","8.2","OPPAMA, JA","","","31.6",",X","17",",X","12",",X","2",",X","","","","","0",",X","0",",X","0",",X","16",",X","0",",X","19","","19511007",",,X","","","","","","","19511014",",,X","19511019",",,X","8.9",",X,07,","","","","","42.2",",,X,14,","27.8",",X,19,","44.7","X","39.1",",X","155.4",",,,X","","","18.09",",X","21.68",",,,X","14.50",",,,X","203","1,X","31.3","1,X"
"JAW00043320","1951-11","35.31667","139.65","8.2","OPPAMA, JA","","","0.0",",X","11",",X","4",",X","1",",X","0",",X","0",",X","0",",X","1",",X","0",",X","3",",X","0",",X","19","","19511129",",,X","19511130","+,,X","19511130","+,,X","","","19511102",",,X","19511107",",,X","-0.6",",X,29,","0",",,X,30,+","0",",,X,30,+","35.8",",,X,02,","21.7",",X,07,","238.6","X","193.9",",X","80.4",",,,X","0",",,,X","11.87",",X","16.26",",,,X","7.48",",,,X","225",",X","22.8",",X"
"JAW00043320","1951-12","35.31667","139.65","8.2","OPPAMA, JA","","","0.0",",X","7",",X","3",",X","2",",X","","","","","0",",X","2",",X","0",",X","0",",X","0",",X","11","","19511218","+,,X","","","","","","","19511231",",,X","19511226",",,X","0.0",",X,18,+","","","","","27.9",",,X,31,","18.9",",X,26,","553.2","X","314.6",",X","60.7",",,,X","","","8.18",",X","13.58",",,,X","2.78",",,,X","225",",X","17.9",",X"
"JAW00043320","1952-01","35.31667","139.65","8.2","OPPAMA, JA","0.0","X","0.0",",X","8",",X","7",",X","0",",X","0",",X","0",",X","0",",X","15",",X","0",",X","0",",X","0",",X","7","","19520126",",,X","19520131","+,,X","19520112",",,X","","","19520111",",,X","19520101",",,X","-2.2",",X,26,","0",",,X,31,+","0",",T,X,12,","22.4",",,X,11,","16.7",",X,01,","950.6","X","397.4",",X","86.9",",,,X","0",",T,,X","5.51",",X","10.22",",,,X","0.81",",,,X","225",",X","20.6",",X"
"JAW00043320","1952-02","35.31667","139.65","8.2","OPPAMA, JA","0.0","X","0.0",",X","12",",X","6",",X","0",",X","1","2,X","2","1,X","0",",X","14",",X","0",",X","0",",X","0",",X","9","","19520220",",,X","19520208",",2,X","19520207",",1,X","","","19520207",",,X","19520212",",,X","-3.9",",X,20,","127","2,,X,08,","170","1,,X,07,","17.8",",,X,07,","12.2",",X,12,","1374.2","X","423.6",",X","82.3",",,,X","254","1,,,X","3.73",",X","7.12",",,,X","0.33",",,,X","360","1,X","14.8","1,X"
"JAW00043320","1952-03","35.31667","139.65","8.2","OPPAMA, JA","0.0","X","0.0",",X","11",",X","10",",X","2",",X","2",",X","1",",X","0",",X","0",",X","0",",X","0",",X","0",",X","2","","19520313","+,,X","19520308",",,X","19520308",",,X","","","19520314",",,X","19520319",",,X","0.6",",X,13,+","51",",,X,08,","33",",,X,08,","47.2",",,X,14,","19.4",",X,19,","1681.9","X","307.7",",X","195.5",",,,X","46",",,,X","8.41",",X","12.38",",,,X","4.43",",,,X","158","1,X","20.6","1,X"
"JAW00043320","1952-04","35.31667","139.65","8.2","OPPAMA, JA","2.2","X","2.2",",X","13",",X","13",",X","3",",X","0","5,X","0","4,X","0",",X","0",",X","0",",X","8",",X","0",",X","3","","19520403",",,X","19520430","+,5,X","19520402",",4,X","2","","19520409",",,X","19520410",",,X","0.6",",X,03,","0","5,,X,30,+","0","4,T,X,02,","52.8",",,X,09,","25.0",",X,10,","1826.8","X","144.9",",X","240.1",",,,X","0","4,T,,X","13.58",",X","17.89",",,,X","9.26",",,,X","225",",X","20.6",",X"
"JAW00043320","1952-05","35.31667","139.65","8.2","OPPAMA, JA","19.3","X","17.1",",X","10",",X","9",",X","2",",X","0",",X","0",",X","0",",X","0",",X","0",",X","22",",X","0",",X","4","","19520507",",,X","19520531","+,,X","19520531","+,,X","","","19520511",",,X","19520529",",,X","8.3",",X,07,","0",",,X,31,+","0",",,X,31,+","42.9",",,X,11,","26.7",",X,29,","1852.9","X","26.1",",X","147.9",",,,X","0",",,,X","18.04",",X","22.51",",,,X","13.57",",,,X","158",",X","17.4",",X"
"JAW00043320","1952-06","35.31667","139.65","8.2","OPPAMA, JA","123.0","X","103.7",",X","20",",X","11",",X","3",",X","0",",X","0",",X","0",",X","0",",X","0",",X","26",",X","0",",X","6","","19520603",",,X","19520630","+,,X","19520630","+,,X","1","","19520624",",,X","19520624",",,X","12.8",",X,03,","0",",,X,30,+","0",",,X,30,+","86.4",",,X,24,","31.1",",X,24,","1855.1","X","2.2",",X","290.0",",,,X","0",",,,X","21.72",",X","25.54",",,,X","17.89",",,,X","270",",X","24.6",",X"
"JAW00043320","1952-07","35.31667","139.65","8.2","OPPAMA, JA","321.1","X","198.1",",X","18",",X","13",",X","5",",X","","","","","0",",X","0",",X","0",",X","31",",X","7",",X","11","","19520707",",,X","","","","","","","19520714",",,X","19520726","+,,X","17.8",",X,07,","","","","","69.9",",,X,14,","33.3",",X,26,+","0.0","X","0.0",",X","333.7",",,,X","","","24.72",",X","28.44",",,,X","21.01",",,,X","225",",X","17.4",",X"
"JAW00043320","1952-08","35.31667","139.65","8.2","OPPAMA, JA","611.2","X","290.1",",X","10",",X","6",",X","0",",X","","","","","0",",X","0",",X","0",",X","31",",X","16",",X","7","","19520812","+,,X","","","","","2","","19520831",",,X","19520820",",,X","21.1",",X,12,+","","","","","24.1",",,X,31,","36.1",",X,20,","0.0","X","0.0",",X","82.5",",,,X","","","27.69",",X","31.96",",,,X","23.42",",,,X","203",",X","14.3",",X"
"JAW00043320","1952-09","35.31667","139.65","8.2","OPPAMA, JA","766.5","X","155.3",",X","14",",X","8",",X","1",",X","","","","","0",",X","0",",X","0",",X","29",",X","2",",X","11","","19520930","+,,X","","","","","1","","19520901",",,X","19520913","+,,X","15.6",",X,30,+","","","","","73.9",",,X,01,","32.8",",X,13,+","0.0","X","0.0",",X","143.2",",,,X","","","23.51",",X","26.82",",,,X","20.20",",,,X","203",",X","17.9",",X"
"JAW00043320","1952-10","35.31667","139.65","8.2","OPPAMA, JA","788.5","X","22.0",",X","12",",X","6",",X","3",",X","0",",X","0",",X","0",",X","0",",X","0",",X","17",",X","0",",X","3","","19521027",",,X","19521031","+,,X","19521031","+,,X","","","19521028",",,X","19521009",",,X","8.9",",X,27,","0",",,X,31,+","0",",,X,31,+","48.5",",,X,28,","27.2",",X,09,","45.2","X","45.2",",X","159.2",",,,X","0",",,,X","17.58",",X","20.93",",,,X","14.24",",,,X","158",",X","18.8",",X"
"JAW00043320","1952-11","35.31667","139.65","8.2","OPPAMA, JA","788.5","X","0.0",",X","12",",X","9",",X","1",",X","0",",X","0",",X","0",",X","0",",X","0",",X","3",",X","0",",X","6","","19521127",",,X","19521130","+,,X","19521130","+,,X","","","19521105",",,X","19521112",",,X","4.4",",X,27,","0",",,X,30,+","0",",,X,30,+","72.1",",,X,05,","22.8",",X,12,","215.8","X","170.6",",X","139.7",",,,X","0",",,,X","12.65",",X","16.27",",,,X","9.02",",,,X","180","1,X","15.2","1,X"
"JAW00043320","1952-12","35.31667","139.65","8.2","OPPAMA, JA","788.5","X","0.0",",X","2","1,X","2","1,X","0","1,X","","","","","0",",X","10",",X","0",",X","0",",X","0",",X","11","","19521227","+,,X","","","","","","","19521216",",1,X","19521202",",,X","-1.1",",X,27,+","","","","","10.2","1,,X,16,","18.9",",X,02,","572.7","X","356.9",",X","18.1","1,,,X","","","6.82",",X","11.62",",,,X","2.03",",,,X","225",",X","17.4",",X"
"JAW00043320","1953-01","35.31667","139.65","8.2","OPPAMA, JA","0.0","X","0.0",",X","6",",X","6",",X","0",",X","","","","","0",",X","17",",X","0",",X","0",",X","0",",X","8","","19530116",",,X","","","","","","","19530106",",,X","19530110",",,X","-3.3",",X,16,","","","","","16.5",",,X,06,","15.0",",X,10,","997.7","X","425.0",",X","55.0",",,,X","","","4.62",",X","9.10",",,,X","0.15",",,,X","180",",X","19.2",",X"
"JAW00043320","1953-02","35.31667","139.65","8.2","OPPAMA, JA","0.0","X","0.0",",X","5",",X","5",",X","0",",X","1",",X","1",",X","0",",X","16",",X","0",",X","0",",X","0",",X","5","","19530201",",,X","19530221",",,X","19530221",",,X","","","19530213",",,X","19530228",",,X","-3.9",",X,01,","102",",,X,21,","91",",,X,21,","14.0",",,X,13,","17.8",",X,28,","1371.0","X","373.3",",X","42.9",",,,X","91",",,,X","5.00",",X","9.47",",,,X","0.53",",,,X","225",",X","18.8",",X"
"JAW00043320","1953-03","35.31667","139.65","8.2","OPPAMA, JA","0.0","X","0.0",",X","11",",X","10",",X","0",",X","","","","","0",",X","1",",X","0",",X","0",",X","0",",X","14","","19530318",",,X","","","","","","","19530316",",,X","19530321",",,X","-0.6",",X,18,","","","","","18.3",",,X,16,","20.6",",X,21,","1631.7","X","260.7",",X","113.3",",,,X","","","9.92",",X","14.33",",,,X","5.52",",,,X","135",",X","26.8",",X"
"JAW00043320","1953-04","35.31667","139.65","8.2","OPPAMA, JA","4.8","X","4.8",",X","11",",X","4",",X","1",",X","","","","","0",",X","0",",X","0",",X","5",",X","0",",X","6","","19530415",",,X","","","","","","","19530411",",,X","19530428",",,X","3.9",",X,15,","","","","","28.7",",,X,11,","25.0",",X,28,","1797.6","X","165.9",",X","80.3",",,,X","","","12.96",",X","17.51",",,,X","8.41",",,,X","135",",X","22.4",",X"
"JAW00043320","1953-05","35.31667","139.65","8.2","OPPAMA, JA","28.2","X","23.4",",X","12",",X","5",",X","1",",X","","","","","0",",X","0",",X","0",",X","22",",X","0",",X","10","","19530503",",,X","","","","","","","19530507",",,X","19530530",",,X","4.4",",X,03,","","","","","27.9",",,X,07,","28.3",",X,30,","1832.5","X","34.9",",X","101.5",",,,X","","","17.96",",X","22.08",",,,X","13.84",",,,X","135","1,X","17.4","1,X"
"JAW00043320","1953-06","35.31667","139.65","8.2","OPPAMA, JA","108.2","X","80.0",",X","19",",X","11",",X","3",",X","","","","","0",",X","0",",X","0",",X","25",",X","0",",X","14","","19530623","+,,X","","","","","","","19530624",",,X","19530616",",,X","14.4",",X,23,+","","","","","161.0",",,X,24,","30.0",",X,16,","1836.4","X","3.9",",X","291.4",",,,X","","","20.87",",X","24.38",",,,X","17.36",",,,X","135","1,X","20.6","1,X"
"JAW00043320","1953-07","35.31667","139.65","8.2","OPPAMA, JA","313.8","X","205.6",",X","10",",X","5",",X","2",",X","0",",X","0",",X","0",",X","0",",X","0",",X","31",",X","5",",X","16","","19530715",",,X","19530731","+,,X","19530731","+,,X","","","19530719",",,X","19530730","+,,X","17.2",",X,15,","0",",,X,31,+","0",",,X,31,+","64.0",",,X,19,","34.4",",X,30,+","0.0","X","0.0",",X","134.0",",,,X","0",",,,X","24.96",",X","28.43",",,,X","21.50",",,,X","180",",X","18.3",",X"
"JAW00043320","1953-08","35.31667","139.65","8.2","OPPAMA, JA","532.0","X","218.2",",X","17","1,X","9","1,X","1","1,X","0",",X","0",",X","0",",X","0",",X","0",",X","28",",X","7",",X","12","","19530828",",,X","19530831","+,,X","19530831","+,,X","4","","19530827",",1,X","19530818",",,X","17.2",",X,28,","0",",,X,31,+","0",",,X,31,+","26.2","1,,X,27,","34.4",",X,18,","0.0","X","0.0",",X","121.2","1,,,X","0",",,,X","25.37",",X","28.29",",,,X","22.45",",,,X","225","1,X","15.2","1,X"
"JAW00043320","1953-09","35.31667","139.65","8.2","OPPAMA, JA","661.7","X","129.7",",X","16",",X","12",",X","3",",X","0",",X","0",",X","0",",X","0",",X","0",",X","29",",X","0",",X","14","","19530922",",,X","19530930","+,,X","19530930","+,,X","3","","19530924",",,X","19530926",",,X","15.6",",X,22,","0",",,X,30,+","0",",,X,30,+","65.3",",,X,24,","30.6",",X,26,","0.3","X","0.3",",X","281.4",",,,X","0",",,,X","22.65",",X","25.87",",,,X","19.43",",,,X","225",",X","29.1",",X"
"JAW00043320","1953-10","35.31667","139.65","8.2","OPPAMA, JA","668.6","X","6.9",",X","12",",X","9",",X","2",",X","","","","","0",",X","0",",X","0",",X","14",",X","0",",X","15","","19531017",",,X","","","","","","","19531002",",,X","19531011",",,X","11.7",",X,17,","","","","","46.7",",,X,02,","24.4",",X,11,","36.0","X","35.7",",X","147.3",",,,X","","","17.40",",X","20.59",",,,X","14.22",",,,X","45",",X","12.5",",X"
"JAW00043320","1953-11","35.31667","139.65","8.2","OPPAMA, JA","670.0","X","1.4",",X","11",",X","2",",X","0",",X","0","1,X","0","1,X","0",",X","0",",X","0",",X","3",",X","0",",X","9","","19531130","+,,X","19531130","+,1,X","19531130","+,1,X","","","19531116",",,X","19531105",",,X","1.7",",X,30,+","0","1,,X,30,+","0","1,,X,30,+","9.9",",,X,16,","24.4",",X,05,","239.0","X","203.0",",X","26.3",",,,X","0","1,,,X","11.61",",X","15.82",",,,X","7.40",",,,X","270","1,X","20.1","1,X"
"JAW00043320","1953-12","35.31667","139.65","8.2","OPPAMA, JA","670.0","X","0.0",",X","10",",X","5",",X","0",",X","0",",X","0",",X","0",",X","1",",X","0",",X","0",",X","0",",X","16","","19531231",",,X","19531231","+,,X","19531231","+,,X","","","19531210",",,X","19531203",",,X","0.0",",X,31,","0",",,X,31,+","0",",,X,31,+","16.3",",,X,10,","20.6",",X,03,","533.3","X","294.3",",X","48.1",",,,X","0",",,,X","8.84",",X","12.87",",,,X","4.81",",,,X","360",",X","17.4",",X"
"JAW00043320","1954-01","35.31667","139.65","8.2","OPPAMA, JA","0.0","X","0.0",",X","14",",X","9",",X","0",",X","4",",X","2",",X","0",",X","9",",X","0",",X","0",",X","0",",X","16","","19540130",",,X","19540124",",,X","19540124",",,X","2","","19540103",",,X","19540110",",,X","-4.4",",X,30,","102",",,X,24,","196",",,X,24,","24.1",",,X,03,","17.8",",X,10,","922.3","X","389.0",",X","109.9",",,,X","285",",,,X","5.79",",X","9.41",",,,X","2.16",",,,X","360",",X","16.1",",X"
"JAW00043320","1954-02","35.31667","139.65","8.2","OPPAMA, JA","0.0","X","0.0",",X","6",",X","6",",X","0",",X","0",",X","0",",X","0",",X","10",",X","0",",X","2",",X","0",",X","10","","19540203","+,,X","19540228","+,,X","19540222","+,,X","","","19540214",",,X","19540228",",,X","-2.8",",X,03,+","0",",,X,28,+","0",",T,X,22,+","23.6",",,X,14,","22.2",",X,28,","1248.6","X","326.3",",X","59.2",",,,X","0",",T,,X","6.68",",X","11.33",",,,X","2.03",",,,X","225",",X","17.4",",X"
"JAW00043320","1954-03","35.31667","139.65","8.2","OPPAMA, JA","1.1","X","1.1",",X","11",",X","7",",X","2",",X","1",",X","1",",X","0",",X","0",",X","0",",X","2",",X","0",",X","11","","19540307","+,,X","19540304",",,X","19540304",",,X","","","19540311",",,X","19540328",",,X","0.6",",X,07,+","25",",,X,04,","25",",,X,04,","37.6",",,X,11,","21.7",",X,28,","1541.5","X","292.9",",X","125.9",",,,X","58",",,,X","8.92",",X","13.05",",,,X","4.79",",,,X","225",",X","18.8",",X"
"JAW00043320","1954-04","35.31667","139.65","8.2","OPPAMA, JA","4.4","X","3.3",",X","13",",X","8",",X","3",",X","0",",X","0",",X","0",",X","0",",X","0",",X","12",",X","0",",X","8","","19540428",",,X","19540430","+,,X","19540430","+,,X","","","19540418",",,X","19540419",",,X","5.6",",X,28,","0",",,X,30,+","0",",,X,30,+","62.0",",,X,18,","24.4",",X,19,","1636.5","X","95.0",",X","190.9",",,,X","0",",,,X","15.28",",X","19.22",",,,X","11.33",",,,X","225","2,X","24.1","2,X"
"JAW00043320","1954-05","35.31667","139.65","8.2","OPPAMA, JA","19.1","X","14.7","2,X","13",",X","11",",X","3",",X","0",",X","0",",X","0","1,X","0","1,X","0","1,X","18","1,X","0","1,X","21","","19540505",",1,X","19540531","+,,X","19540531","+,,X","","","19540503",",,X","19540502",",1,X","9.4","1,X,05,","0",",,X,31,+","0",",,X,31,+","65.8",",,X,03,","25.6","1,X,02,","1673.1","X","36.6","1,X","243.8",",,,X","0",",,,X","17.52","2,X","21.25","1,,,X","13.79","1,,,X","225",",X","25.5",",X"
"JAW00043320","1954-06","35.31667","139.65","8.2","OPPAMA, JA","49.4","X","30.3",",X","19",",X","14",",X","6",",X","0",",X","0",",X","0",",X","0",",X","0",",X","16",",X","0",",X","19","","19540611",",,X","19540630","+,,X","19540630","+,,X","","","19540623",",,X","19540605",",,X","11.7",",X,11,","0",",,X,30,+","0",",,X,30,+","100.6",",,X,23,","26.7",",X,05,","1696.0","X","22.9",",X","401.1",",,,X","0",",,,X","18.58",",X","21.48",",,,X","15.68",",,,X","225","2,X","17.4","2,X"
"JAW00043320","1954-07","35.31667","139.65","8.2","OPPAMA, JA","182.2","X","132.8",",X","14",",X","8",",X","0",",X","0","1,X","0","1,X","0",",X","0",",X","0",",X","27",",X","0",",X","15","","19540715","+,,X","19540731","+,1,X","19540731","+,1,X","","","19540705",",,X","19540727",",,X","16.7",",X,15,+","0","1,,X,31,+","0","1,,X,31,+","20.3",",,X,05,","30.0",",X,27,","0.3","X","0.3",",X","92.3",",,,X","0","1,,,X","22.61",",X","25.33",",,,X","19.89",",,,X","225",",X","17.0",",X"
"JAW00043320","1954-08","35.31667","139.65","8.2","OPPAMA, JA","460.8","X","278.6",",X","11",",X","8",",X","1",",X","0",",X","0",",X","0",",X","0",",X","0",",X","31",",X","10",",X","9","","19540831",",,X","19540831","+,,X","19540831","+,,X","2","","19540831",",,X","19540823","+,,X","20.0",",X,31,","0",",,X,31,+","0",",,X,31,+","63.8",",,X,31,","33.3",",X,23,+","0.3","X","0.0",",X","111.8",",,,X","0",",,,X","27.32",",X","30.70",",,,X","23.94",",,,X","180",",X","19.2",",X"
"JAW00043320","1954-09","35.31667","139.65","8.2","OPPAMA, JA","654.4","X","193.6",",X","17",",X","13",",X","3",",X","0",",X","0",",X","0",",X","0",",X","0",",X","29",",X","0",",X","16","","19540930","+,,X","19540930","+,,X","19540930","+,,X","2","","19540917",",,X","19540910",",,X","17.2",",X,30,+","0",",,X,30,+","0",",,X,30,+","67.8",",,X,17,","31.7",",X,10,","0.3","X","0.0",",X","257.1",",,,X","0",",,,X","24.79",",X","27.82",",,,X","21.76",",,,X","225",",X","24.6",",X"
"JAW00043320","1954-10","35.31667","139.65","8.2","OPPAMA, JA","660.8","X","6.4",",X","16",",X","11",",X","0",",X","0",",X","0",",X","0",",X","0",",X","0",",X","8",",X","0",",X","19","","19541031",",,X","19541031","+,,X","19541031","+,,X","","","19541008",",,X","19541004",",,X","8.3",",X,31,","0",",,X,31,+","0",",,X,31,+","23.9",",,X,08,","25.0",",X,04,","73.1","X","72.8",",X","124.9",",,,X","0",",,,X","16.19",",X","19.22",",,,X","13.16",",,,X","360",",X","15.6",",X"
"JAW00043320","1954-11","35.31667","139.65","8.2","OPPAMA, JA","660.8","X","0.0",",X","8",",X","6",",X","3",",X","0",",X","0",",X","0",",X","0",",X","0",",X","1",",X","0",",X","18","","19541117","+,,X","19541130","+,,X","19541130","+,,X","","","19541128",",,X","19541110",",,X","6.7",",X,17,+","0",",,X,30,+","0",",,X,30,+","67.8",",,X,28,","21.7",",X,10,","249.2","X","176.1",",X","146.6",",,,X","0",",,,X","12.46",",X","15.83",",,,X","9.09",",,,X","360",",X","29.5",",X"
"JAW00043320","1954-12","35.31667","139.65","8.2","OPPAMA, JA","660.8","X","0.0",",X","9",",X","8",",X","2",",X","0",",X","0",",X","0",",X","0",",X","0",",X","1",",X","0",",X","9","","19541228","+,,X","19541231","+,,X","19541231","+,,X","","","19541205",",,X","19541209",",,X","1.7",",X,28,+","0",",,X,31,+","0",",,X,31,+","40.9",",,X,05,","22.8",",X,09,","545.9","X","296.7",",X","99.3",",,,X","0",",,,X","8.76",",X","12.20",",,,X","5.32",",,,X","225",",X","19.2",",X"
"JAW00043320","1955-01","35.31667","139.65","8.2","OPPAMA, JA","0.0","X","0.0",",X","5",",X","4",",X","0",",X","0",",X","0",",X","0",",X","13",",X","0",",X","0",",X","0",",X","3","","19550117",",,X","19550131","+,,X","19550127","+,,X","","","19550126",",,X","19550130","+,,X","-1.7",",X,17,","0",",,X,31,+","0",",T,X,27,+","20.6",",,X,26,","14.4",",X,30,+","950.1","X","404.2",",X","52.6",",,,X","0",",T,,X","5.30",",X","9.76",",,,X","0.83",",,,X","225",",X","23.6",",X"
"JAW00043320","1955-02","35.31667","139.65","8.2","OPPAMA, JA","0.0","X","0.0",",X","6",",X","4",",X","2",",X","0",",X","0",",X","0",",X","6",",X","0",",X","0",",X","0",",X","8","","19550212",",,X","19550228","+,,X","19550221",",,X","","","19550228",",,X","19550228",",,X","-2.2",",X,12,","0",",,X,28,+","0",",T,X,21,","41.9",",,X,28,","20.6",",X,28,","1260.0","X","309.9",",X","84.3",",,,X","0",",T,,X","7.26",",X","11.71",",,,X","2.82",",,,X","225",",X","25.2",",X"
"JAW00043320","1955-03","35.31667","139.65","8.2","OPPAMA, JA","0.0","X","0.0",",X","14",",X","12",",X","2",",X","0",",X","0",",X","0",",X","1",",X","0",",X","1",",X","0",",X","14","","19550306",",,X","19550331","+,,X","19550308","+,,X","","","19550320",",,X","19550313",",,X","-0.6",",X,06,","0",",,X,31,+","0",",T,X,08,+","48.8",",,X,20,","21.1",",X,13,","1545.7","X","285.7",",X","225.0",",,,X","0",",T,,X","9.12",",X","12.28",",,,X","5.95",",,,X","225",",X","27.2",",X"
"JAW00043320","1955-04","35.31667","139.65","8.2","OPPAMA, JA","4.2","X","4.2",",X","18",",X","12",",X","0",",X","0",",X","0",",X","0",",X","0",",X","0",",X","6",",X","0",",X","14","","19550405",",,X","19550430","+,,X","19550430","+,,X","","","19550403",",,X","19550413","+,,X","1.1",",X,05,","0",",,X,30,+","0",",,X,30,+","22.6",",,X,03,","24.4",",X,13,+","1677.6","X","131.9",",X","119.5",",,,X","0",",,,X","14.07",",X","17.46",",,,X","10.69",",,,X","225","2,X","23.6","2,X"
"JAW00043320","1955-05","35.31667","139.65","8.2","OPPAMA, JA","27.4","X","23.2",",X","11",",X","9",",X","3",",X","0",",X","0",",X","0",",X","0",",X","0",",X","18",",X","0",",X","15","","19550502",",,X","19550531","+,,X","19550531","+,,X","2","","19550529",",,X","19550511","+,,X","7.2",",X,02,","0",",,X,31,+","0",",,X,31,+","48.3",",,X,29,","25.6",",X,11,+","1702.9","X","25.3",",X","173.7",",,,X","0",",,,X","18.27",",X","21.81",",,,X","14.72",",,,X","225","1,X","22.1","1,X"
"JAW00043320","1955-06","35.31667","139.65","8.2","OPPAMA, JA","155.6","X","128.2",",X","12",",X","10",",X","1",",X","0",",X","0",",X","0",",X","0",",X","0",",X","29",",X","1",",X","16","","19550601",",,X","19550630","+,,X","19550630","+,,X","1","","19550615",",,X","19550629",",,X","14.4",",X,01,","0",",,X,30,+","0",",,X,30,+","66.8",",,X,15,","32.8",",X,29,","1703.2","X","0.3",",X","152.6",",,,X","0",",,,X","22.60",",X","25.68",",,,X","19.51",",,,X","225",",X","24.7",",X"
"JAW00043320","1955-07","35.31667","139.65","8.2","OPPAMA, JA","439.4","X","283.8",",X","9",",X","3",",X","1",",X","0",",X","0",",X","0",",X","0",",X","0",",X","31",",X","8",",X","7","","19550702",",,X","19550731","+,,X","19550731","+,,X","","","19550719",",,X","19550730","+,,X","21.7",",X,02,","0",",,X,31,+","0",",,X,31,+","50.0",",,X,19,","33.3",",X,30,+","0.0","X","0.0",",X","68.7",",,,X","0",",,,X","27.49",",X","30.75",",,,X","24.22",",,,X","225","1,X","23.1","1,X"
"JAW00043320","1955-08","35.31667","139.65","8.2","OPPAMA, JA","690.0","X","250.6",",X","14",",X","11",",X","3",",X","0",",X","0",",X","0",",X","0",",X","0",",X","31",",X","5",",X","14","","19550816",",,X","19550831","+,,X","19550831","+,,X","4","","19550826",",,X","19550803",",,X","20.6",",X,16,","0",",,X,31,+","0",",,X,31,+","106.7",",,X,26,","33.3",",X,03,","0.0","X","0.0",",X","302.1",",,,X","0",",,,X","26.42",",X","29.32",",,,X","23.51",",,,X","45",",X","21.6",",X"
"JAW00043320","1955-09","35.31667","139.65","8.2","OPPAMA, JA","826.0","X","136.0",",X","17",",X","9",",X","4",",X","0",",X","0",",X","0",",X","0",",X","0",",X","28",",X","0",",X","17","","19550927",",,X","19550930","+,,X","19550930","+,,X","","","19550901",",,X","19550907",",,X","13.3",",X,27,","0",",,X,30,+","0",",,X,30,+","125.7",",,X,01,","31.1",",X,07,","4.2","X","4.2",",X","361.7",",,,X","0",",,,X","22.73",",X","25.79",",,,X","19.67",",,,X","203",",X","20.6",",X"
"JAW00043320","1955-10","35.31667","139.65","8.2","OPPAMA, JA","856.0","X","30.0",",X","18",",X","14",",X","3",",X","0",",X","0",",X","0",",X","0",",X","0",",X","17",",X","0",",X","21","","19551031",",,X","19551031","+,,X","19551031","+,,X","","","19551011",",,X","19551029",",,X","10.6",",X,31,","0",",,X,31,+","0",",,X,31,+","91.2",",,X,11,","28.3",",X,29,","35.6","X","31.4",",X","334.3",",,,X","0",",,,X","18.29",",X","21.46",",,,X","15.12",",,,X","315","1,X","28.8","1,X"
"JAW00043320","1955-11","35.31667","139.65","8.2","OPPAMA, JA","856.0","X","0.0",",X","5",",X","4",",X","1",",X","0",",X","0",",X","0",",X","0",",X","0",",X","2",",X","0",",X","12","","19551112",",,X","19551130","+,,X","19551130","+,,X","","","19551121",",,X","19551116","+,,X","5.0",",X,12,","0",",,X,30,+","0",",,X,30,+","43.9",",,X,21,","21.7",",X,16,+","223.2","X","187.6",",X","78.4",",,,X","0",",,,X","12.08",",X","16.12",",,,X","8.04",",,,X","203",",X","21.1",",X"
"JAW00043320","1955-12","35.31667","139.65","8.2","OPPAMA, JA","856.0","X","0.0",",X","3",",X","2",",X","1",",X","0",",X","0",",X","0",",X","1",",X","0",",X","0",",X","0",",X","10","","19551218",",,X","19551231","+,,X","19551231","+,,X","","","19551221",",,X","19551215",",,X","-1.7",",X,18,","0",",,X,31,+","0",",,X,31,+","54.4",",,X,21,","18.9",",X,15,","509.3","X","286.1",",X","58.3",",,,X","0",",,,X","9.10",",X","13.56",",,,X","4.64",",,,X","225",",X","26.2",",X"
"JAW00043320","1956-01","35.31667","139.65","8.2","OPPAMA, JA","0.0","","0.0",",X","10",",X","8",",X","2",",X","0","2,X","0","1,X","0",",X","10",",X","0",",X","0",",X","0",",X","10","","19560117",",,X","19560131","+,2,X","19560129","+,1,X","","","19560122",",,X","19560105",",,X","-2.2",",X,17,","0","2,,X,31,+","0","1,T,X,29,+","29.5",",,X,22,","15.6",",X,05,","900.7","","391.4",",X","108.5",",,,X","0","1,T,,X","5.71",",X","9.64",",,,X","1.78",",,,X","270",",X","23.6",",X"
"JAW00043320","1956-02","35.31667","139.65","8.2","OPPAMA, JA","0.0","","0.0",",X","9",",X","4",",X","0",",X","0",",X","1",",X","0",",X","9",",X","0",",X","0",",X","0",",X","7","","19560221",",,X","19560227",",,X","19560228",",,X","","","19560228",",,X","19560216",",,X","-1.7",",X,21,","0",",T,X,27,","28",",,X,28,","17.0",",,X,28,","17.2",",X,16,","1280.8","","380.1",",X","44.3",",,,X","43",",,,X","5.23",",X","9.07",",,,X","1.38",",,,X","225",",X","20.6",",X"
"JAW00043320","1956-03","35.31667","139.65","8.2","OPPAMA, JA","0.0","","0.0",",X","13",",X","10",",X","2",",X","0",",X","0",",X","0",",X","1",",X","0",",X","0",",X","0",",X","16","","19560313",",,X","19560331","+,,X","19560331","+,,X","","","19560319",",,X","19560319","+,,X","0.0",",X,13,","0",",,X,31,+","0",",,X,31,+","94.0",",,X,19,","20.6",",X,19,+","1559.4","","278.6",",X","219.1",",,,X","0",",,,X","9.35",",X","12.81",",,,X","5.88",",,,X","203","2,X","24.7","2,X"
"JAW00043320","1956-04","35.31667","139.65","8.2","OPPAMA, JA","5.1","","5.1",",X","13",",X","8",",X","3",",X","0",",X","1",",X","0",",X","0",",X","0",",X","7",",X","0",",X","16","","19560401",",,X","19560430","+,,X","19560401",",,X","","","19560408",",,X","19560417",",,X","1.7",",X,01,","0",",,X,30,+","30",",,X,01,","43.7",",,X,08,","25.6",",X,17,","1711.9","","152.5",",X","186.9",",,,X","30",",,,X","13.42",",X","17.04",",,,X","9.80",",,,X","225","1,X","27.2","1,X"
"JAW00043320","1956-05","35.31667","139.65","8.2","OPPAMA, JA","30.0","","24.9",",X","20",",X","13",",X","5",",X","0",",X","0",",X","0",",X","0",",X","0",",X","18",",X","0",",X","20","","19560516",",,X","19560531","+,,X","19560531","+,,X","","","19560502",",,X","19560511",",,X","8.9",",X,16,","0",",,X,31,+","0",",,X,31,+","65.5",",,X,02,","26.7",",X,11,","1757.2","","45.3",",X","314.7",",,,X","0",",,,X","17.68",",X","21.14",",,,X","14.22",",,,X","225",",X","30.3",",X"
"JAW00043320","1956-06","35.31667","139.65","8.2","OPPAMA, JA","146.2","","116.2","2,X","10","5,X","9","5,X","2","5,X","0","5,X","0","5,X","0","1,X","0","1,X","0","1,X","27","1,X","0","1,X","10","","19560625","+,1,X","19560630","+,5,X","19560630","+,5,X","","","19560612",",5,X","19560618",",1,X","15.6","1,X,25,+","0","5,,X,30,+","0","5,,X,30,+","27.9","5,,X,12,","31.1","1,X,18,","1757.4","","0.2","1,X","139.9","5,,,X","0","5,,,X","22.49","2,X","25.67","1,,,X","19.32","1,,,X","","","",""
"JAW00043320","1957-10","35.31667","139.65","8.2","OPPAMA, JA","","","19.0",",X","8",",X","5",",X","1",",X","0",",X","0",",X","0",",X","0",",X","0",",X","17",",X","0",",X","27","","19571019",",,X","19571031","+,,X","19571031","+,,X","","","19571006",",,X","19571014",",,X","7.2",",X,19,","0",",,X,31,+","0",",,X,31,+","149.6",",,X,06,","26.1",",X,14,","","","47.8",",X","188.7",",,,X","0",",,,X","17.40",",X","20.88",",,,X","13.93",",,,X","360",",X","19.5",",X"
"JAW00043320","1957-11","35.31667","139.65","8.2","OPPAMA, JA","","","1.7",",X","8",",X","5",",X","1",",X","0",",X","0",",X","0",",X","0",",X","0",",X","2",",X","0",",X","18","","19571125","+,,X","19571130","+,,X","19571130","+,,X","","","19571111",",,X","19571128","+,,X","5.6",",X,25,+","0",",,X,30,+","0",",,X,30,+","28.7",",,X,11,","22.2",",X,28,+","","","146.5",",X","76.7",",,,X","0",",,,X","13.51",",X","16.81",",,,X","10.20",",,,X","203",",X","21.6",",X"
"JAW00043320","1957-12","35.31667","139.65","8.2","OPPAMA, JA","","","0.0",",X","8",",X","8",",X","0",",X","0",",X","0",",X","0",",X","0",",X","0",",X","1",",X","0",",X","13","","19571231","+,,X","19571231","+,,X","19571231","+,,X","1","","19571205",",,X","19571213",",,X","1.7",",X,31,+","0",",,X,31,+","0",",,X,31,+","22.6",",,X,05,","22.2",",X,13,","","","289.1",",X","69.6",",,,X","0",",,,X","9.01",",X","12.42",",,,X","5.59",",,,X","203",",X","24.2",",X"
"JAW00043320","1958-01","35.31667","139.65","8.2","OPPAMA, JA","0.0","","0.0",",X","8",",X","7",",X","0",",X","0",",X","0",",X","0",",X","10",",X","0",",X","0",",X","0",",X","12","","19580125","+,,X","19580131","+,,X","19580128","+,,X","","","19580127",",,X","19580109",",,X","-1.7",",X,25,+","0",",,X,31,+","0",",T,X,28,+","24.1",",,X,27,","16.7",",X,09,","","","386.8",",X","86.1",",,,X","0",",T,,X","5.86",",X","9.86",",,,X","1.85",",,,X","225",",X","23.6",",X"
"JAW00043320","1958-04","35.31667","139.65","8.2","OPPAMA, JA","","","6.1","4,X","","","","","","","","","","","0","4,X","0","4,X","0","4,X","5","4,X","0","4,X","","","19580415",",4,X","","","","","","","","","19580422",",4,X","2.8","4,X,15,","","","","","","","26.7","4,X,22,","","","115.2","4,X","","","","","14.14","4,X","18.12","4,,,X","10.16","4,,,X","225","4,X","22.6","4,X"
"JAW00043320","1959-05","35.31667","139.65","8.2","OPPAMA, JA","","","17.3","2,X","14",",X","11",",X","4",",X","0",",X","0",",X","0","1,X","0","1,X","0","1,X","19","1,X","0","1,X","12","","19590507",",1,X","19590531","+,,X","19590531","+,,X","","","19590523",",,X","19590505",",1,X","9.4","1,X,07,","0",",,X,31,+","0",",,X,31,+","49.0",",,X,23,","27.2","1,X,05,","","","29.9","1,X","246.9",",,,X","0",",,,X","17.96","2,X","21.93","1,,,X","13.99","1,,,X","248","1,X","20.6","1,X"
"JAW00043320","1959-06","35.31667","139.65","8.2","OPPAMA, JA","","","61.4",",X","14",",X","11",",X","1",",X","0",",X","0",",X","0",",X","0",",X","0",",X","25",",X","0",",X","22","","19590605",",,X","19590630","+,,X","19590630","+,,X","1","","19590610",",,X","19590616",",,X","13.9",",X,05,","0",",,X,30,+","0",",,X,30,+","29.0",",,X,10,","27.8",",X,16,","","","5.6",",X","95.0",",,,X","0",",,,X","20.19",",X","22.94",",,,X","17.44",",,,X","68",",X","18.0",",X"
"JAW00043320","1959-07","35.31667","139.65","8.2","OPPAMA, JA","","","222.9",",X","17",",X","9",",X","0",",X","0",",X","0",",X","0",",X","0",",X","0",",X","31",",X","2",",X","25","","19590704",",,X","19590731","+,,X","19590731","+,,X","1","","19590718",",,X","19590725",",,X","20.0",",X,04,","0",",,X,31,+","0",",,X,31,+","21.3",",,X,18,","32.8",",X,25,","0.0","X","0.0",",X","92.7",",,,X","0",",,,X","25.52",",X","28.35",",,,X","22.69",",,,X","203",",X","17.5",",X"
"JAW00043320","1959-08","35.31667","139.65","8.2","OPPAMA, JA","","","245.9","2,X","11",",X","10",",X","3",",X","0",",X","0",",X","0","1,X","0","1,X","0","1,X","30","1,X","4","1,X","","","19590812",",1,X","19590831","+,,X","19590831","+,,X","","","19590809",",,X","19590821","+,1,X","19.4","1,X,12,","0",",,X,31,+","0",",,X,31,+","34.5",",,X,09,","32.8","1,X,21,+","0.0","X","0.0","1,X","176.2",",,,X","0",",,,X","26.82","2,X","29.54","1,,,X","24.09","1,,,X","158",",X","27.2",",X"
"JAW00043320","1959-09","35.31667","139.65","8.2","OPPAMA, JA","","","161.1","2,X","13","1,X","10","1,X","2","1,X","0",",X","0",",X","0","1,X","0","1,X","0","1,X","29","1,X","1","1,X","","","19590921",",1,X","19590930","+,,X","19590930","+,,X","","","19590925",",1,X","19590902",",1,X","17.8","1,X,21,","0",",,X,30,+","0",",,X,30,+","44.5","1,,X,25,","32.2","1,X,02,","0.0","X","0.0","1,X","162.9","1,,,X","0",",,,X","24.01","2,X","26.67","1,,,X","21.36","1,,,X","180",",X","28.8",",X"
"JAW00043320","1959-10","35.31667","139.65","8.2","OPPAMA, JA","","","24.1","2,X","14",",X","9",",X","2",",X","0",",X","0",",X","0","1,X","0","1,X","0","1,X","16","1,X","0","1,X","4","","19591015",",1,X","19591031","+,,X","19591031","+,,X","","","19591007",",,X","19591008",",1,X","10.0","1,X,15,","0",",,X,31,+","0",",,X,31,+","89.2",",,X,07,","25.6","1,X,08,","35.5","X","35.5","1,X","232.0",",,,X","0",",,,X","17.94","2,X","20.65","1,,,X","15.24","1,,,X","360",",X","18.0",",X"
"JAW00043320","1959-11","35.31667","139.65","8.2","OPPAMA, JA","","","0.9",",X","14",",X","8",",X","2",",X","0",",X","0",",X","0",",X","0",",X","0",",X","3",",X","0",",X","17","","19591128",",,X","19591130","+,,X","19591130","+,,X","","","19591104",",,X","19591108",",,X","4.4",",X,28,","0",",,X,30,+","0",",,X,30,+","47.5",",,X,04,","22.8",",X,08,","199.6","X","164.1",",X","170.6",",,,X","0",",,,X","12.89",",X","16.10",",,,X","9.69",",,,X","225",",X","15.4",",X"
"JAW00043320","1959-12","35.31667","139.65","8.2","OPPAMA, JA","","","0.0",",X","8",",X","3",",X","1",",X","0",",X","0",",X","0",",X","4",",X","0",",X","1",",X","0",",X","8","","19591222","+,,X","19591231","+,,X","19591231","+,,X","1","","19591215",",,X","19591203",",,X","-2.2",",X,22,+","0",",,X,31,+","0",",,X,31,+","28.4",",,X,15,","21.7",",X,03,","526.8","X","327.2",",X","55.6",",,,X","0",",,,X","7.78",",X","11.92",",,,X","3.63",",,,X","225",",X","18.0",",X"
"JAW00043320","1960-01","35.31667","139.65","8.2","OPPAMA, JA","0.0","","0.0","2,X","4",",X","3",",X","1",",X","0",",X","0",",X","0","1,X","10","1,X","0","1,X","0","1,X","0","1,X","","","19600125",",1,X","19600131","+,,X","19600131","+,,X","","","19600116",",,X","19600105",",1,X","-5.0","1,X,25,","0",",,X,31,+","0",",,X,31,+","29.0",",,X,16,","19.4","1,X,05,","907.7","","380.9","1,X","48.9",",,,X","0",",,,X","5.45","2,X","9.48","1,,,X","1.42","1,,,X","248",",X","19.5",",X"
"JAW00043320","1960-02","35.31667","139.65","8.2","OPPAMA, JA","0.0","","0.0","2,X","3",",X","1",",X","0",",X","0",",X","0",",X","0","1,X","5","1,X","0","1,X","0","1,X","0","1,X","","","19600213",",1,X","19600229","+,,X","19600229","+,,X","","","19600217",",,X","19600226",",1,X","-1.1","1,X,13,","0",",,X,29,+","0",",,X,29,+","4.3",",,X,17,","17.8","1,X,26,","1210.9","","303.2","1,X","7.1",",,,X","0",",,,X","7.09","2,X","11.51","1,,,X","2.66","1,,,X","248",",X","19.5",",X"
"JAW00043320","1960-03","35.31667","139.65","8.2","OPPAMA, JA","0.0","","0.0",",X","6",",X","4",",X","2",",X","0",",X","0",",X","0",",X","3",",X","0",",X","2",",X","0",",X","","","19600318","+,,X","19600331","+,,X","19600331","+,,X","","","19600326",",,X","19600330",",,X","-1.1",",X,18,+","0",",,X,31,+","0",",,X,31,+","34.8",",,X,26,","21.7",",X,30,","1495.1","","284.2",",X","82.9",",,,X","0",",,,X","9.17",",X","13.54",",,,X","4.79",",,,X","68",",X","21.6",",X"
"JAW00043320","1960-04","35.31667","139.65","8.2","OPPAMA, JA","0.0","","0.0",",X","14",",X","14",",X","1",",X","0",",X","0",",X","0",",X","0",",X","0",",X","3",",X","0",",X","","","19600403","+,,X","19600430","+,,X","19600430","+,,X","","","19600420",",,X","19600414",",,X","4.4",",X,03,+","0",",,X,30,+","0",",,X,30,+","68.8",",,X,20,","23.9",",X,14,","1670.5","","175.4",",X","197.9",",,,X","0",",,,X","12.49",",X","16.14",",,,X","8.83",",,,X","203",",X","22.6",",X"
"JAW00043320","1960-05","35.31667","139.65","8.2","OPPAMA, JA","22.5","","22.5","2,X","21",",X","12",",X","3",",X","0",",X","0",",X","0","1,X","0","1,X","0","1,X","19","1,X","0","1,X","","","19600512",",1,X","19600531","+,,X","19600531","+,,X","","","19600519",",,X","19600530",",1,X","7.2","1,X,12,","0",",,X,31,+","0",",,X,31,+","51.1",",,X,19,","25.6","1,X,30,","1716.1","","45.6","1,X","226.6",",,,X","0",",,,X","17.51","2,X","21.17","1,,,X","13.84","1,,,X","45",",X","21.1",",X"
