"STATION","DATE","LATITUDE","LONGITUDE","ELEVATION","NAME","DP01","DP01_ATTRIBUTES","DP10","DP10_ATTRIBUTES","DP1X","DP1X_ATTRIBUTES","DSND","DSND_ATTRIBUTES","DYSD","DYSD_ATTRIBUTES","DYXP","DYXP_ATTRIBUTES","EMSD","EMSD_ATTRIBUTES","EMXP","EMXP_ATTRIBUTES","PRCP","PRCP_ATTRIBUTES"
"NOE00111291","1957-01","68.6578","18.8192","314.0","INNSET I BARDU, NO","","","","","","","31",",","19570123","+,,E","","","650",",,E,23,+","","","",""
"NOE00111291","1957-02","68.6578","18.8192","314.0","INNSET I BARDU, NO","","","","","","","28",",","19570208","+,,E","","","630",",,E,08,+","","","",""
"NOE00111291","1957-03","68.6578","18.8192","314.0","INNSET I BARDU, NO","","","","","","","31",",","19570317",",,E","","","650",",,E,17,","","","",""
"NOE00111291","1957-04","68.6578","18.8192","314.0","INNSET I BARDU, NO","","","","","","","30",",","19570409","+,,E","","","530",",,E,09,+","","","",""
"NOE00111291","1957-05","68.6578","18.8192","314.0","INNSET I BARDU, NO","","","","","","","16",",","19570503","+,,E","","","260",",,E,03,+","","","",""
"NOE00111291","1957-06","68.6578","18.8192","314.0","INNSET I BARDU, NO","","","","","","","0",",","19570630","+,,E","","","0",",,E,30,+","","","",""
"NOE00111291","1957-07","68.6578","18.8192","314.0","INNSET I BARDU, NO","","","","","","","0",",","19570731","+,,E","","","0",",,E,31,+","","","",""
"NOE00111291","1957-08","68.6578","18.8192","314.0","INNSET I BARDU, NO","","","","","","","0",",","19570831","+,,E","","","0",",,E,31,+","","","",""
"NOE00111291","1957-09","68.6578","18.8192","314.0","INNSET I BARDU, NO","","","","","","","0",",","19570930","+,,E","","","0",",,E,30,+","","","",""
"NOE00111291","1957-10","68.6578","18.8192","314.0","INNSET I BARDU, NO","","","","","","","14",",","19571015",",,E","","","120",",,E,15,","","","",""
"NOE00111291","1957-11","68.6578","18.8192","314.0","INNSET I BARDU, NO","","","","","","","19",",","19571125",",,E","","","180",",,E,25,","","","",""
"NOE00111291","1957-12","68.6578","18.8192","314.0","INNSET I BARDU, NO","","","","","","","31",",","19571223",",,E","","","590",",,E,23,","","","",""
"NOE00111291","1958-01","68.6578","18.8192","314.0","INNSET I BARDU, NO","","","","","","","31",",","19580118",",,E","","","850",",,E,18,","","","",""
"NOE00111291","1958-02","68.6578","18.8192","314.0","INNSET I BARDU, NO","","","","","","","28",",","19580228",",,E","","","900",",,E,28,","","","",""
"NOE00111291","1958-03","68.6578","18.8192","314.0","INNSET I BARDU, NO","","","","","","","31",",","19580328",",,E","","","1000",",,E,28,","","","",""
"NOE00111291","1958-04","68.6578","18.8192","314.0","INNSET I BARDU, NO","","","","","","","30",",","19580402","+,,E","","","950",",,E,02,+","","","",""
"NOE00111291","1958-05","68.6578","18.8192","314.0","INNSET I BARDU, NO","","","","","","","28",",","19580501",",,E","","","700",",,E,01,","","","",""
"NOE00111291","1958-06","68.6578","18.8192","314.0","INNSET I BARDU, NO","","","","","","","0",",","19580630","+,,E","","","0",",,E,30,+","","","",""
"NOE00111291","1958-07","68.6578","18.8192","314.0","INNSET I BARDU, NO","","","","","","","0",",","19580731","+,,E","","","0",",,E,31,+","","","",""
"NOE00111291","1958-08","68.6578","18.8192","314.0","INNSET I BARDU, NO","","","","","","","0",",","19580831","+,,E","","","0",",,E,31,+","","","",""
"NOE00111291","1958-09","68.6578","18.8192","314.0","INNSET I BARDU, NO","","","","","","","0",",","19580930","+,,E","","","0",",,E,30,+","","","",""
"NOE00111291","1958-10","68.6578","18.8192","314.0","INNSET I BARDU, NO","","","","","","","4",",","19581027",",,E","","","120",",,E,27,","","","",""
"NOE00111291","1958-11","68.6578","18.8192","314.0","INNSET I BARDU, NO","","","","","","","10",",","19581117",",,E","","","120",",,E,17,","","","",""
"NOE00111291","1958-12","68.6578","18.8192","314.0","INNSET I BARDU, NO","","","","","","","31",",","19581208",",,E","","","350",",,E,08,","","","",""
"NOE00111291","1959-01","68.6578","18.8192","314.0","INNSET I BARDU, NO","","","","","","","31",",","19590127",",,E","","","590",",,E,27,","","","",""
"NOE00111291","1959-02","68.6578","18.8192","314.0","INNSET I BARDU, NO","","","","","","","28",",","19590228","+,,E","","","680",",,E,28,+","","","",""
"NOE00111291","1959-03","68.6578","18.8192","314.0","INNSET I BARDU, NO","","","","","","","31",",","19590301",",,E","","","600",",,E,01,","","","",""
"NOE00111291","1959-04","68.6578","18.8192","314.0","INNSET I BARDU, NO","","","","","","","30",",","19590420",",,E","","","580",",,E,20,","","","",""
"NOE00111291","1959-05","68.6578","18.8192","314.0","INNSET I BARDU, NO","","","","","","","23",",","19590508",",,E","","","430",",,E,08,","","","",""
"NOE00111291","1959-06","68.6578","18.8192","314.0","INNSET I BARDU, NO","","","","","","","0",",","19590630","+,,E","","","0",",,E,30,+","","","",""
"NOE00111291","1959-07","68.6578","18.8192","314.0","INNSET I BARDU, NO","","","","","","","0",",","19590731","+,,E","","","0",",,E,31,+","","","",""
"NOE00111291","1959-08","68.6578","18.8192","314.0","INNSET I BARDU, NO","","","","","","","0",",","19590831","+,,E","","","0",",,E,31,+","","","",""
"NOE00111291","1959-09","68.6578","18.8192","314.0","INNSET I BARDU, NO","","","","","","","0",",","19590930","+,,E","","","0",",,E,30,+","","","",""
"NOE00111291","1959-10","68.6578","18.8192","314.0","INNSET I BARDU, NO","","","","","","","1",",","19591030",",,E","","","40",",,E,30,","","","",""
"NOE00111291","1959-11","68.6578","18.8192","314.0","INNSET I BARDU, NO","","","","","","","2",",","19591105",",,E","","","40",",,E,05,","","","",""
"NOE00111291","1959-12","68.6578","18.8192","314.0","INNSET I BARDU, NO","","","","","","","18",",","19591229",",,E","","","100",",,E,29,","","","",""
"NOE00111291","1960-01","68.6578","18.8192","314.0","INNSET I BARDU, NO","","","","","","","31",",","19600121",",,E","","","490",",,E,21,","","","",""
"NOE00111291","1960-02","68.6578","18.8192","314.0","INNSET I BARDU, NO","","","","","","","29",",","19600213",",,E","","","520",",,E,13,","","","",""
"NOE00111291","1960-03","68.6578","18.8192","314.0","INNSET I BARDU, NO","","","","","","","31",",","19600318","+,,E","","","450",",,E,18,+","","","",""
"NOE00111291","1960-04","68.6578","18.8192","314.0","INNSET I BARDU, NO","","","","","","","30",",","19600404",",,E","","","360",",,E,04,","","","",""
"NOE00111291","1960-05","68.6578","18.8192","314.0","INNSET I BARDU, NO","","","","","","","4",",","19600522",",,E","","","70",",,E,22,","","","",""
"NOE00111291","1960-06","68.6578","18.8192","314.0","INNSET I BARDU, NO","","","","","","","0",",","19600630","+,,E","","","0",",,E,30,+","","","",""
"NOE00111291","1960-07","68.6578","18.8192","314.0","INNSET I BARDU, NO","","","","","","","0",",","19600731","+,,E","","","0",",,E,31,+","","","",""
"NOE00111291","1960-08","68.6578","18.8192","314.0","INNSET I BARDU, NO","","","","","","","0",",","19600831","+,,E","","","0",",,E,31,+","","","",""
"NOE00111291","1960-09","68.6578","18.8192","314.0","INNSET I BARDU, NO","","","","","","","0",",","19600930","+,,E","","","0",",,E,30,+","","","",""
"NOE00111291","1960-10","68.6578","18.8192","314.0","INNSET I BARDU, NO","","","","","","","15",",","19601030",",,E","","","180",",,E,30,","","","",""
"NOE00111291","1960-11","68.6578","18.8192","314.0","INNSET I BARDU, NO","","","","","","","30",",","19601102","+,,E","","","170",",,E,02,+","","","",""
"NOE00111291","1960-12","68.6578","18.8192","314.0","INNSET I BARDU, NO","","","","","","","31",",","19601228","+,,E","","","470",",,E,28,+","","","",""
"NOE00111291","1961-01","68.6578","18.8192","314.0","INNSET I BARDU, NO","","","","","","","31",",","19610129",",,E","","","640",",,E,29,","","","",""
"NOE00111291","1961-02","68.6578","18.8192","314.0","INNSET I BARDU, NO","","","","","","","28",",","19610222",",,E","","","890",",,E,22,","","","",""
"NOE00111291","1961-03","68.6578","18.8192","314.0","INNSET I BARDU, NO","","","","","","","31",",","19610325",",,E","","","1020",",,E,25,","","","",""
"NOE00111291","1961-04","68.6578","18.8192","314.0","INNSET I BARDU, NO","","","","","","","30",",","19610410",",,E","","","1100",",,E,10,","","","",""
"NOE00111291","1961-05","68.6578","18.8192","314.0","INNSET I BARDU, NO","","","","","","","31",",","19610501",",,E","","","890",",,E,01,","","","",""
"NOE00111291","1961-06","68.6578","18.8192","314.0","INNSET I BARDU, NO","","","","","","","1",",","19610601",",,E","","","160",",,E,01,","","","",""
"NOE00111291","1961-07","68.6578","18.8192","314.0","INNSET I BARDU, NO","","","","","","","0",",","19610731","+,,E","","","0",",,E,31,+","","","",""
"NOE00111291","1961-08","68.6578","18.8192","314.0","INNSET I BARDU, NO","","","","","","","0",",","19610831","+,,E","","","0",",,E,31,+","","","",""
"NOE00111291","1961-09","68.6578","18.8192","314.0","INNSET I BARDU, NO","","","","","","","0",",","19610930","+,,E","","","0",",,E,30,+","","","",""
"NOE00111291","1961-10","68.6578","18.8192","314.0","INNSET I BARDU, NO","","","","","","","0",",","19611031","+,,E","","","0",",,E,31,+","","","",""
"NOE00111291","1961-11","68.6578","18.8192","314.0","INNSET I BARDU, NO","","","","","","","19",",","19611129",",,E","","","240",",,E,29,","","","",""
"NOE00111291","1961-12","68.6578","18.8192","314.0","INNSET I BARDU, NO","","","","","","","31",",","19611229",",,E","","","400",",,E,29,","","","",""
"NOE00111291","1962-01","68.6578","18.8192","314.0","INNSET I BARDU, NO","","","","","","","31",",","19620105",",,E","","","620",",,E,05,","","","",""
"NOE00111291","1962-02","68.6578","18.8192","314.0","INNSET I BARDU, NO","","","","","","","28",",","19620228",",,E","","","680",",,E,28,","","","",""
"NOE00111291","1962-03","68.6578","18.8192","314.0","INNSET I BARDU, NO","","","","","","","31",",","19620327","+,,E","","","890",",,E,27,+","","","",""
"NOE00111291","1962-04","68.6578","18.8192","314.0","INNSET I BARDU, NO","","","","","","","30",",","19620402","+,,E","","","850",",,E,02,+","","","",""
"NOE00111291","1962-05","68.6578","18.8192","314.0","INNSET I BARDU, NO","","","","","","","28",",","19620502",",,E","","","590",",,E,02,","","","",""
"NOE00111291","1962-06","68.6578","18.8192","314.0","INNSET I BARDU, NO","","","","","","","2",",","19620605",",,E","","","130",",,E,05,","","","",""
"NOE00111291","1962-07","68.6578","18.8192","314.0","INNSET I BARDU, NO","","","","","","","0",",","19620731","+,,E","","","0",",,E,31,+","","","",""
"NOE00111291","1962-08","68.6578","18.8192","314.0","INNSET I BARDU, NO","","","","","","","0",",","19620831","+,,E","","","0",",,E,31,+","","","",""
"NOE00111291","1962-09","68.6578","18.8192","314.0","INNSET I BARDU, NO","","","","","","","0",",","19620930","+,,E","","","0",",,E,30,+","","","",""
"NOE00111291","1962-10","68.6578","18.8192","314.0","INNSET I BARDU, NO","","","","","","","21",",","19621022",",,E","","","360",",,E,22,","","","",""
"NOE00111291","1962-11","68.6578","18.8192","314.0","INNSET I BARDU, NO","","","","","","","30",",","19621130",",,E","","","490",",,E,30,","","","",""
"NOE00111291","1962-12","68.6578","18.8192","314.0","INNSET I BARDU, NO","","","","","","","31",",","19621211","+,,E","","","640",",,E,11,+","","","",""
"NOE00111291","1963-01","68.6578","18.8192","314.0","INNSET I BARDU, NO","","","","","","","31",",","19630127",",,E","","","1040",",,E,27,","","","",""
"NOE00111291","1963-02","68.6578","18.8192","314.0","INNSET I BARDU, NO","","","","","","","28",",","19630228",",,E","","","1460",",,E,28,","","","",""
"NOE00111291","1963-03","68.6578","18.8192","314.0","INNSET I BARDU, NO","","","","","","","31",",","19630303",",,E","","","1390",",,E,03,","","","",""
"NOE00111291","1963-04","68.6578","18.8192","314.0","INNSET I BARDU, NO","","","","","","","30",",","19630402",",,E","","","1350",",,E,02,","","","",""
"NOE00111291","1963-05","68.6578","18.8192","314.0","INNSET I BARDU, NO","","","","","","","22",",","19630501",",,E","","","910",",,E,01,","","","",""
"NOE00111291","1963-06","68.6578","18.8192","314.0","INNSET I BARDU, NO","","","","","","","0",",","19630630","+,,E","","","0",",,E,30,+","","","",""
"NOE00111291","1963-07","68.6578","18.8192","314.0","INNSET I BARDU, NO","","","","","","","0",",","19630731","+,,E","","","0",",,E,31,+","","","",""
"NOE00111291","1963-08","68.6578","18.8192","314.0","INNSET I BARDU, NO","","","","","","","0",",","19630831","+,,E","","","0",",,E,31,+","","","",""
"NOE00111291","1963-09","68.6578","18.8192","314.0","INNSET I BARDU, NO","","","","","","","0",",","19630930","+,,E","","","0",",,E,30,+","","","",""
"NOE00111291","1963-10","68.6578","18.8192","314.0","INNSET I BARDU, NO","","","","","","","6",",","19631029",",,E","","","210",",,E,29,","","","",""
"NOE00111291","1963-11","68.6578","18.8192","314.0","INNSET I BARDU, NO","","","","","","","25",",","19631105",",,E","","","120",",,E,05,","","","",""
"NOE00111291","1963-12","68.6578","18.8192","314.0","INNSET I BARDU, NO","","","","","","","29",",","19631224",",,E","","","440",",,E,24,","","","",""
"NOE00111291","1964-01","68.6578","18.8192","314.0","INNSET I BARDU, NO","","","","","","","31",",","19640129",",,E","","","570",",,E,29,","","","",""
"NOE00111291","1964-02","68.6578","18.8192","314.0","INNSET I BARDU, NO","","","","","","","29",",","19640225","+,,E","","","880",",,E,25,+","","","",""
"NOE00111291","1964-03","68.6578","18.8192","314.0","INNSET I BARDU, NO","","","","","","","31",",","19640310",",,E","","","820",",,E,10,","","","",""
"NOE00111291","1964-04","68.6578","18.8192","314.0","INNSET I BARDU, NO","","","","","","","30",",","19640428","+,,E","","","850",",,E,28,+","","","",""
"NOE00111291","1964-05","68.6578","18.8192","314.0","INNSET I BARDU, NO","","","","","","","26",",","19640502","+,,E","","","790",",,E,02,+","","","",""
"NOE00111291","1964-06","68.6578","18.8192","314.0","INNSET I BARDU, NO","","","","","","","0",",","19640630","+,,E","","","0",",,E,30,+","","","",""
"NOE00111291","1964-07","68.6578","18.8192","314.0","INNSET I BARDU, NO","","","","","","","0",",","19640731","+,,E","","","0",",,E,31,+","","","",""
"NOE00111291","1964-08","68.6578","18.8192","314.0","INNSET I BARDU, NO","","","","","","","0",",","19640831","+,,E","","","0",",,E,31,+","","","",""
"NOE00111291","1964-09","68.6578","18.8192","314.0","INNSET I BARDU, NO","","","","","","","0",",","19640930","+,,E","","","0",",,E,30,+","","","",""
"NOE00111291","1964-10","68.6578","18.8192","314.0","INNSET I BARDU, NO","","","","","","","4",",","19641004","+,,E","","","120",",,E,04,+","","","",""
"NOE00111291","1964-11","68.6578","18.8192","314.0","INNSET I BARDU, NO","","","","","","","28",",","19641129","+,,E","","","460",",,E,29,+","","","",""
"NOE00111291","1964-12","68.6578","18.8192","314.0","INNSET I BARDU, NO","","","","","","","31",",","19641231","+,,E","","","730",",,E,31,+","","","",""
"NOE00111291","1965-01","68.6578","18.8192","314.0","INNSET I BARDU, NO","","","","","","","31",",","19650126",",,E","","","1100",",,E,26,","","","",""
"NOE00111291","1965-02","68.6578","18.8192","314.0","INNSET I BARDU, NO","","","","","","","28",",","19650225",",,E","","","1380",",,E,25,","","","",""
"NOE00111291","1965-03","68.6578","18.8192","314.0","INNSET I BARDU, NO","","","","","","","31",",","19650331",",,E","","","1480",",,E,31,","","","",""
"NOE00111291","1965-04","68.6578","18.8192","314.0","INNSET I BARDU, NO","","","","","","","30",",","19650407",",,E","","","1800",",,E,07,","","","",""
"NOE00111291","1965-05","68.6578","18.8192","314.0","INNSET I BARDU, NO","","","","","","","31",",","19650501",",,E","","","1000",",,E,01,","","","",""
"NOE00111291","1965-06","68.6578","18.8192","314.0","INNSET I BARDU, NO","","","","","","","12",",","19650601",",,E","","","430",",,E,01,","","","",""
"NOE00111291","1965-07","68.6578","18.8192","314.0","INNSET I BARDU, NO","","","","","","","0",",","19650731","+,,E","","","0",",,E,31,+","","","",""
"NOE00111291","1965-08","68.6578","18.8192","314.0","INNSET I BARDU, NO","","","","","","","0",",","19650831","+,,E","","","0",",,E,31,+","","","",""
"NOE00111291","1965-09","68.6578","18.8192","314.0","INNSET I BARDU, NO","","","","","","","0",",","19650930","+,,E","","","0",",,E,30,+","","","",""
"NOE00111291","1965-10","68.6578","18.8192","314.0","INNSET I BARDU, NO","","","","","","","11",",","19651012",",,E","","","160",",,E,12,","","","",""
"NOE00111291","1965-11","68.6578","18.8192","314.0","INNSET I BARDU, NO","","","","","","","25",",","19651118","+,,E","","","260",",,E,18,+","","","",""
"NOE00111291","1965-12","68.6578","18.8192","314.0","INNSET I BARDU, NO","","","","","","","31",",","19651229",",,E","","","320",",,E,29,","","","",""
"NOE00111291","1966-01","68.6578","18.8192","314.0","INNSET I BARDU, NO","","","","","","","31",",","19660121","+,,E","","","480",",,E,21,+","","","",""
"NOE00111291","1966-02","68.6578","18.8192","314.0","INNSET I BARDU, NO","","","","","","","28",",","19660221","+,,E","","","530",",,E,21,+","","","",""
"NOE00111291","1966-03","68.6578","18.8192","314.0","INNSET I BARDU, NO","","","","","","","31",",","19660321",",,E","","","680",",,E,21,","","","",""
"NOE00111291","1966-04","68.6578","18.8192","314.0","INNSET I BARDU, NO","","","","","","","30",",","19660422",",,E","","","640",",,E,22,","","","",""
"NOE00111291","1966-05","68.6578","18.8192","314.0","INNSET I BARDU, NO","","","","","","","28",",","19660501",",,E","","","450",",,E,01,","","","",""
"NOE00111291","1966-06","68.6578","18.8192","314.0","INNSET I BARDU, NO","","","","","","","0",",","19660630","+,,E","","","0",",,E,30,+","","","",""
"NOE00111291","1966-07","68.6578","18.8192","314.0","INNSET I BARDU, NO","","","","","","","0",",","19660731","+,,E","","","0",",,E,31,+","","","",""
"NOE00111291","1966-08","68.6578","18.8192","314.0","INNSET I BARDU, NO","","","","","","","0",",","19660831","+,,E","","","0",",,E,31,+","","","",""
"NOE00111291","1966-09","68.6578","18.8192","314.0","INNSET I BARDU, NO","","","","","","","10",",","19660927",",,E","","","150",",,E,27,","","","",""
"NOE00111291","1966-10","68.6578","18.8192","314.0","INNSET I BARDU, NO","","","","","","","31",",","19661010","+,,E","","","290",",,E,10,+","","","",""
"NOE00111291","1966-11","68.6578","18.8192","314.0","INNSET I BARDU, NO","","","","","","","30",",","19661102",",,E","","","370",",,E,02,","","","",""
"NOE00111291","1966-12","68.6578","18.8192","314.0","INNSET I BARDU, NO","","","","","","","31",",","19661204","+,,E","","","250",",,E,04,+","","","",""
"NOE00111291","1967-01","68.6578","18.8192","314.0","INNSET I BARDU, NO","","","","","","","31",",","19670126","+,,E","","","490",",,E,26,+","","","",""
"NOE00111291","1967-02","68.6578","18.8192","314.0","INNSET I BARDU, NO","","","","","","","28",",","19670211",",,E","","","630",",,E,11,","","","",""
"NOE00111291","1967-03","68.6578","18.8192","314.0","INNSET I BARDU, NO","","","","","","","31",",","19670325",",,E","","","710",",,E,25,","","","",""
"NOE00111291","1967-04","68.6578","18.8192","314.0","INNSET I BARDU, NO","","","","","","","30",",","19670402",",,E","","","670",",,E,02,","","","",""
"NOE00111291","1967-05","68.6578","18.8192","314.0","INNSET I BARDU, NO","","","","","","","23",",","19670503","+,,E","","","500",",,E,03,+","","","",""
"NOE00111291","1967-06","68.6578","18.8192","314.0","INNSET I BARDU, NO","","","","","","","0",",","19670630","+,,E","","","0",",,E,30,+","","","",""
"NOE00111291","1967-07","68.6578","18.8192","314.0","INNSET I BARDU, NO","","","","","","","0",",","19670731","+,,E","","","0",",,E,31,+","","","",""
"NOE00111291","1967-08","68.6578","18.8192","314.0","INNSET I BARDU, NO","","","","","","","0",",","19670831","+,,E","","","0",",,E,31,+","","","",""
"NOE00111291","1967-09","68.6578","18.8192","314.0","INNSET I BARDU, NO","","","","","","","0",",","19670930","+,,E","","","0",",,E,30,+","","","",""
"NOE00111291","1967-10","68.6578","18.8192","314.0","INNSET I BARDU, NO","","","","","","","12",",","19671031",",,E","","","120",",,E,31,","","","",""
"NOE00111291","1967-11","68.6578","18.8192","314.0","INNSET I BARDU, NO","","","","","","","20",",","19671122",",,E","","","250",",,E,22,","","","",""
"NOE00111291","1967-12","68.6578","18.8192","314.0","INNSET I BARDU, NO","","","","","","","31",",","19671203",",,E","","","270",",,E,03,","","","",""
"NOE00111291","1968-01","68.6578","18.8192","314.0","INNSET I BARDU, NO","","","","","","","31",",","19680123",",,E","","","280",",,E,23,","","","",""
"NOE00111291","1968-02","68.6578","18.8192","314.0","INNSET I BARDU, NO","","","","","","","29",",","19680227",",,E","","","650",",,E,27,","","","",""
"NOE00111291","1968-03","68.6578","18.8192","314.0","INNSET I BARDU, NO","","","","","","","31",",","19680317",",,E","","","470",",,E,17,","","","",""
"NOE00111291","1968-04","68.6578","18.8192","314.0","INNSET I BARDU, NO","","","","","","","30",",","19680410",",,E","","","550",",,E,10,","","","",""
"NOE00111291","1968-05","68.6578","18.8192","314.0","INNSET I BARDU, NO","","","","","","","25",",","19680510","+,,E","","","260",",,E,10,+","","","",""
"NOE00111291","1968-06","68.6578","18.8192","314.0","INNSET I BARDU, NO","","","","","","","0",",","19680630","+,,E","","","0",",,E,30,+","","","",""
"NOE00111291","1968-07","68.6578","18.8192","314.0","INNSET I BARDU, NO","","","","","","","0",",","19680731","+,,E","","","0",",,E,31,+","","","",""
"NOE00111291","1968-08","68.6578","18.8192","314.0","INNSET I BARDU, NO","","","","","","","0",",","19680831","+,,E","","","0",",,E,31,+","","","",""
"NOE00111291","1968-09","68.6578","18.8192","314.0","INNSET I BARDU, NO","","","","","","","2",",","19680926",",,E","","","50",",,E,26,","","","",""
"NOE00111291","1968-10","68.6578","18.8192","314.0","INNSET I BARDU, NO","","","","","","","27",",","19681031","+,,E","","","240",",,E,31,+","","","",""
"NOE00111291","1968-11","68.6578","18.8192","314.0","INNSET I BARDU, NO","","","","","","","19",",","19681113",",,E","","","350",",,E,13,","","","",""
"NOE00111291","1968-12","68.6578","18.8192","314.0","INNSET I BARDU, NO","","","","","","","10",",","19681209",",,E","","","250",",,E,09,","","","",""
"NOE00111291","1969-01","68.6578","18.8192","314.0","INNSET I BARDU, NO","","","","","","","28",",","19690114","+,,E","","","140",",,E,14,+","","","",""
"NOE00111291","1969-02","68.6578","18.8192","314.0","INNSET I BARDU, NO","","","","","","","8",",","19690225","+,,E","","","80",",,E,25,+","","","",""
"NOE00111291","1969-03","68.6578","18.8192","314.0","INNSET I BARDU, NO","","","","","","","31",",","19690325",",,E","","","330",",,E,25,","","","",""
"NOE00111291","1969-04","68.6578","18.8192","314.0","INNSET I BARDU, NO","","","","","","","30",",","19690408","+,,E","","","420",",,E,08,+","","","",""
"NOE00111291","1969-05","68.6578","18.8192","314.0","INNSET I BARDU, NO","","","","","","","9",",","19690529",",,E","","","100",",,E,29,","","","",""
"NOE00111291","1969-06","68.6578","18.8192","314.0","INNSET I BARDU, NO","","","","","","","0",",","19690630","+,,E","","","0",",,E,30,+","","","",""
"NOE00111291","1969-07","68.6578","18.8192","314.0","INNSET I BARDU, NO","","","","","","","0",",","19690731","+,,E","","","0",",,E,31,+","","","",""
"NOE00111291","1969-08","68.6578","18.8192","314.0","INNSET I BARDU, NO","","","","","","","0",",","19690831","+,,E","","","0",",,E,31,+","","","",""
"NOE00111291","1969-09","68.6578","18.8192","314.0","INNSET I BARDU, NO","","","","","","","0",",","19690930","+,,E","","","0",",,E,30,+","","","",""
"NOE00111291","1969-10","68.6578","18.8192","314.0","INNSET I BARDU, NO","","","","","","","15",",","19691014",",,E","","","350",",,E,14,","","","",""
"NOE00111291","1969-11","68.6578","18.8192","314.0","INNSET I BARDU, NO","","","","","","","23",",","19691123",",,E","","","260",",,E,23,","","","",""
"NOE00111291","1969-12","68.6578","18.8192","314.0","INNSET I BARDU, NO","","","","","","","31",",","19691206","+,,E","","","200",",,E,06,+","","","",""
"NOE00111291","1970-01","68.6578","18.8192","314.0","INNSET I BARDU, NO","","","","","","","31",",","19700131",",,E","","","200",",,E,31,","","","",""
"NOE00111291","1970-02","68.6578","18.8192","314.0","INNSET I BARDU, NO","","","","","","","28",",","19700221","+,,E","","","660",",,E,21,+","","","",""
"NOE00111291","1970-03","68.6578","18.8192","314.0","INNSET I BARDU, NO","","","","","","","31",",","19700317","+,,E","","","360",",,E,17,+","","","",""
"NOE00111291","1970-04","68.6578","18.8192","314.0","INNSET I BARDU, NO","","","","","","","30",",","19700416",",,E","","","400",",,E,16,","","","",""
"NOE00111291","1970-05","68.6578","18.8192","314.0","INNSET I BARDU, NO","","","","","","","8",",","19700502","+,,E","","","290",",,E,02,+","","","",""
"NOE00111291","1970-06","68.6578","18.8192","314.0","INNSET I BARDU, NO","","","","","","","0",",","19700630","+,,E","","","0",",,E,30,+","","","",""
"NOE00111291","1970-07","68.6578","18.8192","314.0","INNSET I BARDU, NO","","","","","","","0",",","19700731","+,,E","","","0",",,E,31,+","","","",""
"NOE00111291","1970-08","68.6578","18.8192","314.0","INNSET I BARDU, NO","","","","","","","0",",","19700831","+,,E","","","0",",,E,31,+","","","",""
"NOE00111291","1970-09","68.6578","18.8192","314.0","INNSET I BARDU, NO","","","","","","","0",",","19700930","+,,E","","","0",",,E,30,+","","","",""
"NOE00111291","1970-10","68.6578","18.8192","314.0","INNSET I BARDU, NO","","","","","","","4",",","19701028",",,E","","","40",",,E,28,","","","",""
"NOE00111291","1970-11","68.6578","18.8192","314.0","INNSET I BARDU, NO","","","","","","","25",",","19701130",",,E","","","410",",,E,30,","","","",""
"NOE00111291","1970-12","68.6578","18.8192","314.0","INNSET I BARDU, NO","","","","","","","31",",","19701212",",,E","","","820",",,E,12,","","","",""
"NOE00111291","1971-01","68.6578","18.8192","314.0","INNSET I BARDU, NO","","","","","","","31",",","19710107",",,E","","","1000",",,E,07,","","","",""
"NOE00111291","1971-02","68.6578","18.8192","314.0","INNSET I BARDU, NO","","","","","","","28",",","19710215","+,,E","","","1300",",,E,15,+","","","",""
"NOE00111291","1971-03","68.6578","18.8192","314.0","INNSET I BARDU, NO","","","","","","","31",",","19710313","+,,E","","","1480",",,E,13,+","","","",""
"NOE00111291","1971-04","68.6578","18.8192","314.0","INNSET I BARDU, NO","","","","","","","30",",","19710405",",,E","","","1280",",,E,05,","","","",""
"NOE00111291","1971-05","68.6578","18.8192","314.0","INNSET I BARDU, NO","","","","","","","31",",","19710502",",,E","","","1000",",,E,02,","","","",""
"NOE00111291","1971-06","68.6578","18.8192","314.0","INNSET I BARDU, NO","","","","","","","2",",","19710601",",,E","","","150",",,E,01,","","","",""
"NOE00111291","1971-07","68.6578","18.8192","314.0","INNSET I BARDU, NO","","","","","","","0",",","19710731","+,,E","","","0",",,E,31,+","","","",""
"NOE00111291","1971-08","68.6578","18.8192","314.0","INNSET I BARDU, NO","","","","","","","0",",","19710831","+,,E","","","0",",,E,31,+","","","",""
"NOE00111291","1971-09","68.6578","18.8192","314.0","INNSET I BARDU, NO","","","","","","","0",",","19710930","+,,E","","","0",",,E,30,+","","","",""
"NOE00111291","1971-10","68.6578","18.8192","314.0","INNSET I BARDU, NO","","","","","","","6",",","19711026",",,E","","","160",",,E,26,","","","",""
"NOE00111291","1971-11","68.6578","18.8192","314.0","INNSET I BARDU, NO","","","","","","","26",",","19711129",",,E","","","360",",,E,29,","","","",""
"NOE00111291","1971-12","68.6578","18.8192","314.0","INNSET I BARDU, NO","","","","","","","31",",","19711229",",,E","","","520",",,E,29,","","","",""
"NOE00111291","1972-01","68.6578","18.8192","314.0","INNSET I BARDU, NO","","","","","","","31",",","19720101",",,E","","","210",",,E,01,","","","",""
"NOE00111291","1972-02","68.6578","18.8192","314.0","INNSET I BARDU, NO","","","","","","","29",",","19720219",",,E","","","350",",,E,19,","","","",""
"NOE00111291","1972-03","68.6578","18.8192","314.0","INNSET I BARDU, NO","","","","","","","31",",","19720314",",,E","","","610",",,E,14,","","","",""
"NOE00111291","1972-04","68.6578","18.8192","314.0","INNSET I BARDU, NO","","","","","","","30",",","19720426","+,,E","","","220",",,E,26,+","","","",""
"NOE00111291","1972-05","68.6578","18.8192","314.0","INNSET I BARDU, NO","","","","","","","16",",","19720503","+,,E","","","170",",,E,03,+","","","",""
"NOE00111291","1972-06","68.6578","18.8192","314.0","INNSET I BARDU, NO","","","","","","","0",",","19720630","+,,E","","","0",",,E,30,+","","","",""
"NOE00111291","1972-07","68.6578","18.8192","314.0","INNSET I BARDU, NO","","","","","","","0",",","19720731","+,,E","","","0",",,E,31,+","","","",""
"NOE00111291","1972-08","68.6578","18.8192","314.0","INNSET I BARDU, NO","","","","","","","0",",","19720831","+,,E","","","0",",,E,31,+","","","",""
"NOE00111291","1972-09","68.6578","18.8192","314.0","INNSET I BARDU, NO","","","","","","","0",",","19720930","+,,E","","","0",",,E,30,+","","","",""
"NOE00111291","1972-10","68.6578","18.8192","314.0","INNSET I BARDU, NO","","","","","","","16",",","19721029","+,,E","","","100",",,E,29,+","","","",""
"NOE00111291","1972-11","68.6578","18.8192","314.0","INNSET I BARDU, NO","","","","","","","27",",","19721125",",,E","","","510",",,E,25,","","","",""
"NOE00111291","1972-12","68.6578","18.8192","314.0","INNSET I BARDU, NO","","","","","","","31",",","19721230",",,E","","","250",",,E,30,","","","",""
"NOE00111291","1973-01","68.6578","18.8192","314.0","INNSET I BARDU, NO","","","","","","","31",",","19730109","+,,E","","","420",",,E,09,+","","","",""
"NOE00111291","1973-02","68.6578","18.8192","314.0","INNSET I BARDU, NO","","","","","","","28",",","19730228","+,,E","","","550",",,E,28,+","","","",""
"NOE00111291","1973-03","68.6578","18.8192","314.0","INNSET I BARDU, NO","","","","","","","31",",","19730323",",,E","","","760",",,E,23,","","","",""
"NOE00111291","1973-04","68.6578","18.8192","314.0","INNSET I BARDU, NO","","","","","","","30",",","19730429","+,,E","","","660",",,E,29,+","","","",""
"NOE00111291","1973-05","68.6578","18.8192","314.0","INNSET I BARDU, NO","","","","","","","25",",","19730501",",,E","","","600",",,E,01,","","","",""
"NOE00111291","1973-06","68.6578","18.8192","314.0","INNSET I BARDU, NO","","","","","","","0",",","19730630","+,,E","","","0",",,E,30,+","","","",""
"NOE00111291","1973-07","68.6578","18.8192","314.0","INNSET I BARDU, NO","","","","","","","0",",","19730731","+,,E","","","0",",,E,31,+","","","",""
"NOE00111291","1973-08","68.6578","18.8192","314.0","INNSET I BARDU, NO","","","","","","","0",",","19730831","+,,E","","","0",",,E,31,+","","","",""
"NOE00111291","1973-09","68.6578","18.8192","314.0","INNSET I BARDU, NO","","","","","","","2",",","19730911",",,E","","","60",",,E,11,","","","",""
"NOE00111291","1973-10","68.6578","18.8192","314.0","INNSET I BARDU, NO","","","","","","","18",",","19731031",",,E","","","320",",,E,31,","","","",""
"NOE00111291","1973-11","68.6578","18.8192","314.0","INNSET I BARDU, NO","","","","","","","27",",","19731128",",,E","","","560",",,E,28,","","","",""
"NOE00111291","1973-12","68.6578","18.8192","314.0","INNSET I BARDU, NO","","","","","","","31",",","19731213",",,E","","","500",",,E,13,","","","",""
"NOE00111291","1974-01","68.6578","18.8192","314.0","INNSET I BARDU, NO","","","","","","","31",",","19740102","+,,E","","","360",",,E,02,+","","","",""
"NOE00111291","1974-02","68.6578","18.8192","314.0","INNSET I BARDU, NO","","","","","","","28",",","19740205","+,,E","","","400",",,E,05,+","","","",""
"NOE00111291","1974-03","68.6578","18.8192","314.0","INNSET I BARDU, NO","","","","","","","26",",","19740305","+,,E","","","180",",,E,05,+","","","",""
"NOE00111291","1974-04","68.6578","18.8192","314.0","INNSET I BARDU, NO","","","","","","","25",",","19740417","+,,E","","","220",",,E,17,+","","","",""
"NOE00111291","1974-05","68.6578","18.8192","314.0","INNSET I BARDU, NO","","","","","","","6",",","19740502","+,,E","","","40",",,E,02,+","","","",""
"NOE00111291","1974-06","68.6578","18.8192","314.0","INNSET I BARDU, NO","","","","","","","0",",","19740630","+,,E","","","0",",,E,30,+","","","",""
"NOE00111291","1974-07","68.6578","18.8192","314.0","INNSET I BARDU, NO","","","","","","","0",",","19740731","+,,E","","","0",",,E,31,+","","","",""
"NOE00111291","1974-08","68.6578","18.8192","314.0","INNSET I BARDU, NO","","","","","","","0",",","19740831","+,,E","","","0",",,E,31,+","","","",""
"NOE00111291","1974-09","68.6578","18.8192","314.0","INNSET I BARDU, NO","","","","","","","0",",","19740930","+,,E","","","0",",,E,30,+","","","",""
"NOE00111291","1974-10","68.6578","18.8192","314.0","INNSET I BARDU, NO","","","","","","","0",",","19741031","+,,E","","","0",",,E,31,+","","","",""
"NOE00111291","1974-11","68.6578","18.8192","314.0","INNSET I BARDU, NO","","","","","","","11",",","19741127","+,,E","","","120",",,E,27,+","","","",""
"NOE00111291","1974-12","68.6578","18.8192","314.0","INNSET I BARDU, NO","","","","","","","31",",","19741228",",,E","","","230",",,E,28,","","","",""
"NOE00111291","1975-01","68.6578","18.8192","314.0","INNSET I BARDU, NO","","","","","","","31",",","19750117","+,,E","","","470",",,E,17,+","","","",""
"NOE00111291","1975-02","68.6578","18.8192","314.0","INNSET I BARDU, NO","","","","","","","28",",","19750222",",,E","","","650",",,E,22,","","","",""
"NOE00111291","1975-03","68.6578","18.8192","314.0","INNSET I BARDU, NO","","","","","","","29",",","19750320",",,E","","","390",",,E,20,","","","",""
"NOE00111291","1975-04","68.6578","18.8192","314.0","INNSET I BARDU, NO","","","","","","","30",",","19750408","+,,E","","","500",",,E,08,+","","","",""
"NOE00111291","1975-05","68.6578","18.8192","314.0","INNSET I BARDU, NO","","","","","","","8",",","19750504",",,E","","","230",",,E,04,","","","",""
"NOE00111291","1975-06","68.6578","18.8192","314.0","INNSET I BARDU, NO","","","","","","","0",",","19750630","+,,E","","","0",",,E,30,+","","","",""
"NOE00111291","1975-07","68.6578","18.8192","314.0","INNSET I BARDU, NO","","","","","","","0",",","19750731","+,,E","","","0",",,E,31,+","","","",""
"NOE00111291","1975-08","68.6578","18.8192","314.0","INNSET I BARDU, NO","","","","","","","0",",","19750831","+,,E","","","0",",,E,31,+","","","",""
"NOE00111291","1975-09","68.6578","18.8192","314.0","INNSET I BARDU, NO","","","","","","","0",",","19750930","+,,E","","","0",",,E,30,+","","","",""
"NOE00111291","1975-10","68.6578","18.8192","314.0","INNSET I BARDU, NO","","","","","","","7",",","19751031","+,,E","","","60",",,E,31,+","","","",""
"NOE00111291","1975-11","68.6578","18.8192","314.0","INNSET I BARDU, NO","","","","","","","24",",","19751124",",,E","","","350",",,E,24,","","","",""
"NOE00111291","1975-12","68.6578","18.8192","314.0","INNSET I BARDU, NO","","","","","","","31",",","19751223","+,,E","","","1100",",,E,23,+","","","",""
"NOE00111291","1976-01","68.6578","18.8192","314.0","INNSET I BARDU, NO","","","","","","","31",",","19760106","+,,E","","","1000",",,E,06,+","","","",""
"NOE00111291","1976-02","68.6578","18.8192","314.0","INNSET I BARDU, NO","","","","","","","29",",","19760201",",,E","","","930",",,E,01,","","","",""
"NOE00111291","1976-03","68.6578","18.8192","314.0","INNSET I BARDU, NO","","","","","","","31",",","19760331","+,,E","","","800",",,E,31,+","","","",""
"NOE00111291","1976-04","68.6578","18.8192","314.0","INNSET I BARDU, NO","","","","","","","30",",","19760403","+,,E","","","810",",,E,03,+","","","",""
"NOE00111291","1976-05","68.6578","18.8192","314.0","INNSET I BARDU, NO","","","","","","","16",",","19760504","+,,E","","","720",",,E,04,+","","","",""
"NOE00111291","1976-06","68.6578","18.8192","314.0","INNSET I BARDU, NO","","","","","","","0",",","19760630","+,,E","","","0",",,E,30,+","","","",""
"NOE00111291","1976-07","68.6578","18.8192","314.0","INNSET I BARDU, NO","","","","","","","0",",","19760731","+,,E","","","0",",,E,31,+","","","",""
"NOE00111291","1976-08","68.6578","18.8192","314.0","INNSET I BARDU, NO","","","","","","","0",",","19760831","+,,E","","","0",",,E,31,+","","","",""
"NOE00111291","1976-09","68.6578","18.8192","314.0","INNSET I BARDU, NO","","","","","","","4",",","19760927",",,E","","","170",",,E,27,","","","",""
"NOE00111291","1976-10","68.6578","18.8192","314.0","INNSET I BARDU, NO","","","","","","","8",",","19761011","+,,E","","","50",",,E,11,+","","","",""
"NOE00111291","1976-11","68.6578","18.8192","314.0","INNSET I BARDU, NO","","","","","","","23",",","19761114","+,,E","","","200",",,E,14,+","","","",""
"NOE00111291","1976-12","68.6578","18.8192","314.0","INNSET I BARDU, NO","","","","","","","31",",","19761230","+,,E","","","280",",,E,30,+","","","",""
"NOE00111291","1977-01","68.6578","18.8192","314.0","INNSET I BARDU, NO","","","","","","","22",",","19770114","+,,E","","","300",",,E,14,+","","","",""
"NOE00111291","1977-02","68.6578","18.8192","314.0","INNSET I BARDU, NO","","","","","","","4",",","19770218","+,,E","","","250",",,E,18,+","","","",""
"NOE00111291","1977-03","68.6578","18.8192","314.0","INNSET I BARDU, NO","","","","","","","4",",","19770325",",,E","","","550",",,E,25,","","","",""
"NOE00111291","1977-04","68.6578","18.8192","314.0","INNSET I BARDU, NO","","","","","","","5",",","19770408","+,,E","","","500",",,E,08,+","","","",""
"NOE00111291","1977-05","68.6578","18.8192","314.0","INNSET I BARDU, NO","","","","","","","2",",","19770506",",,E","","","150",",,E,06,","","","",""
"NOE00111291","1977-06","68.6578","18.8192","314.0","INNSET I BARDU, NO","","","","","","","0",",","19770630","+,,E","","","0",",,E,30,+","","","",""
"NOE00111291","1977-07","68.6578","18.8192","314.0","INNSET I BARDU, NO","","","","","","","0",",","19770731","+,,E","","","0",",,E,31,+","","","",""
"NOE00111291","1977-08","68.6578","18.8192","314.0","INNSET I BARDU, NO","","","","","","","0",",","19770831","+,,E","","","0",",,E,31,+","","","",""
"NOE00111291","1977-09","68.6578","18.8192","314.0","INNSET I BARDU, NO","","","","","","","0",",","19770930","+,,E","","","0",",,E,30,+","","","",""
"NOE00111291","1977-10","68.6578","18.8192","314.0","INNSET I BARDU, NO","","","","","","","0",",","19771031","+,,E","","","0",",,E,31,+","","","",""
"NOE00111291","1977-11","68.6578","18.8192","314.0","INNSET I BARDU, NO","","","","","","","3",",","19771125",",,E","","","200",",,E,25,","","","",""
"NOE00111291","1977-12","68.6578","18.8192","314.0","INNSET I BARDU, NO","","","","","","","5",",","19771230","+,,E","","","350",",,E,30,+","","","",""
"NOE00111291","1978-01","68.6578","18.8192","314.0","INNSET I BARDU, NO","","","","","","","4",",","19780127","+,,E","","","450",",,E,27,+","","","",""
"NOE00111291","1978-02","68.6578","18.8192","314.0","INNSET I BARDU, NO","","","","","","","4",",","19780224",",,E","","","550",",,E,24,","","","",""
"NOE00111291","1978-03","68.6578","18.8192","314.0","INNSET I BARDU, NO","","","","","","","5",",","19780310","+,,E","","","550",",,E,10,+","","","",""
"NOE00111291","1978-04","68.6578","18.8192","314.0","INNSET I BARDU, NO","","","","","","","4",",","19780407",",,E","","","310",",,E,07,","","","",""
"NOE00111291","1978-05","68.6578","18.8192","314.0","INNSET I BARDU, NO","","","","","","","2",",","19780505",",,E","","","420",",,E,05,","","","",""
"NOE00111291","1978-06","68.6578","18.8192","314.0","INNSET I BARDU, NO","","","","","","","0",",","19780630","+,,E","","","0",",,E,30,+","","","",""
"NOE00111291","1978-07","68.6578","18.8192","314.0","INNSET I BARDU, NO","","","","","","","0",",","19780731","+,,E","","","0",",,E,31,+","","","",""
"NOE00111291","1978-08","68.6578","18.8192","314.0","INNSET I BARDU, NO","","","","","","","0",",","19780831","+,,E","","","0",",,E,31,+","","","",""
"NOE00111291","1978-09","68.6578","18.8192","314.0","INNSET I BARDU, NO","","","","","","","0",",","19780930","+,,E","","","0",",,E,30,+","","","",""
"NOE00111291","1978-10","68.6578","18.8192","314.0","INNSET I BARDU, NO","","","","","","","3",",","19781031",",,E","","","270",",,E,31,","","","",""
"NOE00111291","1978-11","68.6578","18.8192","314.0","INNSET I BARDU, NO","","","","","","","4",",","19781130",",,E","","","200",",,E,30,","","","",""
"NOE00111291","1978-12","68.6578","18.8192","314.0","INNSET I BARDU, NO","","","","","","","3",",","19781215",",,E","","","400",",,E,15,","","","",""
"NOE00111291","1979-01","68.6578","18.8192","314.0","INNSET I BARDU, NO","","","","","","","3",",","19790105",",,E","","","350",",,E,05,","","","",""
"NOE00111291","1979-02","68.6578","18.8192","314.0","INNSET I BARDU, NO","","","","","","","2",",","19790214",",,E","","","350",",,E,14,","","","",""
"NOE00111291","1979-03","68.6578","18.8192","314.0","INNSET I BARDU, NO","","","","","","","1",",","19790323",",,E","","","180",",,E,23,","","","",""
"NOE00111291","1979-04","68.6578","18.8192","314.0","INNSET I BARDU, NO","","","","","","","1",",","19790410",",,E","","","300",",,E,10,","","","",""
"NOE00111291","1979-05","68.6578","18.8192","314.0","INNSET I BARDU, NO","","","","","","","0",",","19790531","+,,E","","","0",",,E,31,+","","","",""
"NOE00111291","1979-06","68.6578","18.8192","314.0","INNSET I BARDU, NO","","","","","","","0",",","19790630","+,,E","","","0",",,E,30,+","","","",""
"NOE00111291","1979-07","68.6578","18.8192","314.0","INNSET I BARDU, NO","","","","","","","0",",","19790731","+,,E","","","0",",,E,31,+","","","",""
"NOE00111291","1979-08","68.6578","18.8192","314.0","INNSET I BARDU, NO","","","","","","","0",",","19790831","+,,E","","","0",",,E,31,+","","","",""
"NOE00111291","1979-09","68.6578","18.8192","314.0","INNSET I BARDU, NO","","","","","","","0",",","19790930","+,,E","","","0",",,E,30,+","","","",""
"NOE00111291","1979-10","68.6578","18.8192","314.0","INNSET I BARDU, NO","","","","","","","1",",","19791010",",,E","","","30",",,E,10,","","","",""
"NOE00111291","1979-11","68.6578","18.8192","314.0","INNSET I BARDU, NO","","","","","","","2",",","19791123",",,E","","","150",",,E,23,","","","",""
"NOE00111291","1979-12","68.6578","18.8192","314.0","INNSET I BARDU, NO","","","","","","","3",",","19791221",",,E","","","210",",,E,21,","","","",""
"NOE00111291","1980-01","68.6578","18.8192","314.0","INNSET I BARDU, NO","","","","","","","1",",","19800118",",,E","","","440",",,E,18,","","","",""
"NOE00111291","1980-02","68.6578","18.8192","314.0","INNSET I BARDU, NO","","","","","","","4",",","19800201",",,E","","","470",",,E,01,","","","",""
"NOE00111291","1980-03","68.6578","18.8192","314.0","INNSET I BARDU, NO","","","","","","","3",",","19800321","+,,E","","","400",",,E,21,+","","","",""
"NOE00111291","1980-04","68.6578","18.8192","314.0","INNSET I BARDU, NO","","","","","","","1",",","19800411",",,E","","","300",",,E,11,","","","",""
"NOE00111291","1980-05","68.6578","18.8192","314.0","INNSET I BARDU, NO","","","","","","","0",",","19800531","+,,E","","","0",",,E,31,+","","","",""
"NOE00111291","1980-06","68.6578","18.8192","314.0","INNSET I BARDU, NO","","","","","","","0",",","19800630","+,,E","","","0",",,E,30,+","","","",""
"NOE00111291","1980-07","68.6578","18.8192","314.0","INNSET I BARDU, NO","","","","","","","0",",","19800731","+,,E","","","0",",,E,31,+","","","",""
"NOE00111291","1980-08","68.6578","18.8192","314.0","INNSET I BARDU, NO","","","","","","","0",",","19800831","+,,E","","","0",",,E,31,+","","","",""
"NOE00111291","1980-09","68.6578","18.8192","314.0","INNSET I BARDU, NO","","","","","","","0",",","19800930","+,,E","","","0",",,E,30,+","","","",""
"NOE00111291","1980-10","68.6578","18.8192","314.0","INNSET I BARDU, NO","","","","","","","2",",","19801031",",,E","","","400",",,E,31,","","","",""
"NOE00111291","1980-11","68.6578","18.8192","314.0","INNSET I BARDU, NO","","","","","","","4",",","19801128",",,E","","","400",",,E,28,","","","",""
"NOE00111291","1980-12","68.6578","18.8192","314.0","INNSET I BARDU, NO","","","","","","","4",",","19801223","+,,E","","","650",",,E,23,+","","","",""
"NOE00111291","1981-01","68.6578","18.8192","314.0","INNSET I BARDU, NO","","","","","","","4",",","19810109",",,E","","","700",",,E,09,","","","",""
"NOE00111291","1981-02","68.6578","18.8192","314.0","INNSET I BARDU, NO","","","","","","","4",",","19810206",",,E","","","800",",,E,06,","","","",""
"NOE00111291","1981-03","68.6578","18.8192","314.0","INNSET I BARDU, NO","","","","","","","4",",","19810306",",,E","","","700",",,E,06,","","","",""
"NOE00111291","1981-04","68.6578","18.8192","314.0","INNSET I BARDU, NO","","","","","","","4",",","19810424","+,,E","","","320",",,E,24,+","","","",""
"NOE00111291","1981-05","68.6578","18.8192","314.0","INNSET I BARDU, NO","","","","","","","3",",","19810508",",,E","","","250",",,E,08,","","","",""
"NOE00111291","1981-06","68.6578","18.8192","314.0","INNSET I BARDU, NO","","","","","","","0",",","19810630","+,,E","","","0",",,E,30,+","","","",""
"NOE00111291","1981-07","68.6578","18.8192","314.0","INNSET I BARDU, NO","","","","","","","0",",","19810731","+,,E","","","0",",,E,31,+","","","",""
"NOE00111291","1981-08","68.6578","18.8192","314.0","INNSET I BARDU, NO","","","","","","","0",",","19810831","+,,E","","","0",",,E,31,+","","","",""
"NOE00111291","1981-09","68.6578","18.8192","314.0","INNSET I BARDU, NO","","","","","","","0",",","19810930","+,,E","","","0",",,E,30,+","","","",""
"NOE00111291","1981-10","68.6578","18.8192","314.0","INNSET I BARDU, NO","","","","","","","0",",","19811031","+,,E","","","0",",,E,31,+","","","",""
"NOE00111291","1981-11","68.6578","18.8192","314.0","INNSET I BARDU, NO","","","","","","","3",",","19811127",",,E","","","280",",,E,27,","","","",""
"NOE00111291","1981-12","68.6578","18.8192","314.0","INNSET I BARDU, NO","","","","","","","5",",","19811218",",,E","","","230",",,E,18,","","","",""
"NOE00111291","1982-01","68.6578","18.8192","314.0","INNSET I BARDU, NO","","","","","","","3",",","19820115",",,E","","","450",",,E,15,","","","",""
"NOE00111291","1982-02","68.6578","18.8192","314.0","INNSET I BARDU, NO","","","","","","","1",",","19820226",",,E","","","200",",,E,26,","","","",""
"NOE00111291","1982-03","68.6578","18.8192","314.0","INNSET I BARDU, NO","","","","","","","4",",","19820326",",,E","","","370",",,E,26,","","","",""
"NOE00111291","1982-04","68.6578","18.8192","314.0","INNSET I BARDU, NO","","","","","","","3",",","19820416",",,E","","","500",",,E,16,","","","",""
"NOE00111291","1982-05","68.6578","18.8192","314.0","INNSET I BARDU, NO","","","","","","","0",",","19820531","+,,E","","","0",",,E,31,+","","","",""
"NOE00111291","1982-06","68.6578","18.8192","314.0","INNSET I BARDU, NO","","","","","","","0",",","19820630","+,,E","","","0",",,E,30,+","","","",""
"NOE00111291","1982-07","68.6578","18.8192","314.0","INNSET I BARDU, NO","","","","","","","0",",","19820731","+,,E","","","0",",,E,31,+","","","",""
"NOE00111291","1982-08","68.6578","18.8192","314.0","INNSET I BARDU, NO","","","","","","","0",",","19820831","+,,E","","","0",",,E,31,+","","","",""
"NOE00111291","1982-09","68.6578","18.8192","314.0","INNSET I BARDU, NO","","","","","","","0",",","19820930","+,,E","","","0",",,E,30,+","","","",""
"NOE00111291","1982-10","68.6578","18.8192","314.0","INNSET I BARDU, NO","","","","","","","0",",","19821031","+,,E","","","0",",,E,31,+","","","",""
"NOE00111291","1982-11","68.6578","18.8192","314.0","INNSET I BARDU, NO","","","","","","","4",",","19821105",",,E","","","220",",,E,05,","","","",""
"NOE00111291","1982-12","68.6578","18.8192","314.0","INNSET I BARDU, NO","","","","","","","3",",","19821227","+,,E","","","150",",,E,27,+","","","",""
"NOE00111291","1983-01","68.6578","18.8192","314.0","INNSET I BARDU, NO","","","","","","","2",",","19830128",",,E","","","400",",,E,28,","","","",""
"NOE00111291","1983-02","68.6578","18.8192","314.0","INNSET I BARDU, NO","","","","","","","4",",","19830211",",,E","","","450",",,E,11,","","","",""
"NOE00111291","1983-03","68.6578","18.8192","314.0","INNSET I BARDU, NO","","","","","","","4",",","19830325",",,E","","","550",",,E,25,","","","",""
"NOE00111291","1983-04","68.6578","18.8192","314.0","INNSET I BARDU, NO","","","","","","","2",",","19830415","+,,E","","","450",",,E,15,+","","","",""
"NOE00111291","1983-05","68.6578","18.8192","314.0","INNSET I BARDU, NO","","","","","","","0",",","19830531","+,,E","","","0",",,E,31,+","","","",""
"NOE00111291","1983-06","68.6578","18.8192","314.0","INNSET I BARDU, NO","","","","","","","0",",","19830630","+,,E","","","0",",,E,30,+","","","",""
"NOE00111291","1983-07","68.6578","18.8192","314.0","INNSET I BARDU, NO","","","","","","","0",",","19830731","+,,E","","","0",",,E,31,+","","","",""
"NOE00111291","1983-08","68.6578","18.8192","314.0","INNSET I BARDU, NO","","","","","","","0",",","19830831","+,,E","","","0",",,E,31,+","","","",""
"NOE00111291","1983-09","68.6578","18.8192","314.0","INNSET I BARDU, NO","","","","","","","0",",","19830930","+,,E","","","0",",,E,30,+","","","",""
"NOE00111291","1983-10","68.6578","18.8192","314.0","INNSET I BARDU, NO","","","","","","","1",",","19831028",",,E","","","170",",,E,28,","","","",""
"NOE00111291","1983-11","68.6578","18.8192","314.0","INNSET I BARDU, NO","","","","","","","4",",","19831125",",,E","","","840",",,E,25,","","","",""
"NOE00111291","1983-12","68.6578","18.8192","314.0","INNSET I BARDU, NO","","","","","","","5",",","19831230",",,E","","","750",",,E,30,","","","",""
"NOE00111291","1984-01","68.6578","18.8192","314.0","INNSET I BARDU, NO","","","","","","","4",",","19840106",",,E","","","800",",,E,06,","","","",""
"NOE00111291","1984-02","68.6578","18.8192","314.0","INNSET I BARDU, NO","","","","","","","4",",","19840210","+,,E","","","700",",,E,10,+","","","",""
"NOE00111291","1984-03","68.6578","18.8192","314.0","INNSET I BARDU, NO","","","","","","","5",",","19840316",",,E","","","380",",,E,16,","","","",""
"NOE00111291","1984-04","68.6578","18.8192","314.0","INNSET I BARDU, NO","","","","","","","4",",","19840406",",,E","","","300",",,E,06,","","","",""
"NOE00111291","1984-05","68.6578","18.8192","314.0","INNSET I BARDU, NO","","","","","","","0",",","19840531","+,,E","","","0",",,E,31,+","","","",""
"NOE00111291","1984-06","68.6578","18.8192","314.0","INNSET I BARDU, NO","","","","","","","0",",","19840630","+,,E","","","0",",,E,30,+","","","",""
"NOE00111291","1984-07","68.6578","18.8192","314.0","INNSET I BARDU, NO","","","","","","","0",",","19840731","+,,E","","","0",",,E,31,+","","","",""
"NOE00111291","1984-08","68.6578","18.8192","314.0","INNSET I BARDU, NO","","","","","","","0",",","19840831","+,,E","","","0",",,E,31,+","","","",""
"NOE00111291","1984-09","68.6578","18.8192","314.0","INNSET I BARDU, NO","","","","","","","0",",","19840930","+,,E","","","0",",,E,30,+","","","",""
"NOE00111291","1984-10","68.6578","18.8192","314.0","INNSET I BARDU, NO","","","","","","","0",",","19841031","+,,E","","","0",",,E,31,+","","","",""
"NOE00111291","1984-11","68.6578","18.8192","314.0","INNSET I BARDU, NO","","","","","","","2",",","19841123",",,E","","","60",",,E,23,","","","",""
"NOE00111291","1984-12","68.6578","18.8192","314.0","INNSET I BARDU, NO","","","","","","","3",",","19841221","+,,E","","","30",",,E,21,+","","","",""
"NOE00111291","1985-01","68.6578","18.8192","314.0","INNSET I BARDU, NO","","","","","","","4",",","19850118",",,E","","","320",",,E,18,","","","",""
"NOE00111291","1985-02","68.6578","18.8192","314.0","INNSET I BARDU, NO","","","","","","","4",",","19850228","+,,E","","","300",",,E,28,+","","","",""
"NOE00111291","1985-03","68.6578","18.8192","314.0","INNSET I BARDU, NO","","","","","","","5",",","19850301",",,E","","","300",",,E,01,","","","",""
"NOE00111291","1985-04","68.6578","18.8192","314.0","INNSET I BARDU, NO","","","","","","","5",",","19850426",",,E","","","450",",,E,26,","","","",""
"NOE00111291","1985-05","68.6578","18.8192","314.0","INNSET I BARDU, NO","","","","","","","1",",","19850503",",,E","","","420",",,E,03,","","","",""
"NOE00111291","1985-06","68.6578","18.8192","314.0","INNSET I BARDU, NO","","","","","","","0",",","19850630","+,,E","","","0",",,E,30,+","","","",""
"NOE00111291","1985-07","68.6578","18.8192","314.0","INNSET I BARDU, NO","","","","","","","0",",","19850731","+,,E","","","0",",,E,31,+","","","",""
"NOE00111291","1985-08","68.6578","18.8192","314.0","INNSET I BARDU, NO","","","","","","","0",",","19850831","+,,E","","","0",",,E,31,+","","","",""
"NOE00111291","1985-09","68.6578","18.8192","314.0","INNSET I BARDU, NO","","","","","","","0",",","19850930","+,,E","","","0",",,E,30,+","","","",""
"NOE00111291","1985-10","68.6578","18.8192","314.0","INNSET I BARDU, NO","","","","","","","0",",","19851031","+,,E","","","0",",,E,31,+","","","",""
"NOE00111291","1985-11","68.6578","18.8192","314.0","INNSET I BARDU, NO","","","","","","","9",",","19851129","+,,E","","","300",",,E,29,+","","","",""
"NOE00111291","1985-12","68.6578","18.8192","314.0","INNSET I BARDU, NO","","","","","","","18",",","19851227",",,E","","","700",",,E,27,","","","",""
"NOE00111291","1986-01","68.6578","18.8192","314.0","INNSET I BARDU, NO","","","","","","","17",",","19860131","+,,E","","","850",",,E,31,+","","","",""
"NOE00111291","1986-02","68.6578","18.8192","314.0","INNSET I BARDU, NO","","","","","","","12",",","19860228",",,E","","","1020",",,E,28,","","","",""
"NOE00111291","1986-03","68.6578","18.8192","314.0","INNSET I BARDU, NO","","","","","","","16",",","19860307","+,,E","","","1190",",,E,07,+","","","",""
"NOE00111291","1986-04","68.6578","18.8192","314.0","INNSET I BARDU, NO","","","","","","","22",",","19860404",",,E","","","1050",",,E,04,","","","",""
"NOE00111291","1986-05","68.6578","18.8192","314.0","INNSET I BARDU, NO","","","","","","","5",",","19860502",",,E","","","530",",,E,02,","","","",""
"NOE00111291","1986-06","68.6578","18.8192","314.0","INNSET I BARDU, NO","","","","","","","0",",","19860630","+,,E","","","0",",,E,30,+","","","",""
"NOE00111291","1986-07","68.6578","18.8192","314.0","INNSET I BARDU, NO","","","","","","","0",",","19860731","+,,E","","","0",",,E,31,+","","","",""
"NOE00111291","1986-08","68.6578","18.8192","314.0","INNSET I BARDU, NO","","","","","","","0",",","19860831","+,,E","","","0",",,E,31,+","","","",""
"NOE00111291","1986-09","68.6578","18.8192","314.0","INNSET I BARDU, NO","","","","","","","4",",","19860926",",,E","","","100",",,E,26,","","","",""
"NOE00111291","1986-10","68.6578","18.8192","314.0","INNSET I BARDU, NO","","","","","","","3",",","19861010","+,,E","","","330",",,E,10,+","","","",""
"NOE00111291","1986-11","68.6578","18.8192","314.0","INNSET I BARDU, NO","","","","","","","20",",","19861114",",,E","","","200",",,E,14,","","","",""
"NOE00111291","1986-12","68.6578","18.8192","314.0","INNSET I BARDU, NO","","","","","","","23",",","19861216","+,,E","","","810",",,E,16,+","","","",""
"NOE00111291","1987-01","68.6578","18.8192","314.0","INNSET I BARDU, NO","","","","","","","21",",","19870130","+,,E","","","700",",,E,30,+","","","",""
"NOE00111291","1987-02","68.6578","18.8192","314.0","INNSET I BARDU, NO","","","","","","","21",",","19870216","+,,E","","","970",",,E,16,+","","","",""
"NOE00111291","1987-03","68.6578","18.8192","314.0","INNSET I BARDU, NO","","","","","","","23",",","19870301",",,E","","","920",",,E,01,","","","",""
"NOE00111291","1987-04","68.6578","18.8192","314.0","INNSET I BARDU, NO","","","","","","","16",",","19870401",",,E","","","600",",,E,01,","","","",""
"NOE00111291","1987-05","68.6578","18.8192","314.0","INNSET I BARDU, NO","","","","","","","15",",","19870508","+,,E","","","500",",,E,08,+","","","",""
"NOE00111291","1987-06","68.6578","18.8192","314.0","INNSET I BARDU, NO","","","","","","","0",",","19870630","+,,E","","","0",",,E,30,+","","","",""
"NOE00111291","1987-07","68.6578","18.8192","314.0","INNSET I BARDU, NO","","","","","","","0",",","19870731","+,,E","","","0",",,E,31,+","","","",""
"NOE00111291","1987-08","68.6578","18.8192","314.0","INNSET I BARDU, NO","","","","","","","0",",","19870831","+,,E","","","0",",,E,31,+","","","",""
"NOE00111291","1987-09","68.6578","18.8192","314.0","INNSET I BARDU, NO","","","","","","","0",",","19870930","+,,E","","","0",",,E,30,+","","","",""
"NOE00111291","1987-10","68.6578","18.8192","314.0","INNSET I BARDU, NO","","","","","","","0",",","19871031","+,,E","","","0",",,E,31,+","","","",""
"NOE00111291","1987-11","68.6578","18.8192","314.0","INNSET I BARDU, NO","","","","","","","21",",","19871120","+,,E","","","360",",,E,20,+","","","",""
"NOE00111291","1987-12","68.6578","18.8192","314.0","INNSET I BARDU, NO","","","","","","","18",",","19871218",",,E","","","990",",,E,18,","","","",""
"NOE00111291","1988-01","68.6578","18.8192","314.0","INNSET I BARDU, NO","","","","","","","22",",","19880101",",,E","","","970",",,E,01,","","","",""
"NOE00111291","1988-02","68.6578","18.8192","314.0","INNSET I BARDU, NO","","","","","","","21",",","19880216","+,,E","","","840",",,E,16,+","","","",""
"NOE00111291","1988-03","68.6578","18.8192","314.0","INNSET I BARDU, NO","","","","","","","22",",","19880324","+,,E","","","850",",,E,24,+","","","",""
"NOE00111291","1988-04","68.6578","18.8192","314.0","INNSET I BARDU, NO","","","","","","","5",",","19880415","+,,E","","","620",",,E,15,+","","","",""
"NOE00111291","1988-05","68.6578","18.8192","314.0","INNSET I BARDU, NO","","","","","","","14",",","19880503","+,,E","","","950",",,E,03,+","","","",""
"NOE00111291","1988-06","68.6578","18.8192","314.0","INNSET I BARDU, NO","","","","","","","0",",","19880630","+,,E","","","0",",,E,30,+","","","",""
"NOE00111291","1988-07","68.6578","18.8192","314.0","INNSET I BARDU, NO","","","","","","","0",",","19880731","+,,E","","","0",",,E,31,+","","","",""
"NOE00111291","1988-08","68.6578","18.8192","314.0","INNSET I BARDU, NO","","","","","","","0",",","19880831","+,,E","","","0",",,E,31,+","","","",""
"NOE00111291","1988-09","68.6578","18.8192","314.0","INNSET I BARDU, NO","","","","","","","0",",","19880930","+,,E","","","0",",,E,30,+","","","",""
"NOE00111291","1988-10","68.6578","18.8192","314.0","INNSET I BARDU, NO","","","","","","","4",",","19881031",",,E","","","130",",,E,31,","","","",""
"NOE00111291","1988-11","68.6578","18.8192","314.0","INNSET I BARDU, NO","","","","","","","13",",","19881118",",,E","","","250",",,E,18,","","","",""
"NOE00111291","1988-12","68.6578","18.8192","314.0","INNSET I BARDU, NO","","","","","","","4",",","19881230",",,E","","","620",",,E,30,","","","",""
"NOE00111291","1989-01","68.6578","18.8192","314.0","INNSET I BARDU, NO","","","","","","","22",",","19890130",",,E","","","950",",,E,30,","","","",""
"NOE00111291","1989-02","68.6578","18.8192","314.0","INNSET I BARDU, NO","","","","","","","20",",","19890228","+,,E","","","1150",",,E,28,+","","","",""
"NOE00111291","1989-03","68.6578","18.8192","314.0","INNSET I BARDU, NO","","","","","","","20",",","19890306","+,,E","","","1160",",,E,06,+","","","",""
"NOE00111291","1989-04","68.6578","18.8192","314.0","INNSET I BARDU, NO","","","","","","","20",",","19890405","+,,E","","","970",",,E,05,+","","","",""
"NOE00111291","1989-05","68.6578","18.8192","314.0","INNSET I BARDU, NO","","","","","","","3",",","19890505","+,,E","","","50",",,E,05,+","","","",""
"NOE00111291","1989-06","68.6578","18.8192","314.0","INNSET I BARDU, NO","","","","","","","0",",","19890630","+,,E","","","0",",,E,30,+","","","",""
"NOE00111291","1989-07","68.6578","18.8192","314.0","INNSET I BARDU, NO","","","","","","","0",",","19890731","+,,E","","","0",",,E,31,+","","","",""
"NOE00111291","1989-08","68.6578","18.8192","314.0","INNSET I BARDU, NO","","","","","","","0",",","19890831","+,,E","","","0",",,E,31,+","","","",""
"NOE00111291","1989-09","68.6578","18.8192","314.0","INNSET I BARDU, NO","","","","","","","0",",","19890930","+,,E","","","0",",,E,30,+","","","",""
"NOE00111291","1989-10","68.6578","18.8192","314.0","INNSET I BARDU, NO","","","","","","","3",",","19891031","+,,E","","","40",",,E,31,+","","","",""
"NOE00111291","1989-11","68.6578","18.8192","314.0","INNSET I BARDU, NO","","","","","","","14",",","19891128","+,,E","","","150",",,E,28,+","","","",""
"NOE00111291","1989-12","68.6578","18.8192","314.0","INNSET I BARDU, NO","","","","","","","19",",","19891229","+,,E","","","550",",,E,29,+","","","",""
"NOE00111291","1990-01","68.6578","18.8192","314.0","INNSET I BARDU, NO","","","","","","","22",",","19900110","+,,E","","","600",",,E,10,+","","","",""
"NOE00111291","1990-02","68.6578","18.8192","314.0","INNSET I BARDU, NO","","","","","","","20",",","19900202","+,,E","","","400",",,E,02,+","","","",""
"NOE00111291","1990-03","68.6578","18.8192","314.0","INNSET I BARDU, NO","","","","","","","17",",","19900309","+,,E","","","510",",,E,09,+","","","",""
"NOE00111291","1990-04","68.6578","18.8192","314.0","INNSET I BARDU, NO","","","","","","","20",",","19900413","+,,E","","","750",",,E,13,+","","","",""
"NOE00111291","1990-05","68.6578","18.8192","314.0","INNSET I BARDU, NO","","","","","","","0",",","19900531","+,,E","","","0",",,E,31,+","","","",""
"NOE00111291","1990-06","68.6578","18.8192","314.0","INNSET I BARDU, NO","","","","","","","0",",","19900630","+,,E","","","0",",,E,30,+","","","",""
"NOE00111291","1990-07","68.6578","18.8192","314.0","INNSET I BARDU, NO","","","","","","","0",",","19900731","+,,E","","","0",",,E,31,+","","","",""
"NOE00111291","1990-08","68.6578","18.8192","314.0","INNSET I BARDU, NO","","","","","","","0",",","19900831","+,,E","","","0",",,E,31,+","","","",""
"NOE00111291","1990-09","68.6578","18.8192","314.0","INNSET I BARDU, NO","","","","","","","0",",","19900930","+,,E","","","0",",,E,30,+","","","",""
"NOE00111291","1990-10","68.6578","18.8192","314.0","INNSET I BARDU, NO","","","","","","","0",",","19901019",",,E","","","20",",,E,19,","","","",""
"NOE00111291","1990-11","68.6578","18.8192","314.0","INNSET I BARDU, NO","","","","","","","18",",","19901130",",,E","","","500",",,E,30,","","","",""
"NOE00111291","1990-12","68.6578","18.8192","314.0","INNSET I BARDU, NO","","","","","","","18",",","19901214",",,E","","","830",",,E,14,","","","",""
"NOE00111291","1991-01","68.6578","18.8192","314.0","INNSET I BARDU, NO","","","","","","","0",",","19910131","+,,E","","","0",",,E,31,+","","","",""
"NOE00111291","1991-02","68.6578","18.8192","314.0","INNSET I BARDU, NO","","","","","","","0",",","19910228","+,,E","","","0",",,E,28,+","","","",""
"NOE00111291","1991-03","68.6578","18.8192","314.0","INNSET I BARDU, NO","","","","","","","0",",","19910331","+,,E","","","0",",,E,31,+","","","",""
"NOE00111291","1991-04","68.6578","18.8192","314.0","INNSET I BARDU, NO","","","","","","","7",",","19910405","+,,E","","","720",",,E,05,+","","","",""
"NOE00111291","1991-05","68.6578","18.8192","314.0","INNSET I BARDU, NO","","","","","","","10",",","19910508","+,,E","","","610",",,E,08,+","","","",""
"NOE00111291","1991-06","68.6578","18.8192","314.0","INNSET I BARDU, NO","","","","","","","0",",","19910630","+,,E","","","0",",,E,30,+","","","",""
"NOE00111291","1991-07","68.6578","18.8192","314.0","INNSET I BARDU, NO","","","","","","","0",",","19910731","+,,E","","","0",",,E,31,+","","","",""
"NOE00111291","1991-08","68.6578","18.8192","314.0","INNSET I BARDU, NO","","","","","","","0",",","19910831","+,,E","","","0",",,E,31,+","","","",""
"NOE00111291","1991-09","68.6578","18.8192","314.0","INNSET I BARDU, NO","","","","","","","0",",","19910930","+,,E","","","0",",,E,30,+","","","",""
"NOE00111291","1991-10","68.6578","18.8192","314.0","INNSET I BARDU, NO","","","","","","","3",",","19911023",",,E","","","300",",,E,23,","","","",""
"NOE00111291","1991-11","68.6578","18.8192","314.0","INNSET I BARDU, NO","","","","","","","19",",","19911125",",,E","","","480",",,E,25,","","","",""
"NOE00111291","1991-12","68.6578","18.8192","314.0","INNSET I BARDU, NO","","","","","","","18",",","19911230",",,E","","","950",",,E,30,","","","",""
"NOE00111291","1992-01","68.6578","18.8192","314.0","INNSET I BARDU, NO","","","","","","","22",",","19920117",",,E","","","1350",",,E,17,","","","",""
"NOE00111291","1992-02","68.6578","18.8192","314.0","INNSET I BARDU, NO","","","","","","","20",",","19920228","+,,E","","","1200",",,E,28,+","","","",""
"NOE00111291","1992-03","68.6578","18.8192","314.0","INNSET I BARDU, NO","","","","","","","22",",","19920316",",,E","","","1400",",,E,16,","","","",""
"NOE00111291","1992-04","68.6578","18.8192","314.0","INNSET I BARDU, NO","","","","","","","19",",","19920422","+,,E","","","1290",",,E,22,+","","","",""
"NOE00111291","1992-05","68.6578","18.8192","314.0","INNSET I BARDU, NO","","","","","","","14",",","19920504",",,E","","","920",",,E,04,","","","",""
"NOE00111291","1992-06","68.6578","18.8192","314.0","INNSET I BARDU, NO","","","","","","","0",",","19920630","+,,E","","","0",",,E,30,+","","","",""
"NOE00111291","1992-07","68.6578","18.8192","314.0","INNSET I BARDU, NO","","","","","","","0",",","19920731","+,,E","","","0",",,E,31,+","","","",""
"NOE00111291","1992-08","68.6578","18.8192","314.0","INNSET I BARDU, NO","","","","","","","0",",","19920831","+,,E","","","0",",,E,31,+","","","",""
"NOE00111291","1992-09","68.6578","18.8192","314.0","INNSET I BARDU, NO","","","","","","","0",",","19920930","+,,E","","","0",",,E,30,+","","","",""
"NOE00111291","1992-10","68.6578","18.8192","314.0","INNSET I BARDU, NO","","","","","","","12",",","19921030","+,,E","","","200",",,E,30,+","","","",""
"NOE00111291","1992-11","68.6578","18.8192","314.0","INNSET I BARDU, NO","","","","","","","22",",","19921130",",,E","","","250",",,E,30,","","","",""
"NOE00111291","1992-12","68.6578","18.8192","314.0","INNSET I BARDU, NO","","","","","","","20",",","19921231","+,,E","","","750",",,E,31,+","","","",""
"NOE00111291","1993-01","68.6578","18.8192","314.0","INNSET I BARDU, NO","","","","","","","20",",","19930129","+,,E","","","1060",",,E,29,+","","","",""
"NOE00111291","1993-02","68.6578","18.8192","314.0","INNSET I BARDU, NO","","","","","","","20",",","19930209",",,E","","","1480",",,E,09,","","","",""
"NOE00111291","1993-03","68.6578","18.8192","314.0","INNSET I BARDU, NO","","","","","","","23",",","19930312",",,E","","","1600",",,E,12,","","","",""
"NOE00111291","1993-04","68.6578","18.8192","314.0","INNSET I BARDU, NO","","","","","","","19",",","19930420",",,E","","","1540",",,E,20,","","","",""
"NOE00111291","1993-05","68.6578","18.8192","314.0","INNSET I BARDU, NO","","","","","","","18",",","19930504",",,E","","","1100",",,E,04,","","","",""
"NOE00111291","1993-06","68.6578","18.8192","314.0","INNSET I BARDU, NO","","","","","","","8",",","19930602","+,,E","","","200",",,E,02,+","","","",""
"NOE00111291","1993-07","68.6578","18.8192","314.0","INNSET I BARDU, NO","","","","","","","0",",","19930731","+,,E","","","0",",,E,31,+","","","",""
"NOE00111291","1993-08","68.6578","18.8192","314.0","INNSET I BARDU, NO","","","","","","","0",",","19930831","+,,E","","","0",",,E,31,+","","","",""
"NOE00111291","1993-09","68.6578","18.8192","314.0","INNSET I BARDU, NO","","","","","","","0",",","19930930","+,,E","","","0",",,E,30,+","","","",""
"NOE00111291","2006-01","68.6578","18.8192","314.0","INNSET I BARDU, NO","","","","","","","31",",","20060131","+,,E","","","620",",,E,31,+","","","",""
"NOE00111291","2011-01","68.6578","18.8192","314.0","INNSET I BARDU, NO","","","","","","","26","5,","20110131","+,5,E","","","600","5,,E,31,+","","","",""
"NOE00111291","2011-10","68.6578","18.8192","314.0","INNSET I BARDU, NO","19",",E","6",",E","0",",E","","","","","20111007",",,E","","","18.7",",,E,07,","64.2",",,,E"
"NOE00111291","2011-11","68.6578","18.8192","314.0","INNSET I BARDU, NO","19",",E","10",",E","0",",E","","","","","20111106",",,E","","","11.5",",,E,06,","81.2",",,,E"
"NOE00111291","2011-12","68.6578","18.8192","314.0","INNSET I BARDU, NO","14",",E","10",",E","0",",E","26","5,","20111228",",5,E","20111225",",,E","350","5,,E,28,","15.5",",,E,25,","92.7",",,,E"
"NOE00111291","2012-01","68.6578","18.8192","314.0","INNSET I BARDU, NO","8",",E","3",",E","0",",E","31",",","20120103","+,,E","20120115",",,E","250",",,E,03,+","3.8",",,E,15,","14.7",",,,E"
"NOE00111291","2012-02","68.6578","18.8192","314.0","INNSET I BARDU, NO","14",",E","6",",E","0",",E","","","","","20120210",",,E","","","13.9",",,E,10,","46.6",",,,E"
"NOE00111291","2012-03","68.6578","18.8192","314.0","INNSET I BARDU, NO","17",",E","12",",E","0",",E","","","","","20120326",",,E","","","16.0",",,E,26,","93.0",",,,E"
"NOE00111291","2012-04","68.6578","18.8192","314.0","INNSET I BARDU, NO","12",",E","7",",E","0",",E","","","","","20120430",",,E","","","7.8",",,E,30,","46.0",",,,E"
"NOE00111291","2012-05","68.6578","18.8192","314.0","INNSET I BARDU, NO","17",",E","10",",E","0",",E","","","","","20120527",",,E","","","13.4",",,E,27,","84.5",",,,E"
"NOE00111291","2012-06","68.6578","18.8192","314.0","INNSET I BARDU, NO","16",",E","6",",E","0",",E","","","","","20120620",",,E","","","17.2",",,E,20,","60.2",",,,E"
"NOE00111291","2012-07","68.6578","18.8192","314.0","INNSET I BARDU, NO","20",",E","8",",E","1",",E","","","","","20120714",",,E","","","78.9",",,E,14,","140.6",",,,E"
"NOE00111291","2012-08","68.6578","18.8192","314.0","INNSET I BARDU, NO","14",",E","2",",E","0",",E","","","","","20120825",",,E","","","7.1",",,E,25,","23.2",",,,E"
"NOE00111291","2012-09","68.6578","18.8192","314.0","INNSET I BARDU, NO","19",",E","9",",E","0",",E","","","","","20120905",",,E","","","18.0",",,E,05,","73.1",",,,E"
"NOE00111291","2012-10","68.6578","18.8192","314.0","INNSET I BARDU, NO","15",",E","10",",E","0",",E","","","","","20121023",",,E","","","15.9",",,E,23,","90.9",",,,E"
"NOE00111291","2012-11","68.6578","18.8192","314.0","INNSET I BARDU, NO","8",",E","2",",E","0",",E","","","","","20121114",",,E","","","3.7",",,E,14,","13.9",",,,E"
"NOE00111291","2012-12","68.6578","18.8192","314.0","INNSET I BARDU, NO","3",",E","1",",E","0",",E","","","","","20121228",",,E","","","3.6",",,E,28,","6.1",",,,E"
"NOE00111291","2013-01","68.6578","18.8192","314.0","INNSET I BARDU, NO","19",",E","13",",E","1",",E","","","","","20130118",",,E","","","30.7",",,E,18,","99.8",",,,E"
"NOE00111291","2013-02","68.6578","18.8192","314.0","INNSET I BARDU, NO","10",",E","7",",E","0",",E","","","","","20130225",",,E","","","17.9",",,E,25,","66.4",",,,E"
"NOE00111291","2013-03","68.6578","18.8192","314.0","INNSET I BARDU, NO","19",",E","7",",E","0",",E","","","","","20130306",",,E","","","11.6",",,E,06,","59.3",",,,E"
"NOE00111291","2013-04","68.6578","18.8192","314.0","INNSET I BARDU, NO","9",",E","4",",E","0",",E","","","","","20130419",",,E","","","5.3",",,E,19,","23.4",",,,E"
"NOE00111291","2013-05","68.6578","18.8192","314.0","INNSET I BARDU, NO","1",",E","1",",E","0",",E","","","","","20130524",",,E","","","3.2",",,E,24,","3.3",",,,E"
"NOE00111291","2013-06","68.6578","18.8192","314.0","INNSET I BARDU, NO","15",",E","8",",E","0",",E","","","","","20130607",",,E","","","20.5",",,E,07,","68.6",",,,E"
"NOE00111291","2013-07","68.6578","18.8192","314.0","INNSET I BARDU, NO","21",",E","12",",E","2",",E","","","","","20130702",",,E","","","32.4",",,E,02,","151.4",",,,E"
"NOE00111291","2013-08","68.6578","18.8192","314.0","INNSET I BARDU, NO","18",",E","9",",E","0",",E","","","","","20130804",",,E","","","16.7",",,E,04,","58.1",",,,E"
"NOE00111291","2013-09","68.6578","18.8192","314.0","INNSET I BARDU, NO","12",",E","4",",E","0",",E","","","","","20130921",",,E","","","14.7",",,E,21,","34.9",",,,E"
"NOE00111291","2013-10","68.6578","18.8192","314.0","INNSET I BARDU, NO","18",",E","12",",E","0",",E","17",",","20131021",",,E","20131011",",,E","290",",,E,21,","13.2",",,E,11,","99.5",",,,E"
"NOE00111291","2013-11","68.6578","18.8192","314.0","INNSET I BARDU, NO","20",",E","18",",E","1",",E","","","","","20131127",",,E","","","28.4",",,E,27,","166.8",",,,E"
"NOE00111291","2013-12","68.6578","18.8192","314.0","INNSET I BARDU, NO","18",",E","8",",E","2",",E","","","","","20131210",",,E","","","26.8",",,E,10,","116.8",",,,E"
"NOE00111291","2014-01","68.6578","18.8192","314.0","INNSET I BARDU, NO","2",",E","0",",E","0",",E","","","","","20140108",",,E","","","0.4",",,E,08,","0.7",",,,E"
"NOE00111291","2014-02","68.6578","18.8192","314.0","INNSET I BARDU, NO","7",",E","1",",E","0",",E","","","","","20140223",",,E","","","16.9",",,E,23,","23.1",",,,E"
"NOE00111291","2014-03","68.6578","18.8192","314.0","INNSET I BARDU, NO","19",",E","17",",E","0",",E","","","","","20140314",",,E","","","20.0",",,E,14,","116.7",",,,E"
"NOE00111291","2014-04","68.6578","18.8192","314.0","INNSET I BARDU, NO","19",",E","13",",E","0",",E","","","","","20140404",",,E","","","14.8",",,E,04,","80.2",",,,E"
"NOE00111291","2014-05","68.6578","18.8192","314.0","INNSET I BARDU, NO","9",",E","0",",E","0",",E","","","","","20140501",",,E","","","2.3",",,E,01,","10.3",",,,E"
"NOE00111291","2014-06","68.6578","18.8192","314.0","INNSET I BARDU, NO","15",",E","9",",E","0",",E","","","","","20140620",",,E","","","16.0",",,E,20,","62.8",",,,E"
"NOE00111291","2014-07","68.6578","18.8192","314.0","INNSET I BARDU, NO","9",",E","6",",E","0",",E","","","","","20140703",",,E","","","10.0",",,E,03,","40.3",",,,E"
"NOE00111291","2014-08","68.6578","18.8192","314.0","INNSET I BARDU, NO","11",",E","7",",E","0",",E","","","","","20140812",",,E","","","17.0",",,E,12,","62.3",",,,E"
"NOE00111291","2014-09","68.6578","18.8192","314.0","INNSET I BARDU, NO","20",",E","12",",E","1",",E","","","","","20140904",",,E","","","26.8",",,E,04,","123.8",",,,E"
"NOE00111291","2014-10","68.6578","18.8192","314.0","INNSET I BARDU, NO","10",",E","4",",E","0",",E","","","","","20141029",",,E","","","7.7",",,E,29,","30.5",",,,E"
"NOE00111291","2014-11","68.6578","18.8192","314.0","INNSET I BARDU, NO","11",",E","3",",E","0",",E","","","","","20141103",",,E","","","13.3",",,E,03,","31.0",",,,E"
"NOE00111291","2014-12","68.6578","18.8192","314.0","INNSET I BARDU, NO","16",",E","11",",E","0",",E","","","","","20141226",",,E","","","24.6",",,E,26,","105.4",",,,E"
"NOE00111291","2015-01","68.6578","18.8192","314.0","INNSET I BARDU, NO","7",",E","3",",E","0",",E","","","","","20150109",",,E","","","7.4",",,E,09,","17.1",",,,E"
"NOE00111291","2015-02","68.6578","18.8192","314.0","INNSET I BARDU, NO","14",",E","9",",E","0",",E","","","","","20150205",",,E","","","23.0",",,E,05,","122.3",",,,E"
"NOE00111291","2015-03","68.6578","18.8192","314.0","INNSET I BARDU, NO","18",",E","8",",E","0",",E","","","","","20150307",",,E","","","13.0",",,E,07,","66.8",",,,E"
"NOE00111291","2015-04","68.6578","18.8192","314.0","INNSET I BARDU, NO","18",",E","10",",E","0",",E","","","","","20150407",",,E","","","17.7",",,E,07,","85.6",",,,E"
"NOE00111291","2015-05","68.6578","18.8192","314.0","INNSET I BARDU, NO","16",",E","8",",E","0",",E","","","","","20150527",",,E","","","8.8",",,E,27,","48.9",",,,E"
"NOE00111291","2015-06","68.6578","18.8192","314.0","INNSET I BARDU, NO","20",",E","10",",E","0",",E","","","","","20150615",",,E","","","14.4",",,E,15,","76.9",",,,E"
"NOE00111291","2015-07","68.6578","18.8192","314.0","INNSET I BARDU, NO","15",",E","7",",E","0",",E","","","","","20150702",",,E","","","20.0",",,E,02,","79.1",",,,E"
"NOE00111291","2015-08","68.6578","18.8192","314.0","INNSET I BARDU, NO","13",",E","8",",E","0",",E","","","","","20150806",",,E","","","8.0",",,E,06,","46.2",",,,E"
"NOE00111291","2015-09","68.6578","18.8192","314.0","INNSET I BARDU, NO","17",",E","10",",E","0",",E","","","","","20150930",",,E","","","13.0",",,E,30,","77.7",",,,E"
"NOE00111291","2015-10","68.6578","18.8192","314.0","INNSET I BARDU, NO","20",",E","10",",E","0",",E","","","","","20151002",",,E","","","13.3",",,E,02,","72.2",",,,E"
"NOE00111291","2015-11","68.6578","18.8192","314.0","INNSET I BARDU, NO","10",",E","3",",E","0",",E","","","","","20151126",",,E","","","9.6",",,E,26,","25.1",",,,E"
"NOE00111291","2015-12","68.6578","18.8192","314.0","INNSET I BARDU, NO","21",",E","14",",E","0",",E","","","","","20151203",",,E","","","17.3",",,E,03,","122.6",",,,E"
"NOE00111291","2016-01","68.6578","18.8192","314.0","INNSET I BARDU, NO","7",",E","2",",E","0",",E","","","","","20160125",",,E","","","3.4",",,E,25,","12.6",",,,E"
"NOE00111291","2016-02","68.6578","18.8192","314.0","INNSET I BARDU, NO","11",",E","7",",E","0",",E","","","","","20160223",",,E","","","10.9",",,E,23,","45.8",",,,E"
"NOE00111291","2016-03","68.6578","18.8192","314.0","INNSET I BARDU, NO","10",",E","3",",E","0",",E","","","","","20160316",",,E","","","16.6",",,E,16,","37.4",",,,E"
