"STATION","DATE","LATITUDE","LONGITUDE","ELEVATION","NAME","DP01","DP01_ATTRIBUTES","DP10","DP10_ATTRIBUTES","DP1X","DP1X_ATTRIBUTES","DT00","DT00_ATTRIBUTES","DT32","DT32_ATTRIBUTES","DX32","DX32_ATTRIBUTES","DX70","DX70_ATTRIBUTES","DX90","DX90_ATTRIBUTES","DYNT","DYNT_ATTRIBUTES","DYXP","DYXP_ATTRIBUTES","DYXT","DYXT_ATTRIBUTES","EMNT","EMNT_ATTRIBUTES","EMXP","EMXP_ATTRIBUTES","EMXT","EMXT_ATTRIBUTES","PRCP","PRCP_ATTRIBUTES","TMAX","TMAX_ATTRIBUTES","TMIN","TMIN_ATTRIBUTES"
"RSM00037004","1959-01","44.567","38.017","27.0","GELENDZIK, RS","15",",I","11",",I","0",",I","","","","","","","","","","","","","19590126",",,I","","","","","17.4",",,I,26,","","","86.4",",,,I","","","",""
"RSM00037004","1959-02","44.567","38.017","27.0","GELENDZIK, RS","10",",I","6",",I","0",",I","","","","","","","","","","","","","19590228",",,I","","","","","17.0",",,I,28,","","","59.7",",,,I","","","",""
"RSM00037004","1959-03","44.567","38.017","27.0","GELENDZIK, RS","9","2,I","7","2,I","0","2,I","","","","","","","","","","","","","19590318",",2,I","","","","","12.5","2,,I,18,","","","55.8","2,,,I","","","",""
"RSM00037004","1959-04","44.567","38.017","27.0","GELENDZIK, RS","11","2,I","6","2,I","0","2,I","","","","","","","","","","","","","19590407",",2,I","","","","","20.6","2,,I,07,","","","50.0","2,,,I","","","",""
"RSM00037004","1959-05","44.567","38.017","27.0","GELENDZIK, RS","14","3,I","7","3,I","0","3,I","","","","","","","","","","","","","19590510",",3,I","","","","","18.9","3,,I,10,","","","74.4","3,,,I","","","",""
"RSM00037004","1959-06","44.567","38.017","27.0","GELENDZIK, RS","5","2,I","3","2,I","0","2,I","","","","","","","","","","","","","19590618",",2,I","","","","","20.1","2,,I,18,","","","39.6","2,,,I","","","",""
"RSM00037004","1959-07","44.567","38.017","27.0","GELENDZIK, RS","6",",I","3",",I","0",",I","","","","","","","","","","","","","19590710",",,I","","","","","9.2",",,I,10,","","","23.2",",,,I","","","",""
"RSM00037004","1959-08","44.567","38.017","27.0","GELENDZIK, RS","5",",I","1",",I","0",",I","","","","","","","","","","","","","19590805",",,I","","","","","8.0",",,I,05,","","","11.0",",,,I","","","",""
"RSM00037004","1959-09","44.567","38.017","27.0","GELENDZIK, RS","10","1,I","6","1,I","0","1,I","","","","","","","","","","","","","19590915",",1,I","","","","","22.9","1,,I,15,","","","63.5","1,,,I","","","",""
"RSM00037004","1959-10","44.567","38.017","27.0","GELENDZIK, RS","7",",I","4",",I","0",",I","","","","","","","","","","","","","19591004",",,I","","","","","14.8",",,I,04,","","","38.6",",,,I","","","",""
"RSM00037004","1959-11","44.567","38.017","27.0","GELENDZIK, RS","7",",I","5",",I","0",",I","","","","","","","","","","","","","19591118",",,I","","","","","22.2",",,I,18,","","","47.2",",,,I","","","",""
"RSM00037004","1959-12","44.567","38.017","27.0","GELENDZIK, RS","9","2,I","4","2,I","0","2,I","","","","","","","","","","","","","19591210",",2,I","","","","","7.0","2,,I,10,","","","24.3","2,,,I","","","",""
"RSM00037004","1960-01","44.567","38.017","27.0","GELENDZIK, RS","14","1,I","8","1,I","0","1,I","","","","","","","","","","","","","19600121",",1,I","","","","","12.9","1,,I,21,","","","54.7","1,,,I","","","",""
"RSM00037004","1960-02","44.567","38.017","27.0","GELENDZIK, RS","8","4,I","7","4,I","1","4,I","","","","","","","","","","","","","19600220",",4,I","","","","","26.1","4,,I,20,","","","65.1","4,,,I","","","",""
"RSM00037004","1960-03","44.567","38.017","27.0","GELENDZIK, RS","5","1,I","1","1,I","0","1,I","","","","","","","","","","","","","19600301",",1,I","","","","","12.3","1,,I,01,","","","15.9","1,,,I","","","",""
"RSM00037004","1960-04","44.567","38.017","27.0","GELENDZIK, RS","10",",I","3",",I","0",",I","","","","","","","","","","","","","19600422",",,I","","","","","5.1",",,I,22,","","","21.9",",,,I","","","",""
"RSM00037004","1960-05","44.567","38.017","27.0","GELENDZIK, RS","10",",I","6",",I","0",",I","","","","","","","","","","","","","19600516",",,I","","","","","22.2",",,I,16,","","","83.7",",,,I","","","",""
"RSM00037004","1960-06","44.567","38.017","27.0","GELENDZIK, RS","7",",I","5",",I","0",",I","","","","","","","","","","","","","19600626",",,I","","","","","22.5",",,I,26,","","","50.0",",,,I","","","",""
"RSM00037004","1960-07","44.567","38.017","27.0","GELENDZIK, RS","5",",I","3",",I","0",",I","","","","","","","","","","","","","19600716",",,I","","","","","11.0",",,I,16,","","","29.3",",,,I","","","",""
"RSM00037004","1960-08","44.567","38.017","27.0","GELENDZIK, RS","11",",I","7",",I","1",",I","","","","","","","","","","","","","19600801",",,I","","","","","47.2",",,I,01,","","","128.6",",,,I","","","",""
"RSM00037004","1960-09","44.567","38.017","27.0","GELENDZIK, RS","1",",I","0",",I","0",",I","","","","","","","","","","","","","19600924",",,I","","","","","0.6",",,I,24,","","","0.9",",,,I","","","",""
"RSM00037004","1960-10","44.567","38.017","27.0","GELENDZIK, RS","4","1,I","1","1,I","0","1,I","","","","","","","","","","","","","19601020",",1,I","","","","","9.3","1,,I,20,","","","12.6","1,,,I","","","",""
"RSM00037004","1960-11","44.567","38.017","27.0","GELENDZIK, RS","7","1,I","4","1,I","0","1,I","","","","","","","","","","","","","19601122",",1,I","","","","","21.5","1,,I,22,","","","65.1","1,,,I","","","",""
"RSM00037004","1960-12","44.567","38.017","27.0","GELENDZIK, RS","10",",I","5",",I","0",",I","","","","","","","","","","","","","19601215",",,I","","","","","21.1",",,I,15,","","","73.2",",,,I","","","",""
"RSM00037004","1961-01","44.567","38.017","27.0","GELENDZIK, RS","8",",I","6",",I","0",",I","","","","","","","","","","","","","19610124",",,I","","","","","10.6",",,I,24,","","","46.7",",,,I","","","",""
"RSM00037004","1961-02","44.567","38.017","27.0","GELENDZIK, RS","10",",I","3",",I","0",",I","","","","","","","","","","","","","19610207",",,I","","","","","13.9",",,I,07,","","","34.3",",,,I","","","",""
"RSM00037004","1961-03","44.567","38.017","27.0","GELENDZIK, RS","19",",I","12",",I","0",",I","","","","","","","","","","","","","19610306",",,I","","","","","22.2",",,I,06,","","","131.0",",,,I","","","",""
"RSM00037004","1961-04","44.567","38.017","27.0","GELENDZIK, RS","5",",I","2",",I","0",",I","","","","","","","","","","","","","19610426",",,I","","","","","13.0",",,I,26,","","","22.2",",,,I","","","",""
"RSM00037004","1961-05","44.567","38.017","27.0","GELENDZIK, RS","12",",I","3",",I","0",",I","","","","","","","","","","","","","19610528",",,I","","","","","15.9",",,I,28,","","","36.1",",,,I","","","",""
"RSM00037004","1961-06","44.567","38.017","27.0","GELENDZIK, RS","8",",I","6",",I","2",",I","","","","","","","","","","","","","19610605",",,I","","","","","30.6",",,I,05,","","","99.7",",,,I","","","",""
"RSM00037004","1961-07","44.567","38.017","27.0","GELENDZIK, RS","5",",I","2",",I","0",",I","","","","","","","","","","","","","19610711",",,I","","","","","17.4",",,I,11,","","","29.6",",,,I","","","",""
"RSM00037004","1961-08","44.567","38.017","27.0","GELENDZIK, RS","5",",I","4",",I","0",",I","","","","","","","","","","","","","19610822",",,I","","","","","17.7",",,I,22,","","","53.6",",,,I","","","",""
"RSM00037004","1961-09","44.567","38.017","27.0","GELENDZIK, RS","8",",I","3",",I","0",",I","","","","","","","","","","","","","19610910",",,I","","","","","22.3",",,I,10,","","","47.6",",,,I","","","",""
"RSM00037004","1961-10","44.567","38.017","27.0","GELENDZIK, RS","7","1,I","6","1,I","0","1,I","","","","","","","","","","","","","19611016",",1,I","","","","","15.0","1,,I,16,","","","56.1","1,,,I","","","",""
"RSM00037004","1961-11","44.567","38.017","27.0","GELENDZIK, RS","10","1,I","5","1,I","1","1,I","","","","","","","","","","","","","19611127",",1,I","","","","","27.9","1,,I,27,","","","74.1","1,,,I","","","",""
"RSM00037004","1961-12","44.567","38.017","27.0","GELENDZIK, RS","18",",I","12",",I","2",",I","","","","","","","","","","","","","19611218",",,I","","","","","40.4",",,I,18,","","","153.1",",,,I","","","",""
"RSM00037004","1962-01","44.567","38.017","27.0","GELENDZIK, RS","10",",I","4",",I","1",",I","","","","","","","","","","","","","19620103",",,I","","","","","47.0",",,I,03,","","","80.2",",,,I","","","",""
"RSM00037004","1962-02","44.567","38.017","27.0","GELENDZIK, RS","14",",I","12",",I","0",",I","","","","","","","","","","","","","19620222",",,I","","","","","16.5",",,I,22,","","","106.9",",,,I","","","",""
"RSM00037004","1962-03","44.567","38.017","27.0","GELENDZIK, RS","6","2,I","3","2,I","0","2,I","","","","","","","","","","","","","19620303",",2,I","","","","","23.0","2,,I,03,","","","34.5","2,,,I","","","",""
"RSM00037004","1962-04","44.567","38.017","27.0","GELENDZIK, RS","6","1,I","3","1,I","0","1,I","","","","","","","","","","","","","19620409",",1,I","","","","","21.5","1,,I,09,","","","59.3","1,,,I","","","",""
"RSM00037004","1962-05","44.567","38.017","27.0","GELENDZIK, RS","6",",I","4",",I","0",",I","","","","","","","","","","","","","19620510",",,I","","","","","8.0",",,I,10,","","","19.7",",,,I","","","",""
"RSM00037004","1962-06","44.567","38.017","27.0","GELENDZIK, RS","6","1,I","4","1,I","0","1,I","","","","","","","","","","","","","19620614",",1,I","","","","","11.7","1,,I,14,","","","29.2","1,,,I","","","",""
"RSM00037004","1962-07","44.567","38.017","27.0","GELENDZIK, RS","2","1,I","1","1,I","0","1,I","","","","","","","","","","","","","19620725",",1,I","","","","","3.0","1,,I,25,","","","3.7","1,,,I","","","",""
"RSM00037004","1962-08","44.567","38.017","27.0","GELENDZIK, RS","4",",I","3",",I","0",",I","","","","","","","","","","","","","19620821",",,I","","","","","4.0",",,I,21,","","","11.4",",,,I","","","",""
"RSM00037004","1962-09","44.567","38.017","27.0","GELENDZIK, RS","6",",I","2",",I","0",",I","","","","","","","","","","","","","19620910",",,I","","","","","18.9",",,I,10,","","","26.2",",,,I","","","",""
"RSM00037004","1962-10","44.567","38.017","27.0","GELENDZIK, RS","8",",I","4",",I","0",",I","","","","","","","","","","","","","19621016",",,I","","","","","9.8",",,I,16,","","","31.9",",,,I","","","",""
"RSM00037004","1962-11","44.567","38.017","27.0","GELENDZIK, RS","4","1,I","1","1,I","0","1,I","","","","","","","","","","","","","19621115",",1,I","","","","","13.9","1,,I,15,","","","18.7","1,,,I","","","",""
"RSM00037004","1962-12","44.567","38.017","27.0","GELENDZIK, RS","13",",I","8",",I","1",",I","","","","","","","","","","","","","19621219",",,I","","","","","34.3",",,I,19,","","","112.8",",,,I","","","",""
"RSM00037004","1963-01","44.567","38.017","27.0","GELENDZIK, RS","19",",I","14",",I","3",",I","","","","","","","","","","","","","19630113",",,I","","","","","47.1",",,I,13,","","","225.8",",,,I","","","",""
"RSM00037004","1963-02","44.567","38.017","27.0","GELENDZIK, RS","9",",I","4",",I","0",",I","","","","","","","","","","","","","19630216",",,I","","","","","11.0",",,I,16,","","","29.0",",,,I","","","",""
"RSM00037004","1963-03","44.567","38.017","27.0","GELENDZIK, RS","9",",I","4",",I","0",",I","","","","","","","","","","","","","19630308",",,I","","","","","13.1",",,I,08,","","","43.6",",,,I","","","",""
"RSM00037004","1963-04","44.567","38.017","27.0","GELENDZIK, RS","11",",I","9",",I","1",",I","","","","","","","","","","","","","19630404",",,I","","","","","26.0",",,I,04,","","","103.4",",,,I","","","",""
"RSM00037004","1963-05","44.567","38.017","27.0","GELENDZIK, RS","4","1,I","3","1,I","0","1,I","","","","","","","","","","","","","19630530",",1,I","","","","","22.0","1,,I,30,","","","41.1","1,,,I","","","",""
"RSM00037004","1963-06","44.567","38.017","27.0","GELENDZIK, RS","5",",I","4",",I","0",",I","","","","","","","","","","","","","19630615",",,I","","","","","17.0",",,I,15,","","","44.2",",,,I","","","",""
"RSM00037004","1963-07","44.567","38.017","27.0","GELENDZIK, RS","1",",I","0",",I","0",",I","","","","","","","","","","","","","19630717",",,I","","","","","0.4",",,I,17,","","","0.4",",,,I","","","",""
"RSM00037004","1963-08","44.567","38.017","27.0","GELENDZIK, RS","4",",I","2",",I","0",",I","","","","","","","","","","","","","19630827",",,I","","","","","6.0",",,I,27,","","","11.3",",,,I","","","",""
"RSM00037004","1963-09","44.567","38.017","27.0","GELENDZIK, RS","6",",I","4",",I","0",",I","","","","","","","","","","","","","19630915",",,I","","","","","20.4",",,I,15,","","","49.7",",,,I","","","",""
"RSM00037004","1963-10","44.567","38.017","27.0","GELENDZIK, RS","4",",I","4",",I","0",",I","","","","","","","","","","","","","19631012",",,I","","","","","16.9",",,I,12,","","","45.5",",,,I","","","",""
"RSM00037004","1963-11","44.567","38.017","27.0","GELENDZIK, RS","9","1,I","7","1,I","0","1,I","","","","","","","","","","","","","19631122",",1,I","","","","","15.0","1,,I,22,","","","55.7","1,,,I","","","",""
"RSM00037004","1963-12","44.567","38.017","27.0","GELENDZIK, RS","11","2,I","8","2,I","2","2,I","","","","","","","","","","","","","19631207",",2,I","","","","","37.2","2,,I,07,","","","123.1","2,,,I","","","",""
"RSM00037004","1964-04","44.567","38.017","27.0","GELENDZIK, RS","4","1,I","1","1,I","0","1,I","","","","","","","","","","","","","19640428",",1,I","","","","","8.0","1,,I,28,","","","10.3","1,,,I","","","",""
"RSM00037004","1964-05","44.567","38.017","27.0","GELENDZIK, RS","16","1,I","5","1,I","1","1,I","","","","","","","","","","","","","19640509",",1,I","","","","","37.9","1,,I,09,","","","71.8","1,,,I","","","",""
"RSM00037004","1964-06","44.567","38.017","27.0","GELENDZIK, RS","0","1,I","0","1,I","0","1,I","","","","","","","","","","","","","19640627",",1,I","","","","","0.0","1,T,I,27,","","","0.0","1,T,,I","","","",""
"RSM00037004","1964-07","44.567","38.017","27.0","GELENDZIK, RS","5",",I","3",",I","0",",I","","","","","","","","","","","","","19640719",",,I","","","","","10.0",",,I,19,","","","22.2",",,,I","","","",""
"RSM00037004","1964-08","44.567","38.017","27.0","GELENDZIK, RS","10","1,I","8","1,I","1","1,I","","","","","","","","","","","","","19640804",",1,I","","","","","34.3","1,,I,04,","","","101.6","1,,,I","","","",""
"RSM00037004","1964-09","44.567","38.017","27.0","GELENDZIK, RS","4","3,I","2","3,I","0","3,I","","","","","","","","","","","","","19640929",",3,I","","","","","21.8","3,,I,29,","","","36.4","3,,,I","","","",""
"RSM00037004","1964-10","44.567","38.017","27.0","GELENDZIK, RS","3","2,I","2","2,I","0","2,I","","","","","","","","","","","","","19641002",",2,I","","","","","5.5","2,,I,02,","","","10.3","2,,,I","","","",""
"RSM00037004","1964-11","44.567","38.017","27.0","GELENDZIK, RS","13","1,I","11","1,I","1","1,I","","","","","","","","","","","","","19641119",",1,I","","","","","37.7","1,,I,19,","","","140.2","1,,,I","","","",""
"RSM00037004","1964-12","44.567","38.017","27.0","GELENDZIK, RS","4","2,I","3","2,I","0","2,I","","","","","","","","","","","","","19641203",",2,I","","","","","7.9","2,,I,03,","","","21.9","2,,,I","","","",""
"RSM00037004","1965-01","44.567","38.017","27.0","GELENDZIK, RS","6",",I","4",",I","0",",I","","","","","","","","","","","","","19650107",",,I","","","","","6.9",",,I,07,","","","20.4",",,,I","","","",""
"RSM00037004","1965-02","44.567","38.017","27.0","GELENDZIK, RS","22",",I","13",",I","0",",I","","","","","","","","","","","","","19650226",",,I","","","","","17.6",",,I,26,","","","121.5",",,,I","","","",""
"RSM00037004","1965-03","44.567","38.017","27.0","GELENDZIK, RS","6","2,I","4","2,I","0","2,I","","","","","","","","","","","","","19650307",",2,I","","","","","8.8","2,,I,07,","","","28.7","2,,,I","","","",""
"RSM00037004","1965-04","44.567","38.017","27.0","GELENDZIK, RS","15","1,I","7","1,I","0","1,I","","","","","","","","","","","","","19650411",",1,I","","","","","21.1","1,,I,11,","","","76.9","1,,,I","","","",""
"RSM00037004","1965-05","44.567","38.017","27.0","GELENDZIK, RS","5","3,I","2","3,I","0","3,I","","","","","","","","","","","","","19650508",",3,I","","","","","8.6","3,,I,08,","","","17.4","3,,,I","","","",""
"RSM00037004","1965-06","44.567","38.017","27.0","GELENDZIK, RS","8",",I","4",",I","0",",I","","","","","","","","","","","","","19650626",",,I","","","","","5.6",",,I,26,","","","20.8",",,,I","","","",""
"RSM00037004","1965-07","44.567","38.017","27.0","GELENDZIK, RS","3",",I","3",",I","1",",I","","","","","","","","","","","","","19650712",",,I","","","","","36.0",",,I,12,","","","53.6",",,,I","","","",""
"RSM00037004","1965-08","44.567","38.017","27.0","GELENDZIK, RS","4",",I","3",",I","0",",I","","","","","","","","","","","","","19650804",",,I","","","","","12.9",",,I,04,","","","34.0",",,,I","","","",""
"RSM00037004","1965-09","44.567","38.017","27.0","GELENDZIK, RS","1",",I","0",",I","0",",I","","","","","","","","","","","","","19650909",",,I","","","","","0.3",",,I,09,","","","0.4",",,,I","","","",""
"RSM00037004","1965-10","44.567","38.017","27.0","GELENDZIK, RS","8","1,I","3","1,I","0","1,I","","","","","","","","","","","","","19651011",",1,I","","","","","20.8","1,,I,11,","","","40.0","1,,,I","","","",""
"RSM00037004","1965-11","44.567","38.017","27.0","GELENDZIK, RS","18",",I","10",",I","0",",I","","","","","","","","","","","","","19651120",",,I","","","","","24.3",",,I,20,","","","148.0",",,,I","","","",""
"RSM00037004","1965-12","44.567","38.017","27.0","GELENDZIK, RS","18",",I","9",",I","1",",I","","","","","","","","","","","","","19651229",",,I","","","","","27.0",",,I,29,","","","110.4",",,,I","","","",""
"RSM00037004","1966-03","44.567","38.017","27.0","GELENDZIK, RS","10",",I","5",",I","0",",I","","","","","","","","","","","","","19660328",",,I","","","","","15.2",",,I,28,","","","49.5",",,,I","","","",""
"RSM00037004","1966-04","44.567","38.017","27.0","GELENDZIK, RS","14","1,I","8","1,I","0","1,I","","","","","","","","","","","","","19660418",",1,I","","","","","15.6","1,,I,18,","","","74.1","1,,,I","","","",""
"RSM00037004","1966-05","44.567","38.017","27.0","GELENDZIK, RS","14",",I","6",",I","1",",I","","","","","","","","","","","","","19660525",",,I","","","","","58.9",",,I,25,","","","115.6",",,,I","","","",""
"RSM00037004","1966-06","44.567","38.017","27.0","GELENDZIK, RS","10",",I","6",",I","1",",I","","","","","","","","","","","","","19660611",",,I","","","","","30.5",",,I,11,","","","72.1",",,,I","","","",""
"RSM00037004","1966-07","44.567","38.017","27.0","GELENDZIK, RS","4",",I","3",",I","1",",I","","","","","","","","","","","","","19660726",",,I","","","","","40.4",",,I,26,","","","56.0",",,,I","","","",""
"RSM00037004","1966-08","44.567","38.017","27.0","GELENDZIK, RS","8","2,I","6","2,I","3","2,I","","","","","","","","","","","","","19660828",",2,I","","","","","47.1","2,,I,28,","","","160.2","2,,,I","","","",""
"RSM00037004","1966-09","44.567","38.017","27.0","GELENDZIK, RS","5",",I","2",",I","0",",I","","","","","","","","","","","","","19660925",",,I","","","","","17.9",",,I,25,","","","24.8",",,,I","","","",""
"RSM00037004","1966-10","44.567","38.017","27.0","GELENDZIK, RS","1",",I","1",",I","0",",I","","","","","","","","","","","","","19661028",",,I","","","","","4.1",",,I,28,","","","4.1",",,,I","","","",""
"RSM00037004","1966-11","44.567","38.017","27.0","GELENDZIK, RS","6",",I","3",",I","0",",I","","","","","","","","","","","","","19661116",",,I","","","","","10.6",",,I,16,","","","29.1",",,,I","","","",""
"RSM00037004","1966-12","44.567","38.017","27.0","GELENDZIK, RS","12",",I","7",",I","1",",I","","","","","","","","","","","","","19661216",",,I","","","","","35.6",",,I,16,","","","85.7",",,,I","","","",""
"RSM00037004","1967-01","44.567","38.017","27.0","GELENDZIK, RS","20","1,I","12","1,I","0","1,I","","","","","","","","","","","","","19670124",",1,I","","","","","20.5","1,,I,24,","","","97.5","1,,,I","","","",""
"RSM00037004","1967-02","44.567","38.017","27.0","GELENDZIK, RS","8",",I","4",",I","1",",I","","","","","","","","","","","","","19670206",",,I","","","","","45.0",",,I,06,","","","71.1",",,,I","","","",""
"RSM00037004","1967-03","44.567","38.017","27.0","GELENDZIK, RS","11",",I","6",",I","0",",I","","","","","","","","","","","","","19670325",",,I","","","","","22.9",",,I,25,","","","57.3",",,,I","","","",""
"RSM00037004","1967-04","44.567","38.017","27.0","GELENDZIK, RS","10",",I","6",",I","1",",I","","","","","","","","","","","","","19670404",",,I","","","","","29.7",",,I,04,","","","83.0",",,,I","","","",""
"RSM00037004","1967-05","44.567","38.017","27.0","GELENDZIK, RS","9",",I","6",",I","0",",I","","","","","","","","","","","","","19670528",",,I","","","","","22.0",",,I,28,","","","75.8",",,,I","","","",""
"RSM00037004","1967-06","44.567","38.017","27.0","GELENDZIK, RS","9",",I","3",",I","0",",I","","","","","","","","","","","","","19670618",",,I","","","","","12.9",",,I,18,","","","31.1",",,,I","","","",""
"RSM00037004","1967-07","44.567","38.017","27.0","GELENDZIK, RS","3",",I","2",",I","0",",I","","","","","","","","","","","","","19670711",",,I","","","","","6.1",",,I,11,","","","10.6",",,,I","","","",""
"RSM00037004","1967-08","44.567","38.017","27.0","GELENDZIK, RS","9",",I","5",",I","3",",I","","","","","","","","","","","","","19670820",",,I","","","","","75.0",",,I,20,","","","176.3",",,,I","","","",""
"RSM00037004","1967-09","44.567","38.017","27.0","GELENDZIK, RS","7",",I","5",",I","0",",I","","","","","","","","","","","","","19670927",",,I","","","","","17.9",",,I,27,","","","50.4",",,,I","","","",""
"RSM00037004","1967-10","44.567","38.017","27.0","GELENDZIK, RS","5",",I","2",",I","0",",I","","","","","","","","","","","","","19671003",",,I","","","","","12.1",",,I,03,","","","25.3",",,,I","","","",""
"RSM00037004","1967-11","44.567","38.017","27.0","GELENDZIK, RS","15",",I","13",",I","0",",I","","","","","","","","","","","","","19671125",",,I","","","","","22.7",",,I,25,","","","110.0",",,,I","","","",""
"RSM00037004","1967-12","44.567","38.017","27.0","GELENDZIK, RS","25",",I","18",",I","2",",I","","","","","","","","","","","","","19671213",",,I","","","","","27.2",",,I,13,","","","199.7",",,,I","","","",""
"RSM00037004","1968-01","44.567","38.017","27.0","GELENDZIK, RS","22","1,I","12","1,I","1","1,I","","","","","","","","","","","","","19680117",",1,I","","","","","32.1","1,,I,17,","","","145.9","1,,,I","","","",""
"RSM00037004","1968-02","44.567","38.017","27.0","GELENDZIK, RS","11","1,I","5","1,I","0","1,I","","","","","","","","","","","","","19680212",",1,I","","","","","17.2","1,,I,12,","","","59.0","1,,,I","","","",""
"RSM00037004","1968-03","44.567","38.017","27.0","GELENDZIK, RS","12",",I","8",",I","1",",I","","","","","","","","","","","","","19680312",",,I","","","","","84.4",",,I,12,","","","130.4",",,,I","","","",""
"RSM00037004","1968-04","44.567","38.017","27.0","GELENDZIK, RS","4",",I","3",",I","0",",I","","","","","","","","","","","","","19680411",",,I","","","","","22.2",",,I,11,","","","32.6",",,,I","","","",""
"RSM00037004","1968-05","44.567","38.017","27.0","GELENDZIK, RS","5",",I","4",",I","1",",I","","","","","","","","","","","","","19680520",",,I","","","","","37.6",",,I,20,","","","56.4",",,,I","","","",""
"RSM00037004","1968-06","44.567","38.017","27.0","GELENDZIK, RS","8",",I","4",",I","0",",I","","","","","","","","","","","","","19680623",",,I","","","","","11.0",",,I,23,","","","29.7",",,,I","","","",""
"RSM00037004","1968-07","44.567","38.017","27.0","GELENDZIK, RS","12",",I","4",",I","0",",I","","","","","","","","","","","","","19680701",",,I","","","","","12.9",",,I,01,","","","30.9",",,,I","","","",""
"RSM00037004","1968-08","44.567","38.017","27.0","GELENDZIK, RS","12",",I","5",",I","0",",I","","","","","","","","","","","","","19680811",",,I","","","","","6.5",",,I,11,","","","30.7",",,,I","","","",""
"RSM00037004","1968-09","44.567","38.017","27.0","GELENDZIK, RS","10",",I","5",",I","1",",I","","","","","","","","","","","","","19680929",",,I","","","","","35.7",",,I,29,","","","98.1",",,,I","","","",""
"RSM00037004","1968-10","44.567","38.017","27.0","GELENDZIK, RS","9",",I","3",",I","0",",I","","","","","","","","","","","","","19681012",",,I","","","","","16.6",",,I,12,","","","34.8",",,,I","","","",""
"RSM00037004","1968-11","44.567","38.017","27.0","GELENDZIK, RS","6",",I","1",",I","0",",I","","","","","","","","","","","","","19681115",",,I","","","","","3.1",",,I,15,","","","8.8",",,,I","","","",""
"RSM00037004","1968-12","44.567","38.017","27.0","GELENDZIK, RS","8",",I","3",",I","0",",I","","","","","","","","","","","","","19681210",",,I","","","","","18.5",",,I,10,","","","32.1",",,,I","","","",""
"RSM00037004","1969-01","44.567","38.017","27.0","GELENDZIK, RS","10",",I","5",",I","0",",I","","","","","","","","","","","","","19690110",",,I","","","","","23.1",",,I,10,","","","82.0",",,,I","","","",""
"RSM00037004","1969-02","44.567","38.017","27.0","GELENDZIK, RS","8",",I","5",",I","0",",I","","","","","","","","","","","","","19690213",",,I","","","","","11.2",",,I,13,","","","34.3",",,,I","","","",""
"RSM00037004","1969-03","44.567","38.017","27.0","GELENDZIK, RS","11",",I","3",",I","0",",I","","","","","","","","","","","","","19690330",",,I","","","","","15.5",",,I,30,","","","30.6",",,,I","","","",""
"RSM00037004","1969-04","44.567","38.017","27.0","GELENDZIK, RS","10","1,I","6","1,I","0","1,I","","","","","","","","","","","","","19690430",",1,I","","","","","8.8","1,,I,30,","","","36.4","1,,,I","","","",""
"RSM00037004","1969-05","44.567","38.017","27.0","GELENDZIK, RS","7",",I","2",",I","1",",I","","","","","","","","","","","","","19690514",",,I","","","","","30.4",",,I,14,","","","43.7",",,,I","","","",""
"RSM00037004","1969-06","44.567","38.017","27.0","GELENDZIK, RS","7",",I","1",",I","0",",I","","","","","","","","","","","","","19690630",",,I","","","","","8.4",",,I,30,","","","13.8",",,,I","","","",""
"RSM00037004","1969-07","44.567","38.017","27.0","GELENDZIK, RS","10",",I","6",",I","0",",I","","","","","","","","","","","","","19690729",",,I","","","","","15.3",",,I,29,","","","47.6",",,,I","","","",""
"RSM00037004","1969-08","44.567","38.017","27.0","GELENDZIK, RS","3",",I","1",",I","0",",I","","","","","","","","","","","","","19690821",",,I","","","","","3.3",",,I,21,","","","4.4",",,,I","","","",""
"RSM00037004","1969-09","44.567","38.017","27.0","GELENDZIK, RS","8",",I","2",",I","0",",I","","","","","","","","","","","","","19690919",",,I","","","","","20.2",",,I,19,","","","30.2",",,,I","","","",""
"RSM00037004","1969-10","44.567","38.017","27.0","GELENDZIK, RS","8",",I","6",",I","0",",I","","","","","","","","","","","","","19691030",",,I","","","","","14.3",",,I,30,","","","47.5",",,,I","","","",""
"RSM00037004","1969-11","44.567","38.017","27.0","GELENDZIK, RS","6",",I","6",",I","0",",I","","","","","","","","","","","","","19691111",",,I","","","","","19.0",",,I,11,","","","66.8",",,,I","","","",""
"RSM00037004","1969-12","44.567","38.017","27.0","GELENDZIK, RS","16",",I","10",",I","0",",I","","","","","","","","","","","","","19691213",",,I","","","","","13.9",",,I,13,","","","70.7",",,,I","","","",""
"RSM00037004","1970-01","44.567","38.017","27.0","GELENDZIK, RS","12","1,I","6","1,I","1","1,I","","","","","","","","","","","","","19700104",",1,I","","","","","27.1","1,,I,04,","","","66.4","1,,,I","","","",""
"RSM00037004","1970-02","44.567","38.017","27.0","GELENDZIK, RS","13",",I","8",",I","0",",I","","","","","","","","","","","","","19700218",",,I","","","","","23.8",",,I,18,","","","100.8",",,,I","","","",""
"RSM00037004","1970-03","44.567","38.017","27.0","GELENDZIK, RS","13",",I","8",",I","0",",I","","","","","","","","","","","","","19700330",",,I","","","","","16.0",",,I,30,","","","65.0",",,,I","","","",""
"RSM00037004","1970-04","44.567","38.017","27.0","GELENDZIK, RS","9",",I","3",",I","0",",I","","","","","","","","","","","","","19700406",",,I","","","","","18.3",",,I,06,","","","34.9",",,,I","","","",""
"RSM00037004","1970-05","44.567","38.017","27.0","GELENDZIK, RS","14",",I","4",",I","0",",I","","","","","","","","","","","","","19700506",",,I","","","","","24.7",",,I,06,","","","65.3",",,,I","","","",""
"RSM00037004","1970-06","44.567","38.017","27.0","GELENDZIK, RS","10",",I","7",",I","2",",I","","","","","","","","","","","","","19700609",",,I","","","","","30.2",",,I,09,","","","123.4",",,,I","","","",""
"RSM00037004","1970-07","44.567","38.017","27.0","GELENDZIK, RS","4",",I","1",",I","0",",I","","","","","","","","","","","","","19700729",",,I","","","","","4.6",",,I,29,","","","7.7",",,,I","","","",""
"RSM00037004","1970-08","44.567","38.017","27.0","GELENDZIK, RS","7",",I","4",",I","0",",I","","","","","","","","","","","","","19700827",",,I","","","","","19.3",",,I,27,","","","49.1",",,,I","","","",""
"RSM00037004","1970-09","44.567","38.017","27.0","GELENDZIK, RS","4",",I","3",",I","1",",I","","","","","","","","","","","","","19700907",",,I","","","","","25.5",",,I,07,","","","38.5",",,,I","","","",""
"RSM00037004","1970-10","44.567","38.017","27.0","GELENDZIK, RS","9",",I","6",",I","0",",I","","","","","","","","","","","","","19701030",",,I","","","","","16.9",",,I,30,","","","54.3",",,,I","","","",""
"RSM00037004","1970-11","44.567","38.017","27.0","GELENDZIK, RS","16",",I","12",",I","1",",I","","","","","","","","","","","","","19701125",",,I","","","","","44.0",",,I,25,","","","142.4",",,,I","","","",""
"RSM00037004","1970-12","44.567","38.017","27.0","GELENDZIK, RS","18",",I","11",",I","0",",I","","","","","","","","","","","","","19701231",",,I","","","","","24.3",",,I,31,","","","112.6",",,,I","","","",""
"RSM00037004","1971-01","44.567","38.017","27.0","GELENDZIK, RS","4","1,I","2","1,I","0","1,I","","","","","","","","","","","","","19710101",",1,I","","","","","5.2","1,,I,01,","","","9.6","1,,,I","","","",""
"RSM00037004","1971-02","44.567","38.017","27.0","GELENDZIK, RS","12",",I","7",",I","1",",I","","","","","","","","","","","","","19710209",",,I","","","","","30.4",",,I,09,","","","87.3",",,,I","","","",""
"RSM00037004","1971-03","44.567","38.017","27.0","GELENDZIK, RS","15",",I","7",",I","0",",I","","","","","","","","","","","","","19710311",",,I","","","","","15.5",",,I,11,","","","63.7",",,,I","","","",""
"RSM00037004","1971-04","44.567","38.017","27.0","GELENDZIK, RS","5",",I","1",",I","0",",I","","","","","","","","","","","","","19710414",",,I","","","","","3.6",",,I,14,","","","6.7",",,,I","","","",""
"RSM00037004","1971-05","44.567","38.017","27.0","GELENDZIK, RS","6",",I","2",",I","0",",I","","","","","","","","","","","","","19710511",",,I","","","","","11.1",",,I,11,","","","17.6",",,,I","","","",""
"RSM00037004","1971-06","44.567","38.017","27.0","GELENDZIK, RS","8",",I","5",",I","1",",I","","","","","","","","","","","","","19710601",",,I","","","","","62.0",",,I,01,","","","96.5",",,,I","","","",""
"RSM00037004","1971-07","44.567","38.017","27.0","GELENDZIK, RS","7",",I","1",",I","0",",I","","","","","","","","","","","","","19710714",",,I","","","","","5.6",",,I,14,","","","11.8",",,,I","","","",""
"RSM00037004","1971-08","44.567","38.017","27.0","GELENDZIK, RS","7","1,I","5","1,I","1","1,I","","","","","","","","","","","","","19710816",",1,I","","","","","28.4","1,,I,16,","","","55.7","1,,,I","","","",""
"RSM00037004","1971-09","44.567","38.017","27.0","GELENDZIK, RS","1",",I","1",",I","1",",I","","","","","","","","","","","","","19710908",",,I","","","","","30.0",",,I,08,","","","30.1",",,,I","","","",""
"RSM00037004","1971-10","44.567","38.017","27.0","GELENDZIK, RS","8",",I","4",",I","0",",I","","","","","","","","","","","","","19711026",",,I","","","","","22.1",",,I,26,","","","72.7",",,,I","","","",""
"RSM00037004","1971-11","44.567","38.017","27.0","GELENDZIK, RS","11","2,I","6","2,I","0","2,I","","","","","","","","","","","","","19711127",",2,I","","","","","15.5","2,,I,27,","","","58.2","2,,,I","","","",""
"RSM00037004","1971-12","44.567","38.017","27.0","GELENDZIK, RS","17","1,I","12","1,I","1","1,I","","","","","","","","","","","","","19711217",",1,I","","","","","44.2","1,,I,17,","","","133.9","1,,,I","","","",""
"RSM00037004","1972-01","44.567","38.017","27.0","GELENDZIK, RS","3",",I","2",",I","0",",I","","","","","","","","","","","","","19720111",",,I","","","","","20.3",",,I,11,","","","30.5",",,,I","","","",""
"RSM00037004","1972-02","44.567","38.017","27.0","GELENDZIK, RS","2",",I","1",",I","0",",I","","","","","","","","","","","","","19720216",",,I","","","","","4.2",",,I,16,","","","5.2",",,,I","","","",""
"RSM00037004","1972-03","44.567","38.017","27.0","GELENDZIK, RS","6",",I","3",",I","0",",I","","","","","","","","","","","","","19720325",",,I","","","","","4.3",",,I,25,","","","15.3",",,,I","","","",""
"RSM00037004","1972-04","44.567","38.017","27.0","GELENDZIK, RS","10",",I","5",",I","0",",I","","","","","","","","","","","","","19720427",",,I","","","","","14.1",",,I,27,","","","40.3",",,,I","","","",""
"RSM00037004","1972-05","44.567","38.017","27.0","GELENDZIK, RS","5",",I","1",",I","0",",I","","","","","","","","","","","","","19720505",",,I","","","","","9.4",",,I,05,","","","13.4",",,,I","","","",""
"RSM00037004","1972-06","44.567","38.017","27.0","GELENDZIK, RS","9",",I","6",",I","0",",I","","","","","","","","","","","","","19720622",",,I","","","","","15.8",",,I,22,","","","57.8",",,,I","","","",""
"RSM00037004","1972-07","44.567","38.017","27.0","GELENDZIK, RS","8",",I","6",",I","3",",I","","","","","","","","","","","","","19720706",",,I","","","","","50.4",",,I,06,","","","169.1",",,,I","","","",""
"RSM00037004","1972-08","44.567","38.017","27.0","GELENDZIK, RS","5",",I","2",",I","0",",I","","","","","","","","","","","","","19720811",",,I","","","","","19.5",",,I,11,","","","25.8",",,,I","","","",""
"RSM00037004","1972-09","44.567","38.017","27.0","GELENDZIK, RS","12",",I","9",",I","1",",I","","","","","","","","","","","","","19720902",",,I","","","","","44.3",",,I,02,","","","97.2",",,,I","","","",""
"RSM00037004","1972-10","44.567","38.017","27.0","GELENDZIK, RS","9",",I","5",",I","0",",I","","","","","","","","","","","","","19721024",",,I","","","","","17.8",",,I,24,","","","63.4",",,,I","","","",""
"RSM00037004","1972-11","44.567","38.017","27.0","GELENDZIK, RS","14",",I","10",",I","0",",I","","","","","","","","","","","","","19721124","+,,I","","","","","15.7",",,I,24,+","","","119.7",",,,I","","","",""
"RSM00037004","1972-12","44.567","38.017","27.0","GELENDZIK, RS","3",",I","1",",I","0",",I","","","","","","","","","","","","","19721218",",,I","","","","","3.2",",,I,18,","","","5.8",",,,I","","","",""
"RSM00037004","1973-01","44.567","38.017","27.0","GELENDZIK, RS","8",",I","4",",I","0",",I","","","","","","","","","","","","","19730112",",,I","","","","","5.8",",,I,12,","","","23.3",",,,I","","","",""
"RSM00037004","1973-02","44.567","38.017","27.0","GELENDZIK, RS","13",",I","6",",I","0",",I","","","","","","","","","","","","","19730225",",,I","","","","","12.3",",,I,25,","","","38.9",",,,I","","","",""
"RSM00037004","1973-03","44.567","38.017","27.0","GELENDZIK, RS","13",",I","9",",I","0",",I","","","","","","","","","","","","","19730320",",,I","","","","","25.0",",,I,20,","","","89.0",",,,I","","","",""
"RSM00037004","1973-04","44.567","38.017","27.0","GELENDZIK, RS","12",",I","5",",I","0",",I","","","","","","","","","","","","","19730417",",,I","","","","","14.6",",,I,17,","","","40.7",",,,I","","","",""
"RSM00037004","1973-05","44.567","38.017","27.0","GELENDZIK, RS","12",",I","8",",I","0",",I","","","","","","","","","","","","","19730517",",,I","","","","","20.5",",,I,17,","","","72.0",",,,I","","","",""
"RSM00037004","1973-06","44.567","38.017","27.0","GELENDZIK, RS","9",",I","4",",I","1",",I","","","","","","","","","","","","","19730613",",,I","","","","","26.7",",,I,13,","","","58.6",",,,I","","","",""
"RSM00037004","1973-08","44.567","38.017","27.0","GELENDZIK, RS","7",",I","3",",I","1",",I","","","","","","","","","","","","","19730811",",,I","","","","","31.5",",,I,11,","","","41.8",",,,I","","","",""
"RSM00037004","1973-09","44.567","38.017","27.0","GELENDZIK, RS","5",",I","2",",I","0",",I","","","","","","","","","","","","","19730909",",,I","","","","","9.2",",,I,09,","","","14.3",",,,I","","","",""
"RSM00037004","1973-10","44.567","38.017","27.0","GELENDZIK, RS","10",",I","7",",I","0",",I","","","","","","","","","","","","","19731016",",,I","","","","","14.4",",,I,16,","","","64.5",",,,I","","","",""
"RSM00037004","1973-11","44.567","38.017","27.0","GELENDZIK, RS","18",",I","14",",I","1",",I","","","","","","","","","","","","","19731108",",,I","","","","","31.9",",,I,08,","","","139.7",",,,I","","","",""
"RSM00037004","1974-01","44.567","38.017","27.0","GELENDZIK, RS","9",",I","5",",I","0",",I","","","","","","","","","","","","","19740127",",,I","","","","","14.1",",,I,27,","","","40.5",",,,I","","","",""
"RSM00037004","1974-02","44.567","38.017","27.0","GELENDZIK, RS","8",",I","5",",I","0",",I","","","","","","","","","","","","","19740226",",,I","","","","","17.7",",,I,26,","","","38.5",",,,I","","","",""
"RSM00037004","1974-03","44.567","38.017","27.0","GELENDZIK, RS","8",",I","2",",I","0",",I","","","","","","","","","","","","","19740317",",,I","","","","","7.3",",,I,17,","","","16.7",",,,I","","","",""
"RSM00037004","1974-04","44.567","38.017","27.0","GELENDZIK, RS","11",",I","6",",I","0",",I","","","","","","","","","","","","","19740428",",,I","","","","","12.2",",,I,28,","","","40.2",",,,I","","","",""
"RSM00037004","1974-05","44.567","38.017","27.0","GELENDZIK, RS","8",",I","5",",I","0",",I","","","","","","","","","","","","","19740502",",,I","","","","","19.5",",,I,02,","","","40.4",",,,I","","","",""
"RSM00037004","1974-06","44.567","38.017","27.0","GELENDZIK, RS","8",",I","3",",I","0",",I","","","","","","","","","","","","","19740627",",,I","","","","","22.4",",,I,27,","","","53.2",",,,I","","","",""
"RSM00037004","1974-07","44.567","38.017","27.0","GELENDZIK, RS","3",",I","2",",I","0",",I","","","","","","","","","","","","","19740710",",,I","","","","","9.5",",,I,10,","","","14.1",",,,I","","","",""
"RSM00037004","1974-08","44.567","38.017","27.0","GELENDZIK, RS","7",",I","3",",I","0",",I","","","","","","","","","","","","","19740816",",,I","","","","","20.8",",,I,16,","","","44.9",",,,I","","","",""
"RSM00037004","1974-09","44.567","38.017","27.0","GELENDZIK, RS","5",",I","5",",I","1",",I","","","","","","","","","","","","","19740928",",,I","","","","","31.4",",,I,28,","","","80.6",",,,I","","","",""
"RSM00037004","1974-10","44.567","38.017","27.0","GELENDZIK, RS","7",",I","3",",I","1",",I","","","","","","","","","","","","","19741029",",,I","","","","","31.9",",,I,29,","","","42.6",",,,I","","","",""
"RSM00037004","1974-11","44.567","38.017","27.0","GELENDZIK, RS","10",",I","4",",I","0",",I","","","","","","","","","","","","","19741105",",,I","","","","","20.4",",,I,05,","","","58.4",",,,I","","","",""
"RSM00037004","1974-12","44.567","38.017","27.0","GELENDZIK, RS","15",",I","12",",I","3",",I","","","","","","","","","","","","","19741208",",,I","","","","","48.9",",,I,08,","","","229.6",",,,I","","","",""
"RSM00037004","1975-01","44.567","38.017","27.0","GELENDZIK, RS","15",",I","13",",I","1",",I","","","","","","","","","","","","","19750109",",,I","","","","","42.0",",,I,09,","","","138.7",",,,I","","","",""
"RSM00037004","1975-02","44.567","38.017","27.0","GELENDZIK, RS","14",",I","5",",I","0",",I","","","","","","","","","","","","","19750208",",,I","","","","","9.3",",,I,08,","","","43.4",",,,I","","","",""
"RSM00037004","1975-03","44.567","38.017","27.0","GELENDZIK, RS","10",",I","7",",I","0",",I","","","","","","","","","","","","","19750324",",,I","","","","","12.9",",,I,24,","","","67.0",",,,I","","","",""
"RSM00037004","1975-04","44.567","38.017","27.0","GELENDZIK, RS","12",",I","8",",I","0",",I","","","","","","","","","","","","","19750421",",,I","","","","","19.4",",,I,21,","","","74.1",",,,I","","","",""
"RSM00037004","1975-05","44.567","38.017","27.0","GELENDZIK, RS","5",",I","2",",I","0",",I","","","","","","","","","","","","","19750517",",,I","","","","","10.1",",,I,17,","","","15.5",",,,I","","","",""
"RSM00037004","1975-06","44.567","38.017","27.0","GELENDZIK, RS","4",",I","3",",I","0",",I","","","","","","","","","","","","","19750610",",,I","","","","","23.5",",,I,10,","","","34.4",",,,I","","","",""
"RSM00037004","1975-07","44.567","38.017","27.0","GELENDZIK, RS","3",",I","2",",I","0",",I","","","","","","","","","","","","","19750709",",,I","","","","","8.2",",,I,09,","","","11.9",",,,I","","","",""
"RSM00037004","1975-08","44.567","38.017","27.0","GELENDZIK, RS","2",",I","1",",I","0",",I","","","","","","","","","","","","","19750814",",,I","","","","","11.4",",,I,14,","","","12.0",",,,I","","","",""
"RSM00037004","1975-09","44.567","38.017","27.0","GELENDZIK, RS","5",",I","3",",I","1",",I","","","","","","","","","","","","","19750908",",,I","","","","","28.3",",,I,08,","","","49.8",",,,I","","","",""
"RSM00037004","1975-10","44.567","38.017","27.0","GELENDZIK, RS","9",",I","4",",I","1",",I","","","","","","","","","","","","","19751010",",,I","","","","","43.0",",,I,10,","","","79.2",",,,I","","","",""
"RSM00037004","1975-11","44.567","38.017","27.0","GELENDZIK, RS","7","1,I","4","1,I","0","1,I","","","","","","","","","","","","","19751122",",1,I","","","","","24.1","1,,I,22,","","","55.1","1,,,I","","","",""
"RSM00037004","1975-12","44.567","38.017","27.0","GELENDZIK, RS","11",",I","9",",I","1",",I","","","","","","","","","","","","","19751219",",,I","","","","","51.8",",,I,19,","","","127.8",",,,I","","","",""
"RSM00037004","1976-01","44.567","38.017","27.0","GELENDZIK, RS","23",",I","14",",I","0",",I","","","","","","","","","","","","","19760104",",,I","","","","","24.0",",,I,04,","","","176.6",",,,I","","","",""
"RSM00037004","1976-02","44.567","38.017","27.0","GELENDZIK, RS","4",",I","3",",I","0",",I","","","","","","","","","","","","","19760213",",,I","","","","","4.7",",,I,13,","","","11.0",",,,I","","","",""
"RSM00037004","1976-04","44.567","38.017","27.0","GELENDZIK, RS","6",",I","3",",I","0",",I","","","","","","","","","","","","","19760428",",,I","","","","","5.4",",,I,28,","","","16.0",",,,I","","","",""
"RSM00037004","1976-05","44.567","38.017","27.0","GELENDZIK, RS","8",",I","5",",I","0",",I","","","","","","","","","","","","","19760508",",,I","","","","","11.2",",,I,08,","","","30.2",",,,I","","","",""
"RSM00037004","1976-06","44.567","38.017","27.0","GELENDZIK, RS","8",",I","6",",I","0",",I","","","","","","","","","","","","","19760613",",,I","","","","","23.8",",,I,13,","","","56.2",",,,I","","","",""
"RSM00037004","1976-07","44.567","38.017","27.0","GELENDZIK, RS","6",",I","3",",I","0",",I","","","","","","","","","","","","","19760717",",,I","","","","","15.6",",,I,17,","","","31.4",",,,I","","","",""
"RSM00037004","1976-08","44.567","38.017","27.0","GELENDZIK, RS","7",",I","4",",I","1",",I","","","","","","","","","","","","","19760823",",,I","","","","","72.9",",,I,23,","","","92.4",",,,I","","","",""
"RSM00037004","1976-09","44.567","38.017","27.0","GELENDZIK, RS","13",",I","8",",I","0",",I","","","","","0","4,S","16","4,S","0","4,S","","","19760920",",,I","19760911","+,4,S","","","20.6",",,I,20,","25.0","4,S,11,+","89.7",",,,I","21.96","4,,,S","",""
"RSM00037004","1976-10","44.567","38.017","27.0","GELENDZIK, RS","5",",I","2",",I","0",",I","","","","","","","","","","","","","19761024",",,I","","","","","8.7",",,I,24,","","","14.8",",,,I","","","",""
"RSM00037004","1976-11","44.567","38.017","27.0","GELENDZIK, RS","6",",I","4",",I","1",",I","","","","","","","","","","","","","19761102",",,I","","","","","31.5",",,I,02,","","","66.1",",,,I","","","",""
"RSM00037004","1976-12","44.567","38.017","27.0","GELENDZIK, RS","14","1,I","5","1,I","0","1,I","","","","","","","","","","","","","19761204",",1,I","","","","","21.4","1,,I,04,","","","64.1","1,,,I","","","",""
"RSM00037004","1977-01","44.567","38.017","27.0","GELENDZIK, RS","8",",I","6",",I","0",",I","","","","","","","","","","","","","19770110",",,I","","","","","9.2",",,I,10,","","","42.9",",,,I","","","",""
"RSM00037004","1977-02","44.567","38.017","27.0","GELENDZIK, RS","11",",I","7",",I","1",",I","","","","","","","","","","","","","19770212",",,I","","","","","26.0",",,I,12,","","","71.1",",,,I","","","",""
"RSM00037004","1977-03","44.567","38.017","27.0","GELENDZIK, RS","8",",I","2",",I","0",",I","","","","","","","","","","","","","19770306",",,I","","","","","11.7",",,I,06,","","","26.5",",,,I","","","",""
"RSM00037004","1977-04","44.567","38.017","27.0","GELENDZIK, RS","11",",I","8",",I","0",",I","","","","","","","","","","","","","19770420",",,I","","","","","24.2",",,I,20,","","","101.8",",,,I","","","",""
"RSM00037004","1977-05","44.567","38.017","27.0","GELENDZIK, RS","9",",I","4",",I","0",",I","","","","","","","","","","","","","19770514",",,I","","","","","13.7",",,I,14,","","","35.0",",,,I","","","",""
"RSM00037004","1977-06","44.567","38.017","27.0","GELENDZIK, RS","11",",I","6",",I","1",",I","","","","","","","","","","","","","19770624",",,I","","","","","31.9",",,I,24,","","","61.3",",,,I","","","",""
"RSM00037004","1977-07","44.567","38.017","27.0","GELENDZIK, RS","8",",I","6",",I","0",",I","","","","","","","","","","","","","19770712",",,I","","","","","20.1",",,I,12,","","","59.0",",,,I","","","",""
"RSM00037004","1977-08","44.567","38.017","27.0","GELENDZIK, RS","6",",I","4",",I","1",",I","","","","","","","","","","","","","19770817",",,I","","","","","39.5",",,I,17,","","","84.9",",,,I","","","",""
"RSM00037004","1977-09","44.567","38.017","27.0","GELENDZIK, RS","7",",I","4",",I","0",",I","","","","","","","","","","","","","19770925",",,I","","","","","19.5",",,I,25,","","","38.2",",,,I","","","",""
"RSM00037004","1977-10","44.567","38.017","27.0","GELENDZIK, RS","2",",I","2",",I","0",",I","","","","","","","","","","","","","19771028",",,I","","","","","5.0",",,I,28,","","","8.6",",,,I","","","",""
"RSM00037004","1977-11","44.567","38.017","27.0","GELENDZIK, RS","10",",I","6",",I","1",",I","","","","","","","","","","","","","19771111",",,I","","","","","28.1",",,I,11,","","","71.0",",,,I","","","",""
"RSM00037004","1977-12","44.567","38.017","27.0","GELENDZIK, RS","9",",I","7",",I","2",",I","","","","","","","","","","","","","19771231",",,I","","","","","52.2",",,I,31,","","","114.2",",,,I","","","",""
"RSM00037004","1978-01","44.567","38.017","27.0","GELENDZIK, RS","14",",I","5",",I","0",",I","","","","","","","","","","","","","19780106",",,I","","","","","14.2",",,I,06,","","","63.4",",,,I","","","",""
"RSM00037004","1978-02","44.567","38.017","27.0","GELENDZIK, RS","13",",I","9",",I","1",",I","","","","","","","","","","","","","19780221",",,I","","","","","26.2",",,I,21,","","","75.5",",,,I","","","",""
"RSM00037004","1978-03","44.567","38.017","27.0","GELENDZIK, RS","7",",I","4",",I","0",",I","","","","","","","","","","","","","19780309",",,I","","","","","12.1",",,I,09,","","","31.5",",,,I","","","",""
"RSM00037004","1978-04","44.567","38.017","27.0","GELENDZIK, RS","13",",I","8",",I","0",",I","","","","","","","","","","","","","19780407",",,I","","","","","14.8",",,I,07,","","","64.6",",,,I","","","",""
"RSM00037004","1978-05","44.567","38.017","27.0","GELENDZIK, RS","7",",I","3",",I","0",",I","","","","","","","","","","","","","19780513",",,I","","","","","8.3",",,I,13,","","","20.4",",,,I","","","",""
"RSM00037004","1978-06","44.567","38.017","27.0","GELENDZIK, RS","8",",I","2",",I","1",",I","","","","","","","","","","","","","19780630",",,I","","","","","83.0",",,I,30,","","","98.2",",,,I","","","",""
"RSM00037004","1978-07","44.567","38.017","27.0","GELENDZIK, RS","6",",I","3",",I","0",",I","","","","","","","","","","","","","19780725",",,I","","","","","9.2",",,I,25,","","","25.8",",,,I","","","",""
"RSM00037004","1978-08","44.567","38.017","27.0","GELENDZIK, RS","10",",I","4",",I","1",",I","","","","","","","","","","","","","19780824",",,I","","","","","29.7",",,I,24,","","","69.1",",,,I","","","",""
"RSM00037004","1978-09","44.567","38.017","27.0","GELENDZIK, RS","8",",I","3",",I","1",",I","","","","","","","","","","","","","19780930",",,I","","","","","45.9",",,I,30,","","","77.6",",,,I","","","",""
"RSM00037004","1978-10","44.567","38.017","27.0","GELENDZIK, RS","8",",I","5",",I","1",",I","","","","","","","","","","","","","19781027",",,I","","","","","30.2",",,I,27,","","","61.8",",,,I","","","",""
"RSM00037004","1978-11","44.567","38.017","27.0","GELENDZIK, RS","3",",I","1",",I","0",",I","","","","","","","","","","","","","19781124",",,I","","","","","12.5",",,I,24,","","","15.8",",,,I","","","",""
"RSM00037004","1978-12","44.567","38.017","27.0","GELENDZIK, RS","20",",I","11",",I","1",",I","","","","","","","","","","","","","19781215",",,I","","","","","28.1",",,I,15,","","","132.6",",,,I","","","",""
"RSM00037004","1979-01","44.567","38.017","27.0","GELENDZIK, RS","13",",I","9",",I","1",",I","","","","","","","","","","","","","19790121",",,I","","","","","29.2",",,I,21,","","","90.0",",,,I","","","",""
"RSM00037004","1979-02","44.567","38.017","27.0","GELENDZIK, RS","12",",I","8",",I","2",",I","","","","","","","","","","","","","19790205",",,I","","","","","29.1",",,I,05,","","","93.0",",,,I","","","",""
"RSM00037004","1979-03","44.567","38.017","27.0","GELENDZIK, RS","9",",I","6",",I","0",",I","","","","","","","","","","","","","19790313",",,I","","","","","14.9",",,I,13,","","","45.8",",,,I","","","",""
"RSM00037004","1979-04","44.567","38.017","27.0","GELENDZIK, RS","12",",I","5",",I","0",",I","","","","","0","3,S","3","3,S","0","3,S","","","19790411",",,I","19790429",",3,S","","","15.2",",,I,11,","25.0","3,S,29,","31.8",",,,I","15.37","3,,,S","",""
"RSM00037004","1979-05","44.567","38.017","27.0","GELENDZIK, RS","8",",I","4",",I","0",",I","","","","","","","","","","","","","19790513",",,I","","","","","13.3",",,I,13,","","","31.8",",,,I","","","",""
"RSM00037004","1979-06","44.567","38.017","27.0","GELENDZIK, RS","8",",I","5",",I","0",",I","","","","","","","","","","","","","19790623",",,I","","","","","15.1",",,I,23,","","","36.5",",,,I","","","",""
"RSM00037004","1979-07","44.567","38.017","27.0","GELENDZIK, RS","9",",I","2",",I","0",",I","","","","","","","","","","","","","19790713",",,I","","","","","9.5",",,I,13,","","","24.1",",,,I","","","",""
"RSM00037004","1979-08","44.567","38.017","27.0","GELENDZIK, RS","2",",I","0",",I","0",",I","","","","","","","","","","","","","19790831",",,I","","","","","2.1",",,I,31,","","","2.9",",,,I","","","",""
"RSM00037004","1979-09","44.567","38.017","27.0","GELENDZIK, RS","3",",I","2",",I","0",",I","","","","","","","","","","","","","19790917",",,I","","","","","21.3",",,I,17,","","","30.6",",,,I","","","",""
"RSM00037004","1979-10","44.567","38.017","27.0","GELENDZIK, RS","11",",I","9",",I","0",",I","","","","","","","","","","","","","19791020",",,I","","","","","15.6",",,I,20,","","","54.0",",,,I","","","",""
"RSM00037004","1979-11","44.567","38.017","27.0","GELENDZIK, RS","4",",I","3",",I","0",",I","","","","","","","","","","","","","19791101",",,I","","","","","13.3",",,I,01,","","","26.9",",,,I","","","",""
"RSM00037004","1979-12","44.567","38.017","27.0","GELENDZIK, RS","11",",I","8",",I","1",",I","","","","","","","","","","","","","19791201",",,I","","","","","51.8",",,I,01,","","","112.8",",,,I","","","",""
"RSM00037004","1980-01","44.567","38.017","27.0","GELENDZIK, RS","12",",I","7",",I","0",",I","","","","","","","","","","","","","19800128",",,I","","","","","18.0",",,I,28,","","","66.2",",,,I","","","",""
"RSM00037004","1980-02","44.567","38.017","27.0","GELENDZIK, RS","6",",I","1",",I","0",",I","","","","","","","","","","","","","19800211",",,I","","","","","2.5",",,I,11,","","","7.1",",,,I","","","",""
"RSM00037004","1980-03","44.567","38.017","27.0","GELENDZIK, RS","13",",I","4",",I","0",",I","","","","","","","","","","","","","19800329",",,I","","","","","14.7",",,I,29,","","","53.3",",,,I","","","",""
"RSM00037004","1980-04","44.567","38.017","27.0","GELENDZIK, RS","15",",I","6",",I","0",",I","","","","","","","","","","","","","19800408",",,I","","","","","14.2",",,I,08,","","","56.9",",,,I","","","",""
"RSM00037004","1980-05","44.567","38.017","27.0","GELENDZIK, RS","12",",I","3",",I","0",",I","","","","","","","","","","","","","19800503",",,I","","","","","12.8",",,I,03,","","","35.2",",,,I","","","",""
"RSM00037004","1980-06","44.567","38.017","27.0","GELENDZIK, RS","6",",I","5",",I","0",",I","","","","","","","","","","","","","19800615",",,I","","","","","16.1",",,I,15,","","","42.5",",,,I","","","",""
"RSM00037004","1980-07","44.567","38.017","27.0","GELENDZIK, RS","3",",I","2",",I","0",",I","","","","","","","","","","","","","19800724",",,I","","","","","7.7",",,I,24,","","","11.8",",,,I","","","",""
"RSM00037004","1980-08","44.567","38.017","27.0","GELENDZIK, RS","3",",I","2",",I","1",",I","","","","","","","","","","","","","19800817",",,I","","","","","29.2",",,I,17,","","","42.7",",,,I","","","",""
"RSM00037004","1980-09","44.567","38.017","27.0","GELENDZIK, RS","11",",I","8",",I","1",",I","","","","","","","","","","","","","19800918",",,I","","","","","37.8",",,I,18,","","","112.8",",,,I","","","",""
"RSM00037004","1980-10","44.567","38.017","27.0","GELENDZIK, RS","8",",I","8",",I","0",",I","","","","","","","","","","","","","19801005",",,I","","","","","17.5",",,I,05,","","","78.8",",,,I","","","",""
"RSM00037004","1980-11","44.567","38.017","27.0","GELENDZIK, RS","14",",I","13",",I","3",",I","","","","","","","","","","","","","19801112",",,I","","","","","43.2",",,I,12,","","","195.2",",,,I","","","",""
"RSM00037004","1980-12","44.567","38.017","27.0","GELENDZIK, RS","15",",I","7",",I","0",",I","","","","","","","","","","","","","19801213",",,I","","","","","14.5",",,I,13,","","","78.7",",,,I","","","",""
"RSM00037004","1981-01","44.567","38.017","27.0","GELENDZIK, RS","11",",I","8",",I","0",",I","","","","","","","","","","","","","19810105",",,I","","","","","13.9",",,I,05,","","","61.6",",,,I","","","",""
"RSM00037004","1981-02","44.567","38.017","27.0","GELENDZIK, RS","13",",I","8",",I","1",",I","","","","","","","","","","","","","19810215",",,I","","","","","36.5",",,I,15,","","","90.6",",,,I","","","",""
"RSM00037004","1981-03","44.567","38.017","27.0","GELENDZIK, RS","13",",I","9",",I","1",",I","","","","","","","","","","","","","19810312",",,I","","","","","53.3",",,I,12,","","","127.6",",,,I","","","",""
"RSM00037004","1981-04","44.567","38.017","27.0","GELENDZIK, RS","13",",I","5",",I","0",",I","","","","","","","","","","","","","19810427",",,I","","","","","10.5",",,I,27,","","","39.2",",,,I","","","",""
"RSM00037004","1981-05","44.567","38.017","27.0","GELENDZIK, RS","11",",I","7",",I","2",",I","","","","","","","","","","","","","19810514",",,I","","","","","39.2",",,I,14,","","","114.2",",,,I","","","",""
"RSM00037004","1981-06","44.567","38.017","27.0","GELENDZIK, RS","8",",I","4",",I","0",",I","","","","","","","","","","","","","19810628",",,I","","","","","22.1",",,I,28,","","","63.4",",,,I","","","",""
"RSM00037004","1981-07","44.567","38.017","27.0","GELENDZIK, RS","5",",I","4",",I","1",",I","","","","","","","","","","","","","19810713",",,I","","","","","59.2",",,I,13,","","","94.2",",,,I","","","",""
"RSM00037004","1981-08","44.567","38.017","27.0","GELENDZIK, RS","7",",I","4",",I","0",",I","","","","","","","","","","","","","19810826",",,I","","","","","14.6",",,I,26,","","","42.1",",,,I","","","",""
"RSM00037004","1981-09","44.567","38.017","27.0","GELENDZIK, RS","9",",I","7",",I","1",",I","","","","","","","","","","","","","19810917",",,I","","","","","29.8",",,I,17,","","","84.9",",,,I","","","",""
"RSM00037004","1981-10","44.567","38.017","27.0","GELENDZIK, RS","6",",I","2",",I","0",",I","","","","","","","","","","","","","19811017",",,I","","","","","3.8",",,I,17,","","","13.4",",,,I","","","",""
"RSM00037004","1981-11","44.567","38.017","27.0","GELENDZIK, RS","14",",I","13",",I","1",",I","","","","","","","","","","","","","19811103",",,I","","","","","48.1",",,I,03,","","","158.8",",,,I","","","",""
"RSM00037004","1981-12","44.567","38.017","27.0","GELENDZIK, RS","19",",I","14",",I","2",",I","","","","","","","","","","","","","19811215",",,I","","","","","60.8",",,I,15,","","","198.1",",,,I","","","",""
"RSM00037004","1982-01","44.567","38.017","27.0","GELENDZIK, RS","11",",I","9",",I","0",",I","","","","","","","","","","","","","19820108",",,I","","","","","14.2",",,I,08,","","","59.4",",,,I","","","",""
"RSM00037004","1982-02","44.567","38.017","27.0","GELENDZIK, RS","6",",I","4",",I","0",",I","","","","","","","","","","","","","19820203",",,I","","","","","8.0",",,I,03,","","","22.5",",,,I","","","",""
"RSM00037004","1982-03","44.567","38.017","27.0","GELENDZIK, RS","12",",I","7",",I","0",",I","","","","","","","","","","","","","19820301",",,I","","","","","13.0",",,I,01,","","","68.2",",,,I","","","",""
"RSM00037004","1982-04","44.567","38.017","27.0","GELENDZIK, RS","13",",I","5",",I","0",",I","","","","","","","","","","","","","19820401",",,I","","","","","16.2",",,I,01,","","","57.8",",,,I","","","",""
"RSM00037004","1982-05","44.567","38.017","27.0","GELENDZIK, RS","6",",I","2",",I","0",",I","","","","","","","","","","","","","19820518",",,I","","","","","21.4",",,I,18,","","","32.5",",,,I","","","",""
"RSM00037004","1982-06","44.567","38.017","27.0","GELENDZIK, RS","6",",I","4",",I","0",",I","","","","","","","","","","","","","19820619",",,I","","","","","18.1",",,I,19,","","","46.1",",,,I","","","",""
"RSM00037004","1982-07","44.567","38.017","27.0","GELENDZIK, RS","12",",I","9",",I","1",",I","","","","","","","","","","","","","19820717",",,I","","","","","42.9",",,I,17,","","","124.3",",,,I","","","",""
"RSM00037004","1982-08","44.567","38.017","27.0","GELENDZIK, RS","7",",I","5",",I","0",",I","","","","","","","","","","","","","19820803",",,I","","","","","14.8",",,I,03,","","","33.9",",,,I","","","",""
"RSM00037004","1982-09","44.567","38.017","27.0","GELENDZIK, RS","5",",I","3",",I","1",",I","","","","","","","","","","","","","19820929",",,I","","","","","31.7",",,I,29,","","","75.8",",,,I","","","",""
"RSM00037004","1982-10","44.567","38.017","27.0","GELENDZIK, RS","2",",I","1",",I","0",",I","","","","","","","","","","","","","19821018",",,I","","","","","7.3",",,I,18,","","","9.6",",,,I","","","",""
"RSM00037004","1982-11","44.567","38.017","27.0","GELENDZIK, RS","1",",I","0",",I","0",",I","","","","","","","","","","","","","19821103",",,I","","","","","2.4",",,I,03,","","","2.7",",,,I","","","",""
"RSM00037004","1982-12","44.567","38.017","27.0","GELENDZIK, RS","12",",I","7",",I","2",",I","","","","","","","","","","","","","19821215",",,I","","","","","34.4",",,I,15,","","","118.3",",,,I","","","",""
"RSM00037004","1983-01","44.567","38.017","27.0","GELENDZIK, RS","22",",I","14",",I","2",",I","","","","","","","","","","","","","19830129",",,I","","","","","33.9",",,I,29,","","","158.7",",,,I","","","",""
"RSM00037004","1983-02","44.567","38.017","27.0","GELENDZIK, RS","16",",I","10",",I","0",",I","","","","","","","","","","","","","19830223",",,I","","","","","10.6",",,I,23,","","","57.0",",,,I","","","",""
"RSM00037004","1983-03","44.567","38.017","27.0","GELENDZIK, RS","7",",I","4",",I","2",",I","","","","","","","","","","","","","19830308",",,I","","","","","35.4",",,I,08,","","","94.7",",,,I","","","",""
"RSM00037004","1983-04","44.567","38.017","27.0","GELENDZIK, RS","7",",I","3",",I","0",",I","","","","","","","","","","","","","19830417",",,I","","","","","4.4",",,I,17,","","","13.0",",,,I","","","",""
"RSM00037004","1983-05","44.567","38.017","27.0","GELENDZIK, RS","9",",I","5",",I","0",",I","","","","","","","","","","","","","19830505",",,I","","","","","10.9",",,I,05,","","","33.5",",,,I","","","",""
"RSM00037004","1983-06","44.567","38.017","27.0","GELENDZIK, RS","4",",I","3",",I","1",",I","","","","","","","","","","","","","19830621",",,I","","","","","28.7",",,I,21,","","","40.0",",,,I","","","",""
"RSM00037004","1983-07","44.567","38.017","27.0","GELENDZIK, RS","7",",I","6",",I","1",",I","","","","","","","","","","","","","19830724",",,I","","","","","34.1",",,I,24,","","","83.7",",,,I","","","",""
"RSM00037004","1983-08","44.567","38.017","27.0","GELENDZIK, RS","5",",I","3",",I","0",",I","","","","","","","","","","","","","19830811",",,I","","","","","17.3",",,I,11,","","","38.8",",,,I","","","",""
"RSM00037004","1983-09","44.567","38.017","27.0","GELENDZIK, RS","6",",I","3",",I","0",",I","","","","","","","","","","","","","19830924",",,I","","","","","12.4",",,I,24,","","","28.8",",,,I","","","",""
"RSM00037004","1983-10","44.567","38.017","27.0","GELENDZIK, RS","7",",I","4",",I","0",",I","","","","","","","","","","","","","19831005",",,I","","","","","5.9",",,I,05,","","","19.8",",,,I","","","",""
"RSM00037004","1983-11","44.567","38.017","27.0","GELENDZIK, RS","13",",I","6",",I","0",",I","","","","","","","","","","","","","19831116",",,I","","","","","21.7",",,I,16,","","","57.7",",,,I","","","",""
"RSM00037004","1983-12","44.567","38.017","27.0","GELENDZIK, RS","12",",I","7",",I","1",",I","","","","","","","","","","","","","19831201",",,I","","","","","30.4",",,I,01,","","","73.4",",,,I","","","",""
"RSM00037004","1984-01","44.567","38.017","27.0","GELENDZIK, RS","10",",I","6",",I","0",",I","","","","","","","","","","","","","19840112",",,I","","","","","11.9",",,I,12,","","","41.5",",,,I","","","",""
"RSM00037004","1984-02","44.567","38.017","27.0","GELENDZIK, RS","6",",I","3",",I","0",",I","","","","","","","","","","","","","19840208",",,I","","","","","12.5",",,I,08,","","","23.8",",,,I","","","",""
"RSM00037004","1984-03","44.567","38.017","27.0","GELENDZIK, RS","12",",I","6",",I","0",",I","","","","","","","","","","","","","19840318",",,I","","","","","7.4",",,I,18,","","","37.9",",,,I","","","",""
"RSM00037004","1984-04","44.567","38.017","27.0","GELENDZIK, RS","15",",I","9",",I","0",",I","","","","","","","","","","","","","19840422",",,I","","","","","11.4",",,I,22,","","","61.0",",,,I","","","",""
"RSM00037004","1984-05","44.567","38.017","27.0","GELENDZIK, RS","2",",I","1",",I","0",",I","","","","","","","","","","","","","19840528",",,I","","","","","2.7",",,I,28,","","","4.0",",,,I","","","",""
"RSM00037004","1984-06","44.567","38.017","27.0","GELENDZIK, RS","6",",I","3",",I","0",",I","","","","","","","","","","","","","19840604",",,I","","","","","18.3",",,I,04,","","","31.1",",,,I","","","",""
"RSM00037004","1984-07","44.567","38.017","27.0","GELENDZIK, RS","5",",I","1",",I","0",",I","","","","","","","","","","","","","19840714",",,I","","","","","3.3",",,I,14,","","","5.4",",,,I","","","",""
"RSM00037004","1984-08","44.567","38.017","27.0","GELENDZIK, RS","13",",I","8",",I","2",",I","","","","","","","","","","","","","19840821",",,I","","","","","67.2",",,I,21,","","","168.9",",,,I","","","",""
"RSM00037004","1984-09","44.567","38.017","27.0","GELENDZIK, RS","3",",I","0",",I","0",",I","","","","","","","","","","","","","19840914",",,I","","","","","2.0",",,I,14,","","","3.0",",,,I","","","",""
"RSM00037004","1984-10","44.567","38.017","27.0","GELENDZIK, RS","5",",I","3",",I","1",",I","","","","","","","","","","","","","19841016",",,I","","","","","32.6",",,I,16,","","","60.5",",,,I","","","",""
"RSM00037004","1984-11","44.567","38.017","27.0","GELENDZIK, RS","11",",I","6",",I","0",",I","","","","","","","","","","","","","19841125",",,I","","","","","18.9",",,I,25,","","","76.7",",,,I","","","",""
"RSM00037004","1984-12","44.567","38.017","27.0","GELENDZIK, RS","10",",I","5",",I","0",",I","","","","","","","","","","","","","19841213",",,I","","","","","19.7",",,I,13,","","","54.2",",,,I","","","",""
"RSM00037004","1985-01","44.567","38.017","27.0","GELENDZIK, RS","12",",I","7",",I","0",",I","","","","","","","","","","","","","19850105",",,I","","","","","17.9",",,I,05,","","","75.3",",,,I","","","",""
"RSM00037004","1985-02","44.567","38.017","27.0","GELENDZIK, RS","17",",I","10",",I","1",",I","","","","","","","","","","","","","19850208",",,I","","","","","27.7",",,I,08,","","","92.3",",,,I","","","",""
"RSM00037004","1985-03","44.567","38.017","27.0","GELENDZIK, RS","5",",I","2",",I","0",",I","","","","","","","","","","","","","19850317",",,I","","","","","6.7",",,I,17,","","","15.7",",,,I","","","",""
"RSM00037004","1985-04","44.567","38.017","27.0","GELENDZIK, RS","15",",I","9",",I","0",",I","","","","","","","","","","","","","19850421",",,I","","","","","19.3",",,I,21,","","","83.5",",,,I","","","",""
"RSM00037004","1985-05","44.567","38.017","27.0","GELENDZIK, RS","6",",I","2",",I","0",",I","","","","","","","","","","","","","19850521",",,I","","","","","11.1",",,I,21,","","","22.8",",,,I","","","",""
"RSM00037004","1985-06","44.567","38.017","27.0","GELENDZIK, RS","11",",I","6",",I","0",",I","","","","","","","","","","","","","19850613",",,I","","","","","14.2",",,I,13,","","","54.7",",,,I","","","",""
"RSM00037004","1985-07","44.567","38.017","27.0","GELENDZIK, RS","7",",I","2",",I","0",",I","","","","","","","","","","","","","19850727",",,I","","","","","17.4",",,I,27,","","","30.3",",,,I","","","",""
"RSM00037004","1985-08","44.567","38.017","27.0","GELENDZIK, RS","2",",I","2",",I","0",",I","","","","","","","","","","","","","19850823",",,I","","","","","12.0",",,I,23,","","","18.9",",,,I","","","",""
"RSM00037004","1985-09","44.567","38.017","27.0","GELENDZIK, RS","12",",I","7",",I","0",",I","","","","","","","","","","","","","19850914",",,I","","","","","8.4",",,I,14,","","","35.4",",,,I","","","",""
"RSM00037004","1985-10","44.567","38.017","27.0","GELENDZIK, RS","5",",I","3",",I","0",",I","","","","","","","","","","","","","19851014",",,I","","","","","6.3",",,I,14,","","","15.8",",,,I","","","",""
"RSM00037004","1985-11","44.567","38.017","27.0","GELENDZIK, RS","9",",I","6",",I","0",",I","","","","","","","","","","","","","19851130",",,I","","","","","10.4",",,I,30,","","","41.4",",,,I","","","",""
"RSM00037004","1985-12","44.567","38.017","27.0","GELENDZIK, RS","14",",I","8",",I","2",",I","","","","","","","","","","","","","19851218",",,I","","","","","35.2",",,I,18,","","","122.7",",,,I","","","",""
"RSM00037004","1986-01","44.567","38.017","27.0","GELENDZIK, RS","18",",I","10",",I","2",",I","","","","","","","","","","","","","19860121",",,I","","","","","32.9",",,I,21,","","","124.6",",,,I","","","",""
"RSM00037004","1986-02","44.567","38.017","27.0","GELENDZIK, RS","10",",I","8",",I","1",",I","","","","","","","","","","","","","19860226",",,I","","","","","31.2",",,I,26,","","","77.9",",,,I","","","",""
"RSM00037004","1986-03","44.567","38.017","27.0","GELENDZIK, RS","1",",I","1",",I","0",",I","","","","","","","","","","","","","19860304",",,I","","","","","3.7",",,I,04,","","","3.7",",,,I","","","",""
"RSM00037004","1986-04","44.567","38.017","27.0","GELENDZIK, RS","5",",I","5",",I","1",",I","","","","","","","","","","","","","19860422",",,I","","","","","28.0",",,I,22,","","","53.6",",,,I","","","",""
"RSM00037004","1986-05","44.567","38.017","27.0","GELENDZIK, RS","9",",I","6",",I","0",",I","","","","","","","","","","","","","19860526",",,I","","","","","16.3",",,I,26,","","","49.7",",,,I","","","",""
"RSM00037004","1986-06","44.567","38.017","27.0","GELENDZIK, RS","7",",I","4",",I","0",",I","","","","","","","","","","","","","19860628",",,I","","","","","10.7",",,I,28,","","","29.3",",,,I","","","",""
"RSM00037004","1986-07","44.567","38.017","27.0","GELENDZIK, RS","3",",I","0",",I","0",",I","","","","","","","","","","","","","19860710",",,I","","","","","1.3",",,I,10,","","","3.3",",,,I","","","",""
"RSM00037004","1986-08","44.567","38.017","27.0","GELENDZIK, RS","1",",I","0",",I","0",",I","","","","","","","","","","","","","19860815",",,I","","","","","0.6",",,I,15,","","","0.6",",,,I","","","",""
"RSM00037004","1986-09","44.567","38.017","27.0","GELENDZIK, RS","6",",I","1",",I","0",",I","","","","","","","","","","","","","19860911",",,I","","","","","17.6",",,I,11,","","","19.8",",,,I","","","",""
"RSM00037004","1986-10","44.567","38.017","27.0","GELENDZIK, RS","9",",I","4",",I","0",",I","","","","","","","","","","","","","19861001",",,I","","","","","16.8",",,I,01,","","","43.6",",,,I","","","",""
"RSM00037004","1986-11","44.567","38.017","27.0","GELENDZIK, RS","7",",I","3",",I","0",",I","","","","","","","","","","","","","19861108",",,I","","","","","15.6",",,I,08,","","","36.0",",,,I","","","",""
"RSM00037004","1986-12","44.567","38.017","27.0","GELENDZIK, RS","17",",I","9",",I","1",",I","","","","","","","","","","","","","19861217",",,I","","","","","46.4",",,I,17,","","","127.0",",,,I","","","",""
"RSM00037004","1987-01","44.567","38.017","27.0","GELENDZIK, RS","16",",I","12",",I","0",",I","","","","","","","","","","","","","19870129",",,I","","","","","17.6",",,I,29,","","","107.3",",,,I","","","",""
"RSM00037004","1987-02","44.567","38.017","27.0","GELENDZIK, RS","5",",I","2",",I","0",",I","","","","","","","","","","","","","19870228",",,I","","","","","11.3",",,I,28,","","","22.9",",,,I","","","",""
"RSM00037004","1987-03","44.567","38.017","27.0","GELENDZIK, RS","12",",I","4",",I","0",",I","","","","","","","","","","","","","19870308",",,I","","","","","21.2",",,I,08,","","","45.6",",,,I","","","",""
"RSM00037004","1987-04","44.567","38.017","27.0","GELENDZIK, RS","14",",I","7",",I","0",",I","","","","","","","","","","","","","19870412",",,I","","","","","24.1",",,I,12,","","","70.1",",,,I","","","",""
"RSM00037004","1987-05","44.567","38.017","27.0","GELENDZIK, RS","11",",I","5",",I","1",",I","","","","","","","","","","","","","19870524",",,I","","","","","25.4",",,I,24,","","","57.2",",,,I","","","",""
"RSM00037004","1987-06","44.567","38.017","27.0","GELENDZIK, RS","9",",I","3",",I","0",",I","","","","","","","","","","","","","19870620",",,I","","","","","12.3",",,I,20,","","","29.1",",,,I","","","",""
"RSM00037004","1987-07","44.567","38.017","27.0","GELENDZIK, RS","2",",I","0",",I","0",",I","","","","","","","","","","","","","19870708",",,I","","","","","2.0",",,I,08,","","","2.3",",,,I","","","",""
"RSM00037004","1987-08","44.567","38.017","27.0","GELENDZIK, RS","5",",I","3",",I","0",",I","","","","","","","","","","","","","19870803",",,I","","","","","6.6",",,I,03,","","","18.1",",,,I","","","",""
"RSM00037004","1987-09","44.567","38.017","27.0","GELENDZIK, RS","3",",I","3",",I","0",",I","","","","","","","","","","","","","19870930",",,I","","","","","9.7",",,I,30,","","","17.9",",,,I","","","",""
"RSM00037004","1987-10","44.567","38.017","27.0","GELENDZIK, RS","4",",I","1",",I","0",",I","0","5,S","1","5,S","","","","","","","19871031",",5,S","19871029",",,I","","","-5.4","5,S,31,","6.5",",,I,29,","","","10.3",",,,I","","","10.00","5,,,S"
"RSM00037004","1987-11","44.567","38.017","27.0","GELENDZIK, RS","14",",I","8",",I","1",",I","","","","","","","","","","","","","19871111",",,I","","","","","26.5",",,I,11,","","","107.9",",,,I","","","",""
"RSM00037004","1987-12","44.567","38.017","27.0","GELENDZIK, RS","15",",I","12",",I","1",",I","","","","","","","","","","","","","19871231",",,I","","","","","38.4",",,I,31,","","","161.9",",,,I","","","",""
"RSM00037004","1988-01","44.567","38.017","27.0","GELENDZIK, RS","6",",I","4",",I","0",",I","","","","","","","","","","","","","19880127",",,I","","","","","18.9",",,I,27,","","","47.8",",,,I","","","",""
"RSM00037004","1988-02","44.567","38.017","27.0","GELENDZIK, RS","8",",I","7",",I","0",",I","","","","","","","","","","","","","19880221",",,I","","","","","23.0",",,I,21,","","","67.3",",,,I","","","",""
"RSM00037004","1988-03","44.567","38.017","27.0","GELENDZIK, RS","16",",I","11",",I","1",",I","","","","","","","","","","","","","19880330",",,I","","","","","33.6",",,I,30,","","","110.8",",,,I","","","",""
"RSM00037004","1988-04","44.567","38.017","27.0","GELENDZIK, RS","12",",I","6",",I","0",",I","","","","","","","","","","","","","19880418",",,I","","","","","22.5",",,I,18,","","","66.9",",,,I","","","",""
"RSM00037004","1988-05","44.567","38.017","27.0","GELENDZIK, RS","8",",I","4",",I","1",",I","","","","","","","","","","","","","19880509",",,I","","","","","26.3",",,I,09,","","","52.2",",,,I","","","",""
"RSM00037004","1988-06","44.567","38.017","27.0","GELENDZIK, RS","11",",I","7",",I","2",",I","","","","","","","","","","","","","19880625",",,I","","","","","42.9",",,I,25,","","","125.7",",,,I","","","",""
"RSM00037004","1988-07","44.567","38.017","27.0","GELENDZIK, RS","11",",I","6",",I","1",",I","","","","","","","","","","","","","19880716",",,I","","","","","30.5",",,I,16,","","","76.5",",,,I","","","",""
"RSM00037004","1988-08","44.567","38.017","27.0","GELENDZIK, RS","7",",I","5",",I","1",",I","","","","","","","","","","","","","19880830",",,I","","","","","58.8",",,I,30,","","","92.8",",,,I","","","",""
"RSM00037004","1988-09","44.567","38.017","27.0","GELENDZIK, RS","9",",I","6",",I","0",",I","","","","","","","","","","","","","19880909",",,I","","","","","10.8",",,I,09,","","","41.4",",,,I","","","",""
"RSM00037004","1988-10","44.567","38.017","27.0","GELENDZIK, RS","8",",I","6",",I","0",",I","","","","","","","","","","","","","19881021",",,I","","","","","14.2",",,I,21,","","","51.4",",,,I","","","",""
"RSM00037004","1988-11","44.567","38.017","27.0","GELENDZIK, RS","17",",I","10",",I","0",",I","","","","","","","","","","","","","19881115",",,I","","","","","16.1",",,I,15,","","","80.5",",,,I","","","",""
"RSM00037004","1988-12","44.567","38.017","27.0","GELENDZIK, RS","24",",I","19",",I","2",",I","","","","","","","","","","","","","19881229",",,I","","","","","43.0",",,I,29,","","","183.6",",,,I","","","",""
"RSM00037004","1989-01","44.567","38.017","27.0","GELENDZIK, RS","10",",I","7",",I","0",",I","","","","","","","","","","","","","19890117",",,I","","","","","13.9",",,I,17,","","","45.9",",,,I","","","",""
"RSM00037004","1989-02","44.567","38.017","27.0","GELENDZIK, RS","13",",I","5",",I","1",",I","","","","","","","","","","","","","19890221",",,I","","","","","42.6",",,I,21,","","","64.5",",,,I","","","",""
"RSM00037004","1989-03","44.567","38.017","27.0","GELENDZIK, RS","9",",I","6",",I","0",",I","","","","","","","","","","","","","19890301",",,I","","","","","11.9",",,I,01,","","","37.9",",,,I","","","",""
"RSM00037004","1989-04","44.567","38.017","27.0","GELENDZIK, RS","6",",I","2",",I","0",",I","","","","","","","","","","","","","19890416",",,I","","","","","5.4",",,I,16,","","","13.6",",,,I","","","",""
"RSM00037004","1989-05","44.567","38.017","27.0","GELENDZIK, RS","10",",I","5",",I","0",",I","","","","","","","","","","","","","19890526",",,I","","","","","17.5",",,I,26,","","","43.2",",,,I","","","",""
"RSM00037004","1989-06","44.567","38.017","27.0","GELENDZIK, RS","5",",I","4",",I","1",",I","","","","","","","","","","","","","19890624",",,I","","","","","37.3",",,I,24,","","","69.4",",,,I","","","",""
"RSM00037004","1989-07","44.567","38.017","27.0","GELENDZIK, RS","8",",I","6",",I","1",",I","","","","","","","","","","","","","19890727",",,I","","","","","45.1",",,I,27,","","","91.7",",,,I","","","",""
"RSM00037004","1989-08","44.567","38.017","27.0","GELENDZIK, RS","0",",I","0",",I","0",",I","","","","","","","","","","","","","19890804",",,I","","","","","0.1",",,I,04,","","","0.1",",,,I","","","",""
"RSM00037004","1989-12","44.567","38.017","27.0","GELENDZIK, RS","11","5,S","6","5,S","0","5,S","","","","","","","","","","","","","19891224",",5,S","","","","","10.9","5,,S,24,","","","45.5","5,,,S","","","",""
"RSM00037004","1990-01","44.567","38.017","27.0","GELENDZIK, RS","13",",I","7",",I","0",",I","","","","","","","","","","","","","19900117",",,I","","","","","16.0",",,I,17,","","","56.0",",,,I","","","",""
"RSM00037004","1990-02","44.567","38.017","27.0","GELENDZIK, RS","5",",I","1",",I","0",",I","","","","","","","","","","","","","19900216",",,I","","","","","17.8",",,I,16,","","","20.4",",,,I","","","",""
"RSM00037004","1990-03","44.567","38.017","27.0","GELENDZIK, RS","6",",I","4",",I","0",",I","","","","","","","","","","","","","19900301",",,I","","","","","8.1",",,I,01,","","","20.2",",,,I","","","",""
"RSM00037004","1990-04","44.567","38.017","27.0","GELENDZIK, RS","6",",I","5",",I","0",",I","","","","","","","","","","","","","19900427",",,I","","","","","17.3",",,I,27,","","","43.1",",,,I","","","",""
"RSM00037004","1990-05","44.567","38.017","27.0","GELENDZIK, RS","7",",I","4",",I","1",",I","","","","","","","","","","","","","19900502",",,I","","","","","48.8",",,I,02,","","","77.3",",,,I","","","",""
"RSM00037004","1990-06","44.567","38.017","27.0","GELENDZIK, RS","5",",I","5",",I","1",",I","","","","","","","","","","","","","19900627",",,I","","","","","33.3",",,I,27,","","","49.6",",,,I","","","",""
"RSM00037004","1990-07","44.567","38.017","27.0","GELENDZIK, RS","1",",I","0",",I","0",",I","","","","","","","","","","","","","19900730",",,I","","","","","1.2",",,I,30,","","","1.2",",,,I","","","",""
"RSM00037004","1990-08","44.567","38.017","27.0","GELENDZIK, RS","4",",I","3",",I","1",",I","","","","","","","","","","","","","19900807",",,I","","","","","28.0",",,I,07,","","","46.8",",,,I","","","",""
"RSM00037004","1990-09","44.567","38.017","27.0","GELENDZIK, RS","7",",I","4",",I","0",",I","","","","","","","","","","","","","19900913",",,I","","","","","24.0",",,I,13,","","","53.4",",,,I","","","",""
"RSM00037004","1990-10","44.567","38.017","27.0","GELENDZIK, RS","7",",I","2",",I","0",",I","","","","","","","","","","","","","19901031",",,I","","","","","22.7",",,I,31,","","","39.6",",,,I","","","",""
"RSM00037004","1990-11","44.567","38.017","27.0","GELENDZIK, RS","10",",I","7",",I","0",",I","","","","","","","","","","","","","19901120",",,I","","","","","14.6",",,I,20,","","","58.1",",,,I","","","",""
"RSM00037004","1990-12","44.567","38.017","27.0","GELENDZIK, RS","13",",I","7",",I","1",",I","","","","","","","","","","","","","19901223",",,I","","","","","30.9",",,I,23,","","","98.4",",,,I","","","",""
"RSM00037004","1991-01","44.567","38.017","27.0","GELENDZIK, RS","10",",I","6",",I","0",",I","","","","","","","","","","","","","19910103",",,I","","","","","15.8",",,I,03,","","","66.6",",,,I","","","",""
"RSM00037004","1991-02","44.567","38.017","27.0","GELENDZIK, RS","7",",I","5",",I","0",",I","","","","","","","","","","","","","19910216",",,I","","","","","12.9",",,I,16,","","","33.0",",,,I","","","",""
"RSM00037004","1991-03","44.567","38.017","27.0","GELENDZIK, RS","12",",I","4",",I","0",",I","","","","","","","","","","","","","19910302",",,I","","","","","9.7",",,I,02,","","","31.6",",,,I","","","",""
"RSM00037004","1991-04","44.567","38.017","27.0","GELENDZIK, RS","10",",I","5",",I","0",",I","","","","","","","","","","","","","19910424",",,I","","","","","20.2",",,I,24,","","","57.9",",,,I","","","",""
"RSM00037004","1991-05","44.567","38.017","27.0","GELENDZIK, RS","15",",I","10",",I","1",",I","","","","","","","","","","","","","19910502",",,I","","","","","40.4",",,I,02,","","","102.0",",,,I","","","",""
"RSM00037004","1991-06","44.567","38.017","27.0","GELENDZIK, RS","6",",I","3",",I","0",",I","","","","","","","","","","","","","19910628",",,I","","","","","15.1",",,I,28,","","","31.2",",,,I","","","",""
"RSM00037004","1991-07","44.567","38.017","27.0","GELENDZIK, RS","4",",I","4",",I","0",",I","","","","","","","","","","","","","19910707",",,I","","","","","21.0",",,I,07,","","","47.6",",,,I","","","",""
"RSM00037004","1991-08","44.567","38.017","27.0","GELENDZIK, RS","7",",I","2",",I","1",",I","","","","","","","","","","","","","19910805",",,I","","","","","40.3",",,I,05,","","","60.5",",,,I","","","",""
"RSM00037004","1991-09","44.567","38.017","27.0","GELENDZIK, RS","10",",I","6",",I","1",",I","","","","","","","","","","","","","19910922",",,I","","","","","34.2",",,I,22,","","","133.9",",,,I","","","",""
"RSM00037004","1991-10","44.567","38.017","27.0","GELENDZIK, RS","9",",I","4",",I","0",",I","","","","","","","","","","","","","19911024",",,I","","","","","13.9",",,I,24,","","","41.8",",,,I","","","",""
"RSM00037004","1991-11","44.567","38.017","27.0","GELENDZIK, RS","6",",I","2",",I","0",",I","","","","","","","","","","","","","19911119",",,I","","","","","8.2",",,I,19,","","","16.2",",,,I","","","",""
"RSM00037004","1991-12","44.567","38.017","27.0","GELENDZIK, RS","12",",I","9",",I","0",",I","","","","","","","","","","","","","19911207",",,I","","","","","16.4",",,I,07,","","","75.0",",,,I","","","",""
"RSM00037004","1992-01","44.567","38.017","27.0","GELENDZIK, RS","14",",I","11",",I","0",",I","","","","","","","","","","","","","19920118",",,I","","","","","16.5",",,I,18,","","","80.4",",,,I","","","",""
"RSM00037004","1992-02","44.567","38.017","27.0","GELENDZIK, RS","16",",I","8",",I","0",",I","","","","","","","","","","","","","19920206",",,I","","","","","21.8",",,I,06,","","","77.5",",,,I","","","",""
"RSM00037004","1992-03","44.567","38.017","27.0","GELENDZIK, RS","12",",I","6",",I","0",",I","","","","","","","","","","","","","19920305",",,I","","","","","14.7",",,I,05,","","","57.3",",,,I","","","",""
"RSM00037004","1992-04","44.567","38.017","27.0","GELENDZIK, RS","10",",I","7",",I","0",",I","","","","","","","","","","","","","19920412",",,I","","","","","13.9",",,I,12,","","","60.5",",,,I","","","",""
"RSM00037004","1992-05","44.567","38.017","27.0","GELENDZIK, RS","12",",I","6",",I","0",",I","","","","","","","","","","","","","19920524",",,I","","","","","20.7",",,I,24,","","","43.8",",,,I","","","",""
"RSM00037004","1992-06","44.567","38.017","27.0","GELENDZIK, RS","12",",I","9",",I","2",",I","","","","","","","","","","","","","19920627",",,I","","","","","46.0",",,I,27,","","","125.6",",,,I","","","",""
"RSM00037004","1992-07","44.567","38.017","27.0","GELENDZIK, RS","10",",I","8",",I","3",",I","","","","","","","","","","","","","19920724",",,I","","","","","57.4",",,I,24,","","","157.8",",,,I","","","",""
"RSM00037004","1992-08","44.567","38.017","27.0","GELENDZIK, RS","2",",I","1",",I","0",",I","","","","","","","","","","","","","19920825",",,I","","","","","4.6",",,I,25,","","","5.3",",,,I","","","",""
"RSM00037004","1992-09","44.567","38.017","27.0","GELENDZIK, RS","7",",I","6",",I","0",",I","","","","","","","","","","","","","19920919",",,I","","","","","21.5",",,I,19,","","","83.9",",,,I","","","",""
"RSM00037004","1992-10","44.567","38.017","27.0","GELENDZIK, RS","10",",I","6",",I","1",",I","","","","","","","","","","","","","19921027",",,I","","","","","26.1",",,I,27,","","","63.8",",,,I","","","",""
"RSM00037004","1992-11","44.567","38.017","27.0","GELENDZIK, RS","16",",I","13",",I","0",",I","","","","","","","","","","","","","19921128",",,I","","","","","20.8",",,I,28,","","","129.1",",,,I","","","",""
"RSM00037004","1992-12","44.567","38.017","27.0","GELENDZIK, RS","11",",I","6",",I","0",",I","","","","","","","","","","","","","19921230",",,I","","","","","23.5",",,I,30,","","","61.1",",,,I","","","",""
"RSM00037004","1993-01","44.567","38.017","27.0","GELENDZIK, RS","14",",I","10",",I","0",",I","","","","","","","","","","","","","19930126",",,I","","","","","9.7",",,I,26,","","","68.6",",,,I","","","",""
"RSM00037004","1993-02","44.567","38.017","27.0","GELENDZIK, RS","11",",I","7",",I","0",",I","","","","","","","","","","","","","19930227",",,I","","","","","16.5",",,I,27,","","","56.7",",,,I","","","",""
"RSM00037004","1993-03","44.567","38.017","27.0","GELENDZIK, RS","6",",I","5",",I","2",",I","","","","","","","","","","","","","19930321",",,I","","","","","34.1",",,I,21,","","","76.1",",,,I","","","",""
"RSM00037004","1993-04","44.567","38.017","27.0","GELENDZIK, RS","11",",I","6",",I","0",",I","","","","","","","","","","","","","19930420",",,I","","","","","12.2",",,I,20,","","","48.5",",,,I","","","",""
"RSM00037004","1993-05","44.567","38.017","27.0","GELENDZIK, RS","9",",I","5",",I","0",",I","","","","","","","","","","","","","19930522",",,I","","","","","20.8",",,I,22,","","","44.9",",,,I","","","",""
"RSM00037004","1993-06","44.567","38.017","27.0","GELENDZIK, RS","6",",I","3",",I","0",",I","","","","","","","","","","","","","19930616",",,I","","","","","23.8",",,I,16,","","","41.2",",,,I","","","",""
"RSM00037004","1993-07","44.567","38.017","27.0","GELENDZIK, RS","4",",I","3",",I","0",",I","","","","","","","","","","","","","19930704",",,I","","","","","10.5",",,I,04,","","","19.7",",,,I","","","",""
"RSM00037004","1993-08","44.567","38.017","27.0","GELENDZIK, RS","1",",I","1",",I","0",",I","","","","","","","","","","","","","19930818",",,I","","","","","6.8",",,I,18,","","","6.8",",,,I","","","",""
"RSM00037004","1993-09","44.567","38.017","27.0","GELENDZIK, RS","6",",I","4",",I","0",",I","","","","","","","","","","","","","19930903",",,I","","","","","5.4",",,I,03,","","","17.3",",,,I","","","",""
"RSM00037004","1993-10","44.567","38.017","27.0","GELENDZIK, RS","4",",I","3",",I","0",",I","","","","","","","","","","","","","19931001",",,I","","","","","9.4",",,I,01,","","","17.9",",,,I","","","",""
"RSM00037004","1993-11","44.567","38.017","27.0","GELENDZIK, RS","5",",I","1",",I","0",",I","","","","","","","","","","","","","19931118",",,I","","","","","7.6",",,I,18,","","","13.8",",,,I","","","",""
"RSM00037004","1993-12","44.567","38.017","27.0","GELENDZIK, RS","14",",I","9",",I","0",",I","","","","","","","","","","","","","19931213",",,I","","","","","14.5",",,I,13,","","","71.4",",,,I","","","",""
"RSM00037004","1994-01","44.567","38.017","27.0","GELENDZIK, RS","12",",I","8",",I","1",",I","","","","","","","","","","","","","19940119",",,I","","","","","25.9",",,I,19,","","","69.4",",,,I","","","",""
"RSM00037004","1994-02","44.567","38.017","27.0","GELENDZIK, RS","5",",I","4",",I","0",",I","","","","","","","","","","","","","19940202",",,I","","","","","12.6",",,I,02,","","","25.5",",,,I","","","",""
"RSM00037004","1994-03","44.567","38.017","27.0","GELENDZIK, RS","15",",I","10",",I","0",",I","","","","","","","","","","","","","19940304",",,I","","","","","11.9",",,I,04,","","","63.7",",,,I","","","",""
"RSM00037004","1994-04","44.567","38.017","27.0","GELENDZIK, RS","7",",I","2",",I","0",",I","","","","","","","","","","","","","19940427",",,I","","","","","3.8",",,I,27,","","","14.1",",,,I","","","",""
"RSM00037004","1994-05","44.567","38.017","27.0","GELENDZIK, RS","11",",I","6",",I","0",",I","","","","","","","","","","","","","19940512",",,I","","","","","17.8",",,I,12,","","","61.3",",,,I","","","",""
"RSM00037004","1994-06","44.567","38.017","27.0","GELENDZIK, RS","5",",I","1",",I","0",",I","","","","","","","","","","","","","19940615",",,I","","","","","6.7",",,I,15,","","","11.1",",,,I","","","",""
"RSM00037004","1994-07","44.567","38.017","27.0","GELENDZIK, RS","1",",I","1",",I","0",",I","","","","","","","","","","","","","19940720",",,I","","","","","15.2",",,I,20,","","","15.2",",,,I","","","",""
"RSM00037004","1994-08","44.567","38.017","27.0","GELENDZIK, RS","7",",I","3",",I","0",",I","","","","","","","","","","","","","19940823",",,I","","","","","17.6",",,I,23,","","","40.4",",,,I","","","",""
"RSM00037004","1994-09","44.567","38.017","27.0","GELENDZIK, RS","4",",I","4",",I","1",",I","","","","","","","","","","","","","19940926",",,I","","","","","71.6",",,I,26,","","","104.6",",,,I","","","",""
"RSM00037004","1994-10","44.567","38.017","27.0","GELENDZIK, RS","8",",I","4",",I","0",",I","","","","","","","","","","","","","19941031",",,I","","","","","15.7",",,I,31,","","","35.9",",,,I","","","",""
"RSM00037004","1994-11","44.567","38.017","27.0","GELENDZIK, RS","14",",I","12",",I","2",",I","","","","","","","","","","","","","19941118",",,I","","","","","34.3",",,I,18,","","","161.7",",,,I","","","",""
"RSM00037004","1994-12","44.567","38.017","27.0","GELENDZIK, RS","11",",I","6",",I","2",",I","","","","","","","","","","","","","19941213",",,I","","","","","41.6",",,I,13,","","","97.3",",,,I","","","",""
"RSM00037004","1995-01","44.567","38.017","27.0","GELENDZIK, RS","15",",I","8",",I","2",",I","","","","","","","","","","","","","19950102",",,I","","","","","31.3",",,I,02,","","","144.9",",,,I","","","",""
"RSM00037004","1995-02","44.567","38.017","27.0","GELENDZIK, RS","7",",I","4",",I","0",",I","","","","","","","","","","","","","19950210",",,I","","","","","12.2",",,I,10,","","","31.3",",,,I","","","",""
"RSM00037004","1995-03","44.567","38.017","27.0","GELENDZIK, RS","10",",I","6",",I","0",",I","","","","","","","","","","","","","19950327",",,I","","","","","14.0",",,I,27,","","","56.7",",,,I","","","",""
"RSM00037004","1995-04","44.567","38.017","27.0","GELENDZIK, RS","14",",I","11",",I","2",",I","","","","","","","","","","","","","19950419",",,I","","","","","33.3",",,I,19,","","","128.5",",,,I","","","",""
"RSM00037004","1995-05","44.567","38.017","27.0","GELENDZIK, RS","9",",I","5",",I","1",",I","","","","","","","","","","","","","19950509",",,I","","","","","40.1",",,I,09,","","","80.9",",,,I","","","",""
"RSM00037004","1995-06","44.567","38.017","27.0","GELENDZIK, RS","5",",I","3",",I","1",",I","","","","","","","","","","","","","19950630",",,I","","","","","43.0",",,I,30,","","","68.8",",,,I","","","",""
"RSM00037004","1995-07","44.567","38.017","27.0","GELENDZIK, RS","8",",I","7",",I","0",",I","","","","","","","","","","","","","19950713",",,I","","","","","24.4",",,I,13,","","","69.6",",,,I","","","",""
"RSM00037004","1995-08","44.567","38.017","27.0","GELENDZIK, RS","6",",I","2",",I","0",",I","","","","","","","","","","","","","19950812",",,I","","","","","8.0",",,I,12,","","","17.7",",,,I","","","",""
"RSM00037004","1995-09","44.567","38.017","27.0","GELENDZIK, RS","9",",I","4",",I","0",",I","","","","","","","","","","","","","19950923",",,I","","","","","23.3",",,I,23,","","","43.1",",,,I","","","",""
"RSM00037004","1995-10","44.567","38.017","27.0","GELENDZIK, RS","8",",I","3",",I","0",",I","","","","","","","","","","","","","19951029",",,I","","","","","10.2",",,I,29,","","","28.4",",,,I","","","",""
"RSM00037004","1995-11","44.567","38.017","27.0","GELENDZIK, RS","19",",I","15",",I","0",",I","","","","","","","","","","","","","19951109",",,I","","","","","24.9",",,I,09,","","","155.3",",,,I","","","",""
"RSM00037004","1995-12","44.567","38.017","27.0","GELENDZIK, RS","13","1,I","9","1,I","1","1,I","","","","","","","","","","","","","19951220",",1,I","","","","","36.1","1,,I,20,","","","146.7","1,,,I","","","",""
"RSM00037004","1996-01","44.567","38.017","27.0","GELENDZIK, RS","7",",I","3",",I","0",",I","","","","","","","","","","","","","19960129",",,I","","","","","12.5",",,I,29,","","","32.7",",,,I","","","",""
"RSM00037004","1996-02","44.567","38.017","27.0","GELENDZIK, RS","7",",I","4",",I","0",",I","","","","","","","","","","","","","19960207",",,I","","","","","24.2",",,I,07,","","","40.1",",,,I","","","",""
"RSM00037004","1996-03","44.567","38.017","27.0","GELENDZIK, RS","12",",I","10",",I","0",",I","","","","","","","","","","","","","19960304",",,I","","","","","14.3",",,I,04,","","","68.1",",,,I","","","",""
"RSM00037004","1996-04","44.567","38.017","27.0","GELENDZIK, RS","11",",I","5",",I","0",",I","","","","","","","","","","","","","19960409",",,I","","","","","9.9",",,I,09,","","","42.1",",,,I","","","",""
"RSM00037004","1996-05","44.567","38.017","27.0","GELENDZIK, RS","7",",I","3",",I","0",",I","","","","","","","","","","","","","19960525",",,I","","","","","8.9",",,I,25,","","","23.7",",,,I","","","",""
"RSM00037004","1996-06","44.567","38.017","27.0","GELENDZIK, RS","4",",I","2",",I","0",",I","","","","","","","","","","","","","19960606",",,I","","","","","17.5",",,I,06,","","","28.6",",,,I","","","",""
