"STATION","DATE","LATITUDE","LONGITUDE","ELEVATION","NAME","DP01","DP01_ATTRIBUTES","DP10","DP10_ATTRIBUTES","DP1X","DP1X_ATTRIBUTES","DX32","DX32_ATTRIBUTES","DX70","DX70_ATTRIBUTES","DX90","DX90_ATTRIBUTES","DYXP","DYXP_ATTRIBUTES","DYXT","DYXT_ATTRIBUTES","EMXP","EMXP_ATTRIBUTES","EMXT","EMXT_ATTRIBUTES","PRCP","PRCP_ATTRIBUTES","TMAX","TMAX_ATTRIBUTES"
"TX000038665","1959-07","39.583","59.95","108.0","AKMOLLA, TX","0",",I","0",",I","0",",I","","","","","","","19590703",",,I","","","0.2",",,I,03,","","","0.2",",,,I","",""
"TX000038665","1959-08","39.583","59.95","108.0","AKMOLLA, TX","1",",I","1",",I","0",",I","","","","","","","19590803",",,I","","","2.5",",,I,03,","","","2.5",",,,I","",""
"TX000038665","1959-09","39.583","59.95","108.0","AKMOLLA, TX","0","1,I","0","1,I","0","1,I","","","","","","","19590930","+,1,I","","","0.0","1,,I,30,+","","","0.0","1,,,I","",""
"TX000038665","1959-10","39.583","59.95","108.0","AKMOLLA, TX","1","1,I","0","1,I","0","1,I","","","","","","","19591005",",1,I","","","0.4","1,,I,05,","","","0.5","1,,,I","",""
"TX000038665","1959-11","39.583","59.95","108.0","AKMOLLA, TX","1",",I","1",",I","0",",I","","","","","","","19591120",",,I","","","3.8",",,I,20,","","","4.3",",,,I","",""
"TX000038665","1959-12","39.583","59.95","108.0","AKMOLLA, TX","4",",I","1",",I","0",",I","","","","","","","19591213",",,I","","","8.0",",,I,13,","","","11.1",",,,I","",""
"TX000038665","1960-01","39.583","59.95","108.0","AKMOLLA, TX","1",",I","0",",I","0",",I","","","","","","","19600108",",,I","","","2.2",",,I,08,","","","2.2",",,,I","",""
"TX000038665","1960-02","39.583","59.95","108.0","AKMOLLA, TX","2","1,I","0","1,I","0","1,I","","","","","","","19600208",",1,I","","","2.2","1,,I,08,","","","3.0","1,,,I","",""
"TX000038665","1960-03","39.583","59.95","108.0","AKMOLLA, TX","6",",I","3",",I","0",",I","","","","","","","19600319",",,I","","","6.1",",,I,19,","","","16.4",",,,I","",""
"TX000038665","1960-04","39.583","59.95","108.0","AKMOLLA, TX","4",",I","3",",I","0",",I","","","","","","","19600430",",,I","","","13.9",",,I,30,","","","23.6",",,,I","",""
"TX000038665","1960-05","39.583","59.95","108.0","AKMOLLA, TX","3",",I","1",",I","0",",I","","","","","","","19600518",",,I","","","5.0",",,I,18,","","","7.5",",,,I","",""
"TX000038665","1960-06","39.583","59.95","108.0","AKMOLLA, TX","2","1,I","0","1,I","0","1,I","","","","","","","19600607",",1,I","","","2.0","1,,I,07,","","","2.6","1,,,I","",""
"TX000038665","1960-07","39.583","59.95","108.0","AKMOLLA, TX","0",",I","0",",I","0",",I","","","","","","","19600731","+,,I","","","0.0",",,I,31,+","","","0.0",",,,I","",""
"TX000038665","1960-08","39.583","59.95","108.0","AKMOLLA, TX","0","1,I","0","1,I","0","1,I","","","","","","","19600831","+,1,I","","","0.0","1,,I,31,+","","","0.0","1,,,I","",""
"TX000038665","1960-09","39.583","59.95","108.0","AKMOLLA, TX","2",",I","0",",I","0",",I","","","","","","","19600918",",,I","","","0.7",",,I,18,","","","1.3",",,,I","",""
"TX000038665","1960-10","39.583","59.95","108.0","AKMOLLA, TX","0",",I","0",",I","0",",I","","","","","","","19601031","+,,I","","","0.0",",,I,31,+","","","0.0",",,,I","",""
"TX000038665","1960-11","39.583","59.95","108.0","AKMOLLA, TX","3","1,I","0","1,I","0","1,I","","","","","","","19601125",",1,I","","","1.0","1,,I,25,","","","2.2","1,,,I","",""
"TX000038665","1960-12","39.583","59.95","108.0","AKMOLLA, TX","1","2,I","0","2,I","0","2,I","","","","","","","19601203",",2,I","","","0.5","2,,I,03,","","","0.5","2,,,I","",""
"TX000038665","1961-01","39.583","59.95","108.0","AKMOLLA, TX","3",",I","2",",I","0",",I","","","","","","","19610104",",,I","","","4.8",",,I,04,","","","10.3",",,,I","",""
"TX000038665","1961-02","39.583","59.95","108.0","AKMOLLA, TX","1",",I","0",",I","0",",I","","","","","","","19610222",",,I","","","1.2",",,I,22,","","","1.2",",,,I","",""
"TX000038665","1961-03","39.583","59.95","108.0","AKMOLLA, TX","3",",I","1",",I","0",",I","","","","","","","19610327",",,I","","","5.0",",,I,27,","","","5.6",",,,I","",""
"TX000038665","1961-04","39.583","59.95","108.0","AKMOLLA, TX","1",",I","0",",I","0",",I","","","","","","","19610414",",,I","","","2.3",",,I,14,","","","2.3",",,,I","",""
"TX000038665","1961-05","39.583","59.95","108.0","AKMOLLA, TX","1",",I","1",",I","0",",I","","","","","","","19610531",",,I","","","2.6",",,I,31,","","","2.6",",,,I","",""
"TX000038665","1961-06","39.583","59.95","108.0","AKMOLLA, TX","0",",I","0",",I","0",",I","","","","","","","19610601",",,I","","","0.2",",,I,01,","","","0.2",",,,I","",""
"TX000038665","1961-07","39.583","59.95","108.0","AKMOLLA, TX","0",",I","0",",I","0",",I","","","","","","","19610731","+,,I","","","0.0",",,I,31,+","","","0.0",",,,I","",""
"TX000038665","1961-08","39.583","59.95","108.0","AKMOLLA, TX","0","1,I","0","1,I","0","1,I","","","","","","","19610808",",1,I","","","0.0","1,T,I,08,","","","0.0","1,T,,I","",""
"TX000038665","1961-09","39.583","59.95","108.0","AKMOLLA, TX","0",",I","0",",I","0",",I","","","","","","","19610903",",,I","","","0.0",",T,I,03,","","","0.0",",T,,I","",""
"TX000038665","1961-10","39.583","59.95","108.0","AKMOLLA, TX","1",",I","0",",I","0",",I","","","","","","","19611007",",,I","","","1.2",",,I,07,","","","1.2",",,,I","",""
"TX000038665","1961-11","39.583","59.95","108.0","AKMOLLA, TX","2",",I","1",",I","0",",I","","","","","","","19611124",",,I","","","20.1",",,I,24,","","","21.9",",,,I","",""
"TX000038665","1961-12","39.583","59.95","108.0","AKMOLLA, TX","3",",I","1",",I","0",",I","","","","","","","19611214",",,I","","","3.0",",,I,14,","","","5.7",",,,I","",""
"TX000038665","1962-01","39.583","59.95","108.0","AKMOLLA, TX","0",",I","0",",I","0",",I","","","","","","","19620128","+,,I","","","0.0",",T,I,28,+","","","0.0",",T,,I","",""
"TX000038665","1962-02","39.583","59.95","108.0","AKMOLLA, TX","2",",I","2",",I","0",",I","","","","","","","19620206",",,I","","","13.2",",,I,06,","","","19.8",",,,I","",""
"TX000038665","1962-03","39.583","59.95","108.0","AKMOLLA, TX","1","1,I","0","1,I","0","1,I","","","","","","","19620322",",1,I","","","0.3","1,,I,22,","","","0.3","1,,,I","",""
"TX000038665","1962-04","39.583","59.95","108.0","AKMOLLA, TX","6","2,I","6","2,I","0","2,I","","","","","","","19620404",",2,I","","","10.3","2,,I,04,","","","35.4","2,,,I","",""
"TX000038665","1962-05","39.583","59.95","108.0","AKMOLLA, TX","2",",I","1",",I","1",",I","","","","","","","19620512",",,I","","","43.2",",,I,12,","","","44.0",",,,I","",""
"TX000038665","1962-06","39.583","59.95","108.0","AKMOLLA, TX","0",",I","0",",I","0",",I","","","","","","","19620618","+,,I","","","0.0",",T,I,18,+","","","0.0",",T,,I","",""
"TX000038665","1962-07","39.583","59.95","108.0","AKMOLLA, TX","0",",I","0",",I","0",",I","","","","","","","19620731","+,,I","","","0.0",",,I,31,+","","","0.0",",,,I","",""
"TX000038665","1962-08","39.583","59.95","108.0","AKMOLLA, TX","0",",I","0",",I","0",",I","","","","","","","19620824",",,I","","","0.0",",T,I,24,","","","0.0",",T,,I","",""
"TX000038665","1962-09","39.583","59.95","108.0","AKMOLLA, TX","1",",I","0",",I","0",",I","","","","","","","19620918",",,I","","","1.6",",,I,18,","","","1.6",",,,I","",""
"TX000038665","1962-10","39.583","59.95","108.0","AKMOLLA, TX","4",",I","2",",I","0",",I","","","","","","","19621023",",,I","","","5.9",",,I,23,","","","13.9",",,,I","",""
"TX000038665","1962-11","39.583","59.95","108.0","AKMOLLA, TX","3","1,I","2","1,I","0","1,I","","","","","","","19621110",",1,I","","","12.4","1,,I,10,","","","17.8","1,,,I","",""
"TX000038665","1962-12","39.583","59.95","108.0","AKMOLLA, TX","0","2,I","0","2,I","0","2,I","","","","","","","19621225","+,2,I","","","0.0","2,T,I,25,+","","","0.0","2,T,,I","",""
"TX000038665","1963-01","39.583","59.95","108.0","AKMOLLA, TX","1",",I","0",",I","0",",I","","","","","","","19630130",",,I","","","0.7",",,I,30,","","","0.7",",,,I","",""
"TX000038665","1963-02","39.583","59.95","108.0","AKMOLLA, TX","4","2,I","1","2,I","0","2,I","","","","","","","19630208",",2,I","","","2.5","2,,I,08,","","","5.3","2,,,I","",""
"TX000038665","1963-03","39.583","59.95","108.0","AKMOLLA, TX","0","2,I","0","2,I","0","2,I","","","","","","","19630331","+,2,I","","","0.0","2,T,I,31,+","","","0.0","2,T,,I","",""
"TX000038665","1963-04","39.583","59.95","108.0","AKMOLLA, TX","2",",I","2",",I","0",",I","","","","","","","19630421",",,I","","","6.1",",,I,21,","","","11.3",",,,I","",""
"TX000038665","1963-05","39.583","59.95","108.0","AKMOLLA, TX","8","1,I","4","1,I","0","1,I","","","","","","","19630504",",1,I","","","21.8","1,,I,04,","","","46.0","1,,,I","",""
"TX000038665","1963-06","39.583","59.95","108.0","AKMOLLA, TX","2",",I","0",",I","0",",I","","","","","","","19630609",",,I","","","1.3",",,I,09,","","","1.6",",,,I","",""
"TX000038665","1963-07","39.583","59.95","108.0","AKMOLLA, TX","0","2,I","0","2,I","0","2,I","","","","","","","19630716","+,2,I","","","0.0","2,T,I,16,+","","","0.0","2,T,,I","",""
"TX000038665","1963-08","39.583","59.95","108.0","AKMOLLA, TX","0",",I","0",",I","0",",I","","","","","","","19630810","+,,I","","","0.0",",T,I,10,+","","","0.0",",T,,I","",""
"TX000038665","1963-09","39.583","59.95","108.0","AKMOLLA, TX","1",",I","0",",I","0",",I","","","","","","","19630909",",,I","","","1.7",",,I,09,","","","1.7",",,,I","",""
"TX000038665","1963-10","39.583","59.95","108.0","AKMOLLA, TX","3","1,I","1","1,I","0","1,I","","","","","","","19631027",",1,I","","","4.6","1,,I,27,","","","6.6","1,,,I","",""
"TX000038665","1963-11","39.583","59.95","108.0","AKMOLLA, TX","3",",I","2",",I","0",",I","","","","","","","19631102",",,I","","","3.0",",,I,02,","","","6.0",",,,I","",""
"TX000038665","1963-12","39.583","59.95","108.0","AKMOLLA, TX","3","1,I","1","1,I","0","1,I","","","","","","","19631225",",1,I","","","3.2","1,,I,25,","","","5.4","1,,,I","",""
"TX000038665","1964-01","39.583","59.95","108.0","AKMOLLA, TX","2","2,I","1","2,I","0","2,I","","","","","","","19640102",",2,I","","","4.1","2,,I,02,","","","4.9","2,,,I","",""
"TX000038665","1964-02","39.583","59.95","108.0","AKMOLLA, TX","2","1,I","1","1,I","0","1,I","","","","","","","19640213",",1,I","","","8.1","1,,I,13,","","","8.6","1,,,I","",""
"TX000038665","1964-03","39.583","59.95","108.0","AKMOLLA, TX","3","1,I","1","1,I","0","1,I","","","","","","","19640323",",1,I","","","6.0","1,,I,23,","","","7.3","1,,,I","",""
"TX000038665","1964-04","39.583","59.95","108.0","AKMOLLA, TX","8",",I","5",",I","0",",I","","","","","","","19640402",",,I","","","16.5",",,I,02,","","","41.9",",,,I","",""
"TX000038665","1964-05","39.583","59.95","108.0","AKMOLLA, TX","2",",I","1",",I","0",",I","","","","","","","19640502",",,I","","","3.3",",,I,02,","","","3.6",",,,I","",""
"TX000038665","1964-06","39.583","59.95","108.0","AKMOLLA, TX","0",",I","0",",I","0",",I","","","","","","","19640622","+,,I","","","0.0",",T,I,22,+","","","0.0",",T,,I","",""
"TX000038665","1964-07","39.583","59.95","108.0","AKMOLLA, TX","0","1,I","0","1,I","0","1,I","","","","","","","19640726","+,1,I","","","0.0","1,T,I,26,+","","","0.0","1,T,,I","",""
"TX000038665","1964-08","39.583","59.95","108.0","AKMOLLA, TX","0",",I","0",",I","0",",I","","","","","","","19640831","+,,I","","","0.0",",,I,31,+","","","0.0",",,,I","",""
"TX000038665","1964-09","39.583","59.95","108.0","AKMOLLA, TX","0",",I","0",",I","0",",I","","","","","","","19640909","+,,I","","","0.0",",T,I,09,+","","","0.0",",T,,I","",""
"TX000038665","1964-10","39.583","59.95","108.0","AKMOLLA, TX","0",",I","0",",I","0",",I","","","","","","","19641029","+,,I","","","0.0",",T,I,29,+","","","0.0",",T,,I","",""
"TX000038665","1964-11","39.583","59.95","108.0","AKMOLLA, TX","2",",I","1",",I","0",",I","","","","","","","19641110",",,I","","","3.6",",,I,10,","","","4.9",",,,I","",""
"TX000038665","1964-12","39.583","59.95","108.0","AKMOLLA, TX","3","1,I","1","1,I","0","1,I","","","","","","","19641218",",1,I","","","10.9","1,,I,18,","","","11.6","1,,,I","",""
"TX000038665","1965-01","39.583","59.95","108.0","AKMOLLA, TX","6",",I","3",",I","0",",I","","","","","","","19650121",",,I","","","8.6",",,I,21,","","","18.6",",,,I","",""
"TX000038665","1965-02","39.583","59.95","108.0","AKMOLLA, TX","2","1,I","1","1,I","0","1,I","","","","","","","19650216",",1,I","","","3.0","1,,I,16,","","","4.0","1,,,I","",""
"TX000038665","1965-03","39.583","59.95","108.0","AKMOLLA, TX","5",",I","3",",I","0",",I","","","","","","","19650324",",,I","","","14.4",",,I,24,","","","21.3",",,,I","",""
"TX000038665","1965-04","39.583","59.95","108.0","AKMOLLA, TX","0",",I","0",",I","0",",I","","","","","","","19650424","+,,I","","","0.0",",T,I,24,+","","","0.0",",T,,I","",""
"TX000038665","1965-05","39.583","59.95","108.0","AKMOLLA, TX","1","2,I","0","2,I","0","2,I","","","","","","","19650504",",2,I","","","0.7","2,,I,04,","","","0.9","2,,,I","",""
"TX000038665","1965-06","39.583","59.95","108.0","AKMOLLA, TX","0","1,I","0","1,I","0","1,I","","","","","","","19650618",",1,I","","","0.0","1,T,I,18,","","","0.0","1,T,,I","",""
"TX000038665","1965-07","39.583","59.95","108.0","AKMOLLA, TX","0",",I","0",",I","0",",I","","","","","","","19650712","+,,I","","","0.0",",T,I,12,+","","","0.0",",T,,I","",""
"TX000038665","1965-08","39.583","59.95","108.0","AKMOLLA, TX","0","1,I","0","1,I","0","1,I","","","","","","","19650831","+,1,I","","","0.0","1,,I,31,+","","","0.0","1,,,I","",""
"TX000038665","1965-09","39.583","59.95","108.0","AKMOLLA, TX","0",",I","0",",I","0",",I","","","","","","","19650906",",,I","","","0.0",",T,I,06,","","","0.0",",T,,I","",""
"TX000038665","1965-10","39.583","59.95","108.0","AKMOLLA, TX","3","1,I","3","1,I","0","1,I","","","","","","","19651026",",1,I","","","6.8","1,,I,26,","","","15.9","1,,,I","",""
"TX000038665","1965-11","39.583","59.95","108.0","AKMOLLA, TX","3",",I","1",",I","0",",I","","","","","","","19651109",",,I","","","11.0",",,I,09,","","","12.1",",,,I","",""
"TX000038665","1965-12","39.583","59.95","108.0","AKMOLLA, TX","1","2,I","0","2,I","0","2,I","","","","","","","19651202",",2,I","","","1.1","2,,I,02,","","","1.1","2,,,I","",""
"TX000038665","1966-01","39.583","59.95","108.0","AKMOLLA, TX","4",",I","2",",I","0",",I","","","","","","","19660114",",,I","","","12.3",",,I,14,","","","21.2",",,,I","",""
"TX000038665","1966-02","39.583","59.95","108.0","AKMOLLA, TX","4",",I","2",",I","0",",I","","","","","","","19660219",",,I","","","7.7",",,I,19,","","","12.4",",,,I","",""
"TX000038665","1966-03","39.583","59.95","108.0","AKMOLLA, TX","7",",I","2",",I","0",",I","","","","","","","19660302",",,I","","","5.7",",,I,02,","","","16.0",",,,I","",""
"TX000038665","1966-04","39.583","59.95","108.0","AKMOLLA, TX","5","1,I","4","1,I","0","1,I","","","","","","","19660412",",1,I","","","11.4","1,,I,12,","","","32.1","1,,,I","",""
"TX000038665","1966-05","39.583","59.95","108.0","AKMOLLA, TX","1",",I","0",",I","0",",I","","","","","","","19660505",",,I","","","0.6",",,I,05,","","","1.6",",,,I","",""
"TX000038665","1966-06","39.583","59.95","108.0","AKMOLLA, TX","0",",I","0",",I","0",",I","","","","","","","19660627","+,,I","","","0.0",",T,I,27,+","","","0.0",",T,,I","",""
"TX000038665","1966-07","39.583","59.95","108.0","AKMOLLA, TX","0",",I","0",",I","0",",I","","","","","","","19660708",",,I","","","0.0",",T,I,08,","","","0.0",",T,,I","",""
"TX000038665","1966-08","39.583","59.95","108.0","AKMOLLA, TX","0","1,I","0","1,I","0","1,I","","","","","","","19660831","+,1,I","","","0.0","1,,I,31,+","","","0.0","1,,,I","",""
"TX000038665","1966-09","39.583","59.95","108.0","AKMOLLA, TX","1",",I","0",",I","0",",I","","","","","","","19660928",",,I","","","1.9",",,I,28,","","","2.1",",,,I","",""
"TX000038665","1966-10","39.583","59.95","108.0","AKMOLLA, TX","3",",I","2",",I","0",",I","","","","","","","19661015",",,I","","","3.5",",,I,15,","","","7.7",",,,I","",""
"TX000038665","1966-11","39.583","59.95","108.0","AKMOLLA, TX","1","2,I","0","2,I","0","2,I","","","","","","","19661121",",2,I","","","0.3","2,,I,21,","","","0.3","2,,,I","",""
"TX000038665","1966-12","39.583","59.95","108.0","AKMOLLA, TX","3","1,I","0","1,I","0","1,I","","","","","","","19661220",",1,I","","","1.5","1,,I,20,","","","3.6","1,,,I","",""
"TX000038665","1967-01","39.583","59.95","108.0","AKMOLLA, TX","3","1,I","1","1,I","0","1,I","","","","","","","19670122",",1,I","","","5.8","1,,I,22,","","","7.8","1,,,I","",""
"TX000038665","1967-02","39.583","59.95","108.0","AKMOLLA, TX","3",",I","1",",I","0",",I","","","","","","","19670202",",,I","","","3.1",",,I,02,","","","4.8",",,,I","",""
"TX000038665","1967-03","39.583","59.95","108.0","AKMOLLA, TX","8",",I","4",",I","0",",I","","","","","","","19670324",",,I","","","15.6",",,I,24,","","","33.8",",,,I","",""
"TX000038665","1967-04","39.583","59.95","108.0","AKMOLLA, TX","6",",I","3",",I","0",",I","","","","","","","19670429",",,I","","","12.2",",,I,29,","","","28.8",",,,I","",""
"TX000038665","1967-05","39.583","59.95","108.0","AKMOLLA, TX","1",",I","0",",I","0",",I","","","","","","","19670501",",,I","","","0.8",",,I,01,","","","0.8",",,,I","",""
"TX000038665","1967-06","39.583","59.95","108.0","AKMOLLA, TX","0",",I","0",",I","0",",I","","","","","","","19670601",",,I","","","0.0",",T,I,01,","","","0.0",",T,,I","",""
"TX000038665","1967-07","39.583","59.95","108.0","AKMOLLA, TX","0",",I","0",",I","0",",I","","","","","","","19670726","+,,I","","","0.0",",T,I,26,+","","","0.0",",T,,I","",""
"TX000038665","1967-08","39.583","59.95","108.0","AKMOLLA, TX","0",",I","0",",I","0",",I","","","","","","","19670831","+,,I","","","0.0",",,I,31,+","","","0.0",",,,I","",""
"TX000038665","1967-09","39.583","59.95","108.0","AKMOLLA, TX","0",",I","0",",I","0",",I","","","","","","","19670929","+,,I","","","0.0",",T,I,29,+","","","0.0",",T,,I","",""
"TX000038665","1967-10","39.583","59.95","108.0","AKMOLLA, TX","3","1,I","1","1,I","0","1,I","","","","","","","19671013",",1,I","","","2.9","1,,I,13,","","","6.5","1,,,I","",""
"TX000038665","1967-11","39.583","59.95","108.0","AKMOLLA, TX","2","1,I","0","1,I","0","1,I","","","","","","","19671116",",1,I","","","2.2","1,,I,16,","","","3.1","1,,,I","",""
"TX000038665","1967-12","39.583","59.95","108.0","AKMOLLA, TX","4",",I","2",",I","0",",I","","","","","","","19671215",",,I","","","4.2",",,I,15,","","","9.6",",,,I","",""
"TX000038665","1968-01","39.583","59.95","108.0","AKMOLLA, TX","3","1,I","1","1,I","0","1,I","","","","","","","19680117",",1,I","","","5.5","1,,I,17,","","","9.7","1,,,I","",""
"TX000038665","1968-02","39.583","59.95","108.0","AKMOLLA, TX","0",",I","0",",I","0",",I","","","","","","","19680225",",,I","","","0.0",",T,I,25,","","","0.0",",T,,I","",""
"TX000038665","1968-03","39.583","59.95","108.0","AKMOLLA, TX","4",",I","2",",I","0",",I","","","","","","","19680311",",,I","","","7.0",",,I,11,","","","12.3",",,,I","",""
"TX000038665","1968-04","39.583","59.95","108.0","AKMOLLA, TX","4",",I","2",",I","0",",I","","","","","","","19680405",",,I","","","13.1",",,I,05,","","","26.5",",,,I","",""
"TX000038665","1968-05","39.583","59.95","108.0","AKMOLLA, TX","1",",I","0",",I","0",",I","","","","","","","19680524",",,I","","","1.8",",,I,24,","","","1.8",",,,I","",""
"TX000038665","1968-06","39.583","59.95","108.0","AKMOLLA, TX","1",",I","1",",I","0",",I","","","","","","","19680608",",,I","","","2.8",",,I,08,","","","2.8",",,,I","",""
"TX000038665","1968-07","39.583","59.95","108.0","AKMOLLA, TX","1",",I","1",",I","0",",I","","","","","","","19680713",",,I","","","7.0",",,I,13,","","","7.0",",,,I","",""
"TX000038665","1968-08","39.583","59.95","108.0","AKMOLLA, TX","0",",I","0",",I","0",",I","","","","","","","19680827","+,,I","","","0.0",",T,I,27,+","","","0.0",",T,,I","",""
"TX000038665","1968-09","39.583","59.95","108.0","AKMOLLA, TX","0",",I","0",",I","0",",I","","","","","","","19680914","+,,I","","","0.0",",T,I,14,+","","","0.0",",T,,I","",""
"TX000038665","1968-10","39.583","59.95","108.0","AKMOLLA, TX","2","1,I","1","1,I","0","1,I","","","","","","","19681015",",1,I","","","3.2","1,,I,15,","","","3.7","1,,,I","",""
"TX000038665","1968-11","39.583","59.95","108.0","AKMOLLA, TX","4",",I","0",",I","0",",I","","","","","","","19681121",",,I","","","1.9",",,I,21,","","","3.9",",,,I","",""
"TX000038665","1968-12","39.583","59.95","108.0","AKMOLLA, TX","7",",I","3",",I","0",",I","","","","","","","19681216",",,I","","","6.1",",,I,16,","","","19.6",",,,I","",""
"TX000038665","1969-01","39.583","59.95","108.0","AKMOLLA, TX","5",",I","1",",I","0",",I","","","","","","","19690117",",,I","","","3.7",",,I,17,","","","8.0",",,,I","",""
"TX000038665","1969-02","39.583","59.95","108.0","AKMOLLA, TX","2",",I","0",",I","0",",I","","","","","","","19690209",",,I","","","2.2",",,I,09,","","","4.0",",,,I","",""
"TX000038665","1969-03","39.583","59.95","108.0","AKMOLLA, TX","13","1,I","5","1,I","0","1,I","","","","","","","19690323",",1,I","","","12.9","1,,I,23,","","","39.4","1,,,I","",""
"TX000038665","1969-04","39.583","59.95","108.0","AKMOLLA, TX","10",",I","6",",I","0",",I","","","","","","","19690414",",,I","","","15.8",",,I,14,","","","50.2",",,,I","",""
"TX000038665","1969-05","39.583","59.95","108.0","AKMOLLA, TX","5",",I","3",",I","0",",I","","","","","","","19690507",",,I","","","15.0",",,I,07,","","","32.3",",,,I","",""
"TX000038665","1969-06","39.583","59.95","108.0","AKMOLLA, TX","2",",I","0",",I","0",",I","","","","","","","19690626",",,I","","","0.5",",,I,26,","","","0.9",",,,I","",""
"TX000038665","1969-07","39.583","59.95","108.0","AKMOLLA, TX","0",",I","0",",I","0",",I","","","","","","","19690729","+,,I","","","0.0",",T,I,29,+","","","0.0",",T,,I","",""
"TX000038665","1969-08","39.583","59.95","108.0","AKMOLLA, TX","0",",I","0",",I","0",",I","","","","","","","19690831","+,,I","","","0.0",",,I,31,+","","","0.0",",,,I","",""
"TX000038665","1969-09","39.583","59.95","108.0","AKMOLLA, TX","3",",I","0",",I","0",",I","","","","","","","19690911",",,I","","","1.1",",,I,11,","","","2.2",",,,I","",""
"TX000038665","1969-10","39.583","59.95","108.0","AKMOLLA, TX","4","1,I","2","1,I","0","1,I","","","","","","","19691030",",1,I","","","7.4","1,,I,30,","","","11.5","1,,,I","",""
"TX000038665","1969-11","39.583","59.95","108.0","AKMOLLA, TX","6",",I","1",",I","0",",I","","","","","","","19691104",",,I","","","3.2",",,I,04,","","","9.1",",,,I","",""
"TX000038665","1969-12","39.583","59.95","108.0","AKMOLLA, TX","3",",I","1",",I","0",",I","","","","","","","19691203",",,I","","","7.5",",,I,03,","","","8.3",",,,I","",""
"TX000038665","1970-01","39.583","59.95","108.0","AKMOLLA, TX","7",",I","2",",I","0",",I","","","","","","","19700124",",,I","","","9.7",",,I,24,","","","18.0",",,,I","",""
"TX000038665","1970-02","39.583","59.95","108.0","AKMOLLA, TX","2","1,I","0","1,I","0","1,I","","","","","","","19700226",",1,I","","","1.2","1,,I,26,","","","1.9","1,,,I","",""
"TX000038665","1970-03","39.583","59.95","108.0","AKMOLLA, TX","1",",I","0",",I","0",",I","","","","","","","19700324",",,I","","","0.7",",,I,24,","","","0.8",",,,I","",""
"TX000038665","1970-04","39.583","59.95","108.0","AKMOLLA, TX","3","1,I","1","1,I","0","1,I","","","","","","","19700410",",1,I","","","7.6","1,,I,10,","","","10.5","1,,,I","",""
"TX000038665","1970-05","39.583","59.95","108.0","AKMOLLA, TX","3",",I","1",",I","0",",I","","","","","","","19700509",",,I","","","4.6",",,I,09,","","","6.8",",,,I","",""
"TX000038665","1970-06","39.583","59.95","108.0","AKMOLLA, TX","1",",I","0",",I","0",",I","","","","","","","19700610",",,I","","","0.9",",,I,10,","","","0.9",",,,I","",""
"TX000038665","1970-07","39.583","59.95","108.0","AKMOLLA, TX","2",",I","2",",I","0",",I","","","","","","","19700718",",,I","","","14.3",",,I,18,","","","27.9",",,,I","",""
"TX000038665","1970-08","39.583","59.95","108.0","AKMOLLA, TX","0",",I","0",",I","0",",I","","","","","","","19700825",",,I","","","0.2",",,I,25,","","","0.2",",,,I","",""
"TX000038665","1970-09","39.583","59.95","108.0","AKMOLLA, TX","0",",I","0",",I","0",",I","","","","","","","19700930","+,,I","","","0.0",",,I,30,+","","","0.0",",,,I","",""
"TX000038665","1970-10","39.583","59.95","108.0","AKMOLLA, TX","4",",I","1",",I","0",",I","","","","","","","19701031",",,I","","","4.3",",,I,31,","","","7.1",",,,I","",""
"TX000038665","1970-11","39.583","59.95","108.0","AKMOLLA, TX","4",",I","2",",I","0",",I","","","","","","","19701130",",,I","","","9.8",",,I,30,","","","14.1",",,,I","",""
"TX000038665","1970-12","39.583","59.95","108.0","AKMOLLA, TX","5","1,I","3","1,I","0","1,I","","","","","","","19701214",",1,I","","","6.2","1,,I,14,","","","16.1","1,,,I","",""
"TX000038665","1971-01","39.583","59.95","108.0","AKMOLLA, TX","0",",I","0",",I","0",",I","","","","","","","19710120","+,,I","","","0.0",",T,I,20,+","","","0.0",",T,,I","",""
"TX000038665","1971-02","39.583","59.95","108.0","AKMOLLA, TX","2",",I","1",",I","0",",I","","","","","","","19710228",",,I","","","6.9",",,I,28,","","","7.5",",,,I","",""
"TX000038665","1971-03","39.583","59.95","108.0","AKMOLLA, TX","3",",I","2",",I","0",",I","","","","","","","19710321",",,I","","","11.4",",,I,21,","","","18.7",",,,I","",""
"TX000038665","1971-04","39.583","59.95","108.0","AKMOLLA, TX","8",",I","5",",I","0",",I","","","","","","","19710403",",,I","","","11.2",",,I,03,","","","37.2",",,,I","",""
"TX000038665","1971-05","39.583","59.95","108.0","AKMOLLA, TX","0","1,I","0","1,I","0","1,I","","","","","","","19710530","+,1,I","","","0.0","1,T,I,30,+","","","0.0","1,T,,I","",""
"TX000038665","1971-06","39.583","59.95","108.0","AKMOLLA, TX","1",",I","1",",I","0",",I","","","","","","","19710620",",,I","","","3.5",",,I,20,","","","3.5",",,,I","",""
"TX000038665","1971-07","39.583","59.95","108.0","AKMOLLA, TX","0",",I","0",",I","0",",I","","","","","","","19710725","+,,I","","","0.0",",T,I,25,+","","","0.0",",T,,I","",""
"TX000038665","1971-08","39.583","59.95","108.0","AKMOLLA, TX","0",",I","0",",I","0",",I","","","","","","","19710829",",,I","","","0.0",",T,I,29,","","","0.0",",T,,I","",""
"TX000038665","1971-09","39.583","59.95","108.0","AKMOLLA, TX","0",",I","0",",I","0",",I","","","","","","","19710910",",,I","","","0.0",",T,I,10,","","","0.0",",T,,I","",""
"TX000038665","1971-10","39.583","59.95","108.0","AKMOLLA, TX","1",",I","0",",I","0",",I","","","","","","","19711022",",,I","","","1.9",",,I,22,","","","1.9",",,,I","",""
"TX000038665","1971-11","39.583","59.95","108.0","AKMOLLA, TX","4",",I","1",",I","0",",I","","","","","","","19711112",",,I","","","4.2",",,I,12,","","","7.5",",,,I","",""
"TX000038665","1971-12","39.583","59.95","108.0","AKMOLLA, TX","5",",I","3",",I","0",",I","","","","","","","19711216",",,I","","","10.2",",,I,16,","","","21.6",",,,I","",""
"TX000038665","1972-01","39.583","59.95","108.0","AKMOLLA, TX","5",",I","2",",I","0",",I","","","","","","","19720118",",,I","","","7.7",",,I,18,","","","12.1",",,,I","",""
"TX000038665","1972-02","39.583","59.95","108.0","AKMOLLA, TX","1","1,I","0","1,I","0","1,I","","","","","","","19720219",",1,I","","","1.8","1,,I,19,","","","1.9","1,,,I","",""
"TX000038665","1972-03","39.583","59.95","108.0","AKMOLLA, TX","6",",I","2",",I","0",",I","","","","","","","19720318",",,I","","","7.3",",,I,18,","","","15.1",",,,I","",""
"TX000038665","1972-04","39.583","59.95","108.0","AKMOLLA, TX","2",",I","0",",I","0",",I","","","","","","","19720406",",,I","","","1.3",",,I,06,","","","2.1",",,,I","",""
"TX000038665","1972-05","39.583","59.95","108.0","AKMOLLA, TX","6",",I","3",",I","0",",I","","","","","","","19720510",",,I","","","11.4",",,I,10,","","","21.4",",,,I","",""
"TX000038665","1972-06","39.583","59.95","108.0","AKMOLLA, TX","1",",I","0",",I","0",",I","","","","","","","19720613",",,I","","","0.4",",,I,13,","","","0.4",",,,I","",""
"TX000038665","1972-07","39.583","59.95","108.0","AKMOLLA, TX","0",",I","0",",I","0",",I","","","","","","","19720725","+,,I","","","0.0",",T,I,25,+","","","0.0",",T,,I","",""
"TX000038665","1972-08","39.583","59.95","108.0","AKMOLLA, TX","0",",I","0",",I","0",",I","","","","","","","19720802","+,,I","","","0.0",",T,I,02,+","","","0.0",",T,,I","",""
"TX000038665","1972-09","39.583","59.95","108.0","AKMOLLA, TX","0","1,I","0","1,I","0","1,I","","","","","","","19720917",",1,I","","","0.0","1,T,I,17,","","","0.0","1,T,,I","",""
"TX000038665","1972-10","39.583","59.95","108.0","AKMOLLA, TX","1",",I","0",",I","0",",I","","","","","","","19721031",",,I","","","1.4",",,I,31,","","","1.4",",,,I","",""
"TX000038665","1972-11","39.583","59.95","108.0","AKMOLLA, TX","2",",I","1",",I","0",",I","","","","","","","19721106",",,I","","","3.4",",,I,06,","","","4.1",",,,I","",""
"TX000038665","1972-12","39.583","59.95","108.0","AKMOLLA, TX","7","2,I","3","2,I","0","2,I","","","","","","","19721202",",2,I","","","11.4","2,,I,02,","","","28.5","2,,,I","",""
"TX000038665","1973-01","39.583","59.95","108.0","AKMOLLA, TX","5",",I","1",",I","0",",I","","","","","","","19730116",",,I","","","10.8",",,I,16,","","","14.4",",,,I","",""
"TX000038665","1973-02","39.583","59.95","108.0","AKMOLLA, TX","4","1,I","2","1,I","0","1,I","","","","","","","19730223",",1,I","","","4.7","1,,I,23,","","","8.7","1,,,I","",""
"TX000038665","1973-03","39.583","59.95","108.0","AKMOLLA, TX","7",",I","2",",I","0",",I","","","","","","","19730323",",,I","","","9.3",",,I,23,","","","17.7",",,,I","",""
"TX000038665","1973-04","39.583","59.95","108.0","AKMOLLA, TX","5",",I","2",",I","0",",I","","","","","","","19730411",",,I","","","7.8",",,I,11,","","","15.2",",,,I","",""
"TX000038665","1973-05","39.583","59.95","108.0","AKMOLLA, TX","3","1,I","2","1,I","0","1,I","","","","","","","19730503",",1,I","","","3.0","1,,I,03,","","","6.5","1,,,I","",""
"TX000038665","1973-06","39.583","59.95","108.0","AKMOLLA, TX","0",",I","0",",I","0",",I","","","","","","","19730609","+,,I","","","0.0",",T,I,09,+","","","0.0",",T,,I","",""
"TX000038665","1973-07","39.583","59.95","108.0","AKMOLLA, TX","0",",I","0",",I","0",",I","","","","","","","19730724","+,,I","","","0.0",",T,I,24,+","","","0.0",",T,,I","",""
"TX000038665","1973-08","39.583","59.95","108.0","AKMOLLA, TX","0",",I","0",",I","0",",I","","","","","","","19730831","+,,I","","","0.0",",,I,31,+","","","0.0",",,,I","",""
"TX000038665","1973-09","39.583","59.95","108.0","AKMOLLA, TX","0",",I","0",",I","0",",I","","","","","","","19730928","+,,I","","","0.0",",T,I,28,+","","","0.0",",T,,I","",""
"TX000038665","1973-10","39.583","59.95","108.0","AKMOLLA, TX","1",",I","0",",I","0",",I","","","","","","","19731030",",,I","","","1.7",",,I,30,","","","1.7",",,,I","",""
"TX000038665","1973-11","39.583","59.95","108.0","AKMOLLA, TX","4","1,I","1","1,I","0","1,I","","","","","","","19731125",",1,I","","","4.0","1,,I,25,","","","8.9","1,,,I","",""
"TX000038665","1973-12","39.583","59.95","108.0","AKMOLLA, TX","6","1,I","2","1,I","0","1,I","","","","","","","19731230",",1,I","","","3.4","1,,I,30,","","","10.1","1,,,I","",""
"TX000038665","1974-01","39.583","59.95","108.0","AKMOLLA, TX","3",",I","0",",I","0",",I","","","","","","","19740125","+,,I","","","2.1",",,I,25,+","","","4.6",",,,I","",""
"TX000038665","1974-02","39.583","59.95","108.0","AKMOLLA, TX","3",",I","1",",I","0",",I","","","","","","","19740217",",,I","","","5.7",",,I,17,","","","8.6",",,,I","",""
"TX000038665","1974-03","39.583","59.95","108.0","AKMOLLA, TX","1",",I","0",",I","0",",I","","","","","","","19740302",",,I","","","0.6",",,I,02,","","","0.6",",,,I","",""
"TX000038665","1974-04","39.583","59.95","108.0","AKMOLLA, TX","9",",I","4",",I","0",",I","","","","","","","19740411",",,I","","","12.5",",,I,11,","","","33.2",",,,I","",""
"TX000038665","1974-05","39.583","59.95","108.0","AKMOLLA, TX","2",",I","1",",I","0",",I","","","","","","","19740502",",,I","","","3.7",",,I,02,","","","5.8",",,,I","",""
"TX000038665","1974-06","39.583","59.95","108.0","AKMOLLA, TX","1",",I","0",",I","0",",I","","","","","","","19740608",",,I","","","0.3",",,I,08,","","","0.3",",,,I","",""
"TX000038665","1974-07","39.583","59.95","108.0","AKMOLLA, TX","0",",I","0",",I","0",",I","","","","","","","19740731","+,,I","","","0.0",",T,I,31,+","","","0.0",",T,,I","",""
"TX000038665","1974-08","39.583","59.95","108.0","AKMOLLA, TX","0","1,I","0","1,I","0","1,I","","","","","","","19740826","+,1,I","","","0.0","1,T,I,26,+","","","0.0","1,T,,I","",""
"TX000038665","1974-09","39.583","59.95","108.0","AKMOLLA, TX","0","2,I","0","2,I","0","2,I","","","","","","","19740925","+,2,I","","","0.0","2,T,I,25,+","","","0.0","2,T,,I","",""
"TX000038665","1974-10","39.583","59.95","108.0","AKMOLLA, TX","0",",I","0",",I","0",",I","","","","","","","19741013","+,,I","","","0.0",",T,I,13,+","","","0.0",",T,,I","",""
"TX000038665","1974-11","39.583","59.95","108.0","AKMOLLA, TX","3",",I","1",",I","0",",I","","","","","","","19741128",",,I","","","2.7",",,I,28,","","","4.3",",,,I","",""
"TX000038665","1974-12","39.583","59.95","108.0","AKMOLLA, TX","3",",I","1",",I","0",",I","","","","","","","19741224",",,I","","","10.3",",,I,24,","","","10.9",",,,I","",""
"TX000038665","1975-01","39.583","59.95","108.0","AKMOLLA, TX","3",",I","1",",I","0",",I","","","","","","","19750125",",,I","","","5.4",",,I,25,","","","7.3",",,,I","",""
"TX000038665","1975-02","39.583","59.95","108.0","AKMOLLA, TX","3",",I","2",",I","0",",I","","","","","","","19750222",",,I","","","3.3",",,I,22,","","","7.7",",,,I","",""
"TX000038665","1975-03","39.583","59.95","108.0","AKMOLLA, TX","1",",I","0",",I","0",",I","","","","","","","19750303",",,I","","","1.3",",,I,03,","","","1.4",",,,I","",""
"TX000038665","1975-04","39.583","59.95","108.0","AKMOLLA, TX","0",",I","0",",I","0",",I","","","","","","","19750419","+,,I","","","0.0",",T,I,19,+","","","0.0",",T,,I","",""
"TX000038665","1975-05","39.583","59.95","108.0","AKMOLLA, TX","1",",I","0",",I","0",",I","","","","","","","19750519",",,I","","","0.6",",,I,19,","","","0.6",",,,I","",""
"TX000038665","1975-06","39.583","59.95","108.0","AKMOLLA, TX","0",",I","0",",I","0",",I","","","","","","","19750601",",,I","","","0.0",",T,I,01,","","","0.0",",T,,I","",""
"TX000038665","1975-07","39.583","59.95","108.0","AKMOLLA, TX","0",",I","0",",I","0",",I","","","","","","","19750731","+,,I","","","0.0",",,I,31,+","","","0.0",",,,I","",""
"TX000038665","1975-10","39.583","59.95","108.0","AKMOLLA, TX","2",",I","0",",I","0",",I","","","","","","","19751030","+,,I","","","0.4",",,I,30,+","","","0.8",",,,I","",""
"TX000038665","1975-11","39.583","59.95","108.0","AKMOLLA, TX","3",",I","1",",I","0",",I","","","","","","","19751128",",,I","","","4.0",",,I,28,","","","5.3",",,,I","",""
"TX000038665","1975-12","39.583","59.95","108.0","AKMOLLA, TX","5",",I","1",",I","0",",I","","","","","","","19751231",",,I","","","3.8",",,I,31,","","","8.7",",,,I","",""
"TX000038665","1976-01","39.583","59.95","108.0","AKMOLLA, TX","1",",I","0",",I","0",",I","","","","","","","19760109",",,I","","","0.3",",,I,09,","","","0.4",",,,I","",""
"TX000038665","1976-02","39.583","59.95","108.0","AKMOLLA, TX","5",",I","0",",I","0",",I","","","","","","","19760206",",,I","","","2.4",",,I,06,","","","6.9",",,,I","",""
"TX000038665","1976-03","39.583","59.95","108.0","AKMOLLA, TX","2",",I","0",",I","0",",I","","","","","","","19760302",",,I","","","1.3",",,I,02,","","","2.0",",,,I","",""
"TX000038665","1976-04","39.583","59.95","108.0","AKMOLLA, TX","8",",I","4",",I","0",",I","","","","","","","19760422",",,I","","","14.0",",,I,22,","","","38.6",",,,I","",""
"TX000038665","1976-05","39.583","59.95","108.0","AKMOLLA, TX","7",",I","4",",I","0",",I","","","","","","","19760517",",,I","","","4.9",",,I,17,","","","17.5",",,,I","",""
"TX000038665","1976-06","39.583","59.95","108.0","AKMOLLA, TX","0",",I","0",",I","0",",I","","","","","","","19760613","+,,I","","","0.0",",T,I,13,+","","","0.0",",T,,I","",""
"TX000038665","1976-07","39.583","59.95","108.0","AKMOLLA, TX","0",",I","0",",I","0",",I","","","","","","","19760722","+,,I","","","0.0",",T,I,22,+","","","0.0",",T,,I","",""
"TX000038665","1976-08","39.583","59.95","108.0","AKMOLLA, TX","0",",I","0",",I","0",",I","","","","","","","19760831","+,,I","","","0.0",",,I,31,+","","","0.0",",,,I","",""
"TX000038665","1976-09","39.583","59.95","108.0","AKMOLLA, TX","1",",I","1",",I","0",",I","","","","","","","19760910",",,I","","","6.4",",,I,10,","","","6.4",",,,I","",""
"TX000038665","1976-10","39.583","59.95","108.0","AKMOLLA, TX","4","2,I","2","2,I","0","2,I","","","","","","","19761030",",2,I","","","9.7","2,,I,30,","","","19.3","2,,,I","",""
"TX000038665","1976-11","39.583","59.95","108.0","AKMOLLA, TX","1",",I","0",",I","0",",I","","","","","","","19761129",",,I","","","1.2",",,I,29,","","","1.2",",,,I","",""
"TX000038665","1976-12","39.583","59.95","108.0","AKMOLLA, TX","3",",I","1",",I","0",",I","","","","","","","19761218",",,I","","","6.2",",,I,18,","","","10.0",",,,I","",""
"TX000038665","1977-01","39.583","59.95","108.0","AKMOLLA, TX","8",",I","3",",I","0",",I","","","","","","","19770101",",,I","","","6.5",",,I,01,","","","17.5",",,,I","",""
"TX000038665","1977-02","39.583","59.95","108.0","AKMOLLA, TX","3",",I","0",",I","0",",I","","","","","","","19770208","+,,I","","","0.6",",,I,08,+","","","1.6",",,,I","",""
"TX000038665","1977-03","39.583","59.95","108.0","AKMOLLA, TX","2",",I","1",",I","0",",I","","","","","","","19770328",",,I","","","4.0",",,I,28,","","","6.4",",,,I","",""
"TX000038665","1977-04","39.583","59.95","108.0","AKMOLLA, TX","2",",I","1",",I","0",",I","","","","","","","19770416",",,I","","","5.8",",,I,16,","","","6.1",",,,I","",""
"TX000038665","1977-05","39.583","59.95","108.0","AKMOLLA, TX","3",",I","0",",I","0",",I","","","","","","","19770512",",,I","","","1.3",",,I,12,","","","2.2",",,,I","",""
"TX000038665","1977-06","39.583","59.95","108.0","AKMOLLA, TX","0",",I","0",",I","0",",I","","","","","","","19770630","+,,I","","","0.0",",,I,30,+","","","0.0",",,,I","",""
"TX000038665","1977-07","39.583","59.95","108.0","AKMOLLA, TX","1",",I","0",",I","0",",I","","","","","","","19770712",",,I","","","0.4",",,I,12,","","","0.4",",,,I","",""
"TX000038665","1977-08","39.583","59.95","108.0","AKMOLLA, TX","1",",I","0",",I","0",",I","","","","","","","19770819",",,I","","","0.6",",,I,19,","","","0.6",",,,I","",""
"TX000038665","1977-09","39.583","59.95","108.0","AKMOLLA, TX","0",",I","0",",I","0",",I","","","","","","","19770930","+,,I","","","0.0",",,I,30,+","","","0.0",",,,I","",""
"TX000038665","1977-10","39.583","59.95","108.0","AKMOLLA, TX","3",",I","1",",I","0",",I","","","","","","","19771022",",,I","","","3.3",",,I,22,","","","6.1",",,,I","",""
"TX000038665","1977-11","39.583","59.95","108.0","AKMOLLA, TX","8",",I","5",",I","0",",I","","","","","","","19771114",",,I","","","22.9",",,I,14,","","","48.2",",,,I","",""
"TX000038665","1977-12","39.583","59.95","108.0","AKMOLLA, TX","8",",I","4",",I","0",",I","","","","","","","19771224",",,I","","","6.5",",,I,24,","","","22.9",",,,I","",""
"TX000038665","1978-01","39.583","59.95","108.0","AKMOLLA, TX","5",",I","1",",I","0",",I","","","","","","","19780106",",,I","","","9.1",",,I,06,","","","14.3",",,,I","",""
"TX000038665","1978-02","39.583","59.95","108.0","AKMOLLA, TX","3",",I","2",",I","0",",I","","","","","","","19780225",",,I","","","11.2",",,I,25,","","","15.3",",,,I","",""
"TX000038665","1978-03","39.583","59.95","108.0","AKMOLLA, TX","4",",I","1",",I","0",",I","","","","","","","19780314",",,I","","","14.7",",,I,14,","","","18.1",",,,I","",""
"TX000038665","1978-04","39.583","59.95","108.0","AKMOLLA, TX","5",",I","4",",I","0",",I","","","","","","","19780415",",,I","","","12.3",",,I,15,","","","24.1",",,,I","",""
"TX000038665","1978-05","39.583","59.95","108.0","AKMOLLA, TX","7",",I","2",",I","0",",I","","","","","","","19780523",",,I","","","5.6",",,I,23,","","","16.3",",,,I","",""
"TX000038665","1978-06","39.583","59.95","108.0","AKMOLLA, TX","6",",I","3",",I","0",",I","","","","","","","19780615","+,,I","","","4.2",",,I,15,+","","","13.1",",,,I","",""
"TX000038665","1978-07","39.583","59.95","108.0","AKMOLLA, TX","0",",I","0",",I","0",",I","","","","","","","19780731","+,,I","","","0.0",",,I,31,+","","","0.0",",,,I","",""
"TX000038665","1978-08","39.583","59.95","108.0","AKMOLLA, TX","0",",I","0",",I","0",",I","","","","","","","19780831","+,,I","","","0.0",",,I,31,+","","","0.0",",,,I","",""
"TX000038665","1978-09","39.583","59.95","108.0","AKMOLLA, TX","0",",I","0",",I","0",",I","","","","","","","19780930","+,,I","","","0.0",",,I,30,+","","","0.0",",,,I","",""
"TX000038665","1978-10","39.583","59.95","108.0","AKMOLLA, TX","0",",I","0",",I","0",",I","","","","","","","19781031","+,,I","","","0.0",",,I,31,+","","","0.0",",,,I","",""
"TX000038665","1978-11","39.583","59.95","108.0","AKMOLLA, TX","6",",I","4",",I","0",",I","","","","","","","19781121",",,I","","","8.9",",,I,21,","","","28.2",",,,I","",""
"TX000038665","1978-12","39.583","59.95","108.0","AKMOLLA, TX","5",",I","1",",I","0",",I","","","","","","","19781204",",,I","","","4.3",",,I,04,","","","9.7",",,,I","",""
"TX000038665","1979-01","39.583","59.95","108.0","AKMOLLA, TX","4",",I","2",",I","0",",I","","","","","","","19790124",",,I","","","4.8",",,I,24,","","","10.4",",,,I","",""
"TX000038665","1979-02","39.583","59.95","108.0","AKMOLLA, TX","7",",I","2",",I","0",",I","","","","","","","19790212",",,I","","","11.1",",,I,12,","","","20.1",",,,I","",""
"TX000038665","1979-03","39.583","59.95","108.0","AKMOLLA, TX","6",",I","4",",I","0",",I","","","","","","","19790326",",,I","","","12.7",",,I,26,","","","29.1",",,,I","",""
"TX000038665","1979-04","39.583","59.95","108.0","AKMOLLA, TX","2",",I","1",",I","0",",I","","","","","","","19790426",",,I","","","7.6",",,I,26,","","","8.3",",,,I","",""
"TX000038665","1979-05","39.583","59.95","108.0","AKMOLLA, TX","1",",I","0",",I","0",",I","","","","","","","19790502",",,I","","","0.9",",,I,02,","","","0.9",",,,I","",""
"TX000038665","1979-06","39.583","59.95","108.0","AKMOLLA, TX","0",",I","0",",I","0",",I","","","","","","","19790630","+,,I","","","0.0",",,I,30,+","","","0.0",",,,I","",""
"TX000038665","1979-07","39.583","59.95","108.0","AKMOLLA, TX","0",",I","0",",I","0",",I","","","","","","","19790731","+,,I","","","0.0",",,I,31,+","","","0.0",",,,I","",""
"TX000038665","1979-08","39.583","59.95","108.0","AKMOLLA, TX","0",",I","0",",I","0",",I","","","","","","","19790831","+,,I","","","0.0",",,I,31,+","","","0.0",",,,I","",""
"TX000038665","1979-09","39.583","59.95","108.0","AKMOLLA, TX","0",",I","0",",I","0",",I","","","","","","","19790930","+,,I","","","0.0",",,I,30,+","","","0.0",",,,I","",""
"TX000038665","1979-10","39.583","59.95","108.0","AKMOLLA, TX","4",",I","1",",I","0",",I","","","","","","","19791028",",,I","","","16.3",",,I,28,","","","18.3",",,,I","",""
"TX000038665","1979-11","39.583","59.95","108.0","AKMOLLA, TX","2",",I","1",",I","0",",I","","","","","","","19791105",",,I","","","14.6",",,I,05,","","","15.9",",,,I","",""
"TX000038665","1979-12","39.583","59.95","108.0","AKMOLLA, TX","6",",I","2",",I","0",",I","","","","","","","19791217",",,I","","","3.7",",,I,17,","","","11.7",",,,I","",""
"TX000038665","1980-01","39.583","59.95","108.0","AKMOLLA, TX","5",",I","1",",I","0",",I","","","","","","","19800109",",,I","","","3.8",",,I,09,","","","6.0",",,,I","",""
"TX000038665","1980-02","39.583","59.95","108.0","AKMOLLA, TX","4",",I","2",",I","1",",I","","","","","","","19800212",",,I","","","26.7",",,I,12,","","","42.7",",,,I","",""
"TX000038665","1980-03","39.583","59.95","108.0","AKMOLLA, TX","2",",I","1",",I","1",",I","","","","","","","19800327",",,I","","","33.8",",,I,27,","","","35.4",",,,I","",""
"TX000038665","1980-04","39.583","59.95","108.0","AKMOLLA, TX","6",",I","2",",I","0",",I","","","","","","","19800428",",,I","","","10.4",",,I,28,","","","24.7",",,,I","",""
"TX000038665","1980-05","39.583","59.95","108.0","AKMOLLA, TX","3",",I","1",",I","0",",I","","","","","","","19800510",",,I","","","11.0",",,I,10,","","","14.0",",,,I","",""
"TX000038665","1980-06","39.583","59.95","108.0","AKMOLLA, TX","0",",I","0",",I","0",",I","","","","","","","19800630","+,,I","","","0.0",",,I,30,+","","","0.0",",,,I","",""
"TX000038665","1980-07","39.583","59.95","108.0","AKMOLLA, TX","0",",I","0",",I","0",",I","","","","","","","19800731","+,,I","","","0.0",",,I,31,+","","","0.0",",,,I","",""
"TX000038665","1980-08","39.583","59.95","108.0","AKMOLLA, TX","0",",I","0",",I","0",",I","","","","","","","19800831","+,,I","","","0.0",",,I,31,+","","","0.0",",,,I","",""
"TX000038665","1980-09","39.583","59.95","108.0","AKMOLLA, TX","0",",I","0",",I","0",",I","","","","","","","19800930","+,,I","","","0.0",",,I,30,+","","","0.0",",,,I","",""
"TX000038665","1980-10","39.583","59.95","108.0","AKMOLLA, TX","4",",I","2",",I","0",",I","","","","","","","19801015",",,I","","","5.4",",,I,15,","","","10.3",",,,I","",""
"TX000038665","1980-11","39.583","59.95","108.0","AKMOLLA, TX","3",",I","2",",I","0",",I","","","","","","","19801124","+,,I","","","3.1",",,I,24,+","","","6.5",",,,I","",""
"TX000038665","1980-12","39.583","59.95","108.0","AKMOLLA, TX","2",",I","2",",I","0",",I","","","","","","","19801227",",,I","","","7.3",",,I,27,","","","9.9",",,,I","",""
"TX000038665","1981-01","39.583","59.95","108.0","AKMOLLA, TX","4",",I","1",",I","0",",I","","","","","","","19810112",",,I","","","6.9",",,I,12,","","","11.2",",,,I","",""
"TX000038665","1981-02","39.583","59.95","108.0","AKMOLLA, TX","1",",I","1",",I","0",",I","","","","","","","19810227",",,I","","","3.5",",,I,27,","","","3.6",",,,I","",""
"TX000038665","1981-03","39.583","59.95","108.0","AKMOLLA, TX","7",",I","3",",I","0",",I","","","","","","","19810329",",,I","","","21.5",",,I,29,","","","34.0",",,,I","",""
"TX000038665","1981-04","39.583","59.95","108.0","AKMOLLA, TX","8",",I","4",",I","0",",I","","","","","","","19810429",",,I","","","19.2",",,I,29,","","","59.7",",,,I","",""
"TX000038665","1981-05","39.583","59.95","108.0","AKMOLLA, TX","6",",I","4",",I","0",",I","","","","","","","19810504",",,I","","","10.0",",,I,04,","","","25.8",",,,I","",""
"TX000038665","1981-06","39.583","59.95","108.0","AKMOLLA, TX","2",",I","0",",I","0",",I","","","","","","","19810627",",,I","","","1.2",",,I,27,","","","2.0",",,,I","",""
"TX000038665","1981-07","39.583","59.95","108.0","AKMOLLA, TX","0",",I","0",",I","0",",I","","","","","","","19810731","+,,I","","","0.0",",,I,31,+","","","0.0",",,,I","",""
"TX000038665","1981-08","39.583","59.95","108.0","AKMOLLA, TX","0",",I","0",",I","0",",I","","","","","","","19810831","+,,I","","","0.0",",,I,31,+","","","0.0",",,,I","",""
"TX000038665","1981-09","39.583","59.95","108.0","AKMOLLA, TX","1",",I","1",",I","0",",I","","","","","","","19810922",",,I","","","13.4",",,I,22,","","","13.4",",,,I","",""
"TX000038665","1981-10","39.583","59.95","108.0","AKMOLLA, TX","2",",I","0",",I","0",",I","","","","","","","19811009",",,I","","","0.4",",,I,09,","","","0.7",",,,I","",""
"TX000038665","1981-11","39.583","59.95","108.0","AKMOLLA, TX","3",",I","1",",I","0",",I","","","","","","","19811123",",,I","","","3.6",",,I,23,","","","4.9",",,,I","",""
"TX000038665","1981-12","39.583","59.95","108.0","AKMOLLA, TX","0",",I","0",",I","0",",I","","","","","","","19811231","+,,I","","","0.0",",,I,31,+","","","0.0",",,,I","",""
"TX000038665","1982-01","39.583","59.95","108.0","AKMOLLA, TX","6",",I","2",",I","0",",I","","","","","","","19820117",",,I","","","5.4",",,I,17,","","","14.5",",,,I","",""
"TX000038665","1982-02","39.583","59.95","108.0","AKMOLLA, TX","5",",I","0",",I","0",",I","","","","","","","19820215","+,,I","","","1.2",",,I,15,+","","","3.8",",,,I","",""
"TX000038665","1982-03","39.583","59.95","108.0","AKMOLLA, TX","1",",I","1",",I","0",",I","","","","","","","19820325",",,I","","","7.8",",,I,25,","","","8.0",",,,I","",""
"TX000038665","1982-04","39.583","59.95","108.0","AKMOLLA, TX","1",",I","1",",I","0",",I","","","","","","","19820421",",,I","","","2.9",",,I,21,","","","2.9",",,,I","",""
"TX000038665","1982-05","39.583","59.95","108.0","AKMOLLA, TX","4",",I","2",",I","0",",I","","","","","","","19820524",",,I","","","20.7",",,I,24,","","","29.1",",,,I","",""
"TX000038665","1982-06","39.583","59.95","108.0","AKMOLLA, TX","2",",I","1",",I","0",",I","","","","","","","19820629",",,I","","","3.3",",,I,29,","","","3.7",",,,I","",""
"TX000038665","1982-07","39.583","59.95","108.0","AKMOLLA, TX","0",",I","0",",I","0",",I","","","","","","","19820731","+,,I","","","0.0",",,I,31,+","","","0.0",",,,I","",""
"TX000038665","1982-08","39.583","59.95","108.0","AKMOLLA, TX","0",",I","0",",I","0",",I","","","","","","","19820831","+,,I","","","0.0",",,I,31,+","","","0.0",",,,I","",""
"TX000038665","1982-09","39.583","59.95","108.0","AKMOLLA, TX","0",",I","0",",I","0",",I","","","","","","","19820930","+,,I","","","0.0",",,I,30,+","","","0.0",",,,I","",""
"TX000038665","1982-10","39.583","59.95","108.0","AKMOLLA, TX","1",",I","0",",I","0",",I","","","","","","","19821010",",,I","","","0.5",",,I,10,","","","0.5",",,,I","",""
"TX000038665","1982-11","39.583","59.95","108.0","AKMOLLA, TX","2",",I","1",",I","0",",I","","","","","","","19821110",",,I","","","3.3",",,I,10,","","","3.9",",,,I","",""
"TX000038665","1982-12","39.583","59.95","108.0","AKMOLLA, TX","0",",I","0",",I","0",",I","","","","","","","19821231","+,,I","","","0.0",",,I,31,+","","","0.0",",,,I","",""
"TX000038665","1983-01","39.583","59.95","108.0","AKMOLLA, TX","4",",I","2",",I","0",",I","","","","","","","19830125",",,I","","","6.0",",,I,25,","","","12.3",",,,I","",""
"TX000038665","1983-02","39.583","59.95","108.0","AKMOLLA, TX","1",",I","1",",I","0",",I","","","","","","","19830218",",,I","","","4.0",",,I,18,","","","4.0",",,,I","",""
"TX000038665","1983-03","39.583","59.95","108.0","AKMOLLA, TX","3",",I","3",",I","0",",I","","","","","","","19830324",",,I","","","14.5",",,I,24,","","","21.9",",,,I","",""
"TX000038665","1983-04","39.583","59.95","108.0","AKMOLLA, TX","4",",I","2",",I","0",",I","","","","","","","19830406",",,I","","","4.3",",,I,06,","","","11.9",",,,I","",""
"TX000038665","1983-05","39.583","59.95","108.0","AKMOLLA, TX","0",",I","0",",I","0",",I","","","","","","","19830531","+,,I","","","0.0",",,I,31,+","","","0.0",",,,I","",""
"TX000038665","1983-06","39.583","59.95","108.0","AKMOLLA, TX","3",",I","0",",I","0",",I","","","","","","","19830626",",,I","","","0.9",",,I,26,","","","1.8",",,,I","",""
"TX000038665","1983-07","39.583","59.95","108.0","AKMOLLA, TX","0",",I","0",",I","0",",I","","","","","","","19830731","+,,I","","","0.0",",,I,31,+","","","0.0",",,,I","",""
"TX000038665","1983-08","39.583","59.95","108.0","AKMOLLA, TX","0",",I","0",",I","0",",I","","","","","","","19830831","+,,I","","","0.0",",,I,31,+","","","0.0",",,,I","",""
"TX000038665","1983-09","39.583","59.95","108.0","AKMOLLA, TX","1",",I","0",",I","0",",I","","","","","","","19830928",",,I","","","1.9",",,I,28,","","","1.9",",,,I","",""
"TX000038665","1983-10","39.583","59.95","108.0","AKMOLLA, TX","0",",I","0",",I","0",",I","","","","","","","19831031","+,,I","","","0.0",",,I,31,+","","","0.0",",,,I","",""
"TX000038665","1983-11","39.583","59.95","108.0","AKMOLLA, TX","3",",I","2",",I","0",",I","","","","","","","19831103",",,I","","","8.4",",,I,03,","","","15.1",",,,I","",""
"TX000038665","1983-12","39.583","59.95","108.0","AKMOLLA, TX","2",",I","2",",I","0",",I","","","","","","","19831213",",,I","","","23.4",",,I,13,","","","27.6",",,,I","",""
"TX000038665","1985-02","39.583","59.95","108.0","AKMOLLA, TX","3","2,I","2","2,I","0","2,I","","","","","","","19850223",",2,I","","","3.5","2,,I,23,","","","7.7","2,,,I","",""
"TX000038665","1985-03","39.583","59.95","108.0","AKMOLLA, TX","3","4,I","1","4,I","0","4,I","","","","","","","19850323",",4,I","","","6.8","4,,I,23,","","","8.2","4,,,I","",""
"TX000038665","1985-04","39.583","59.95","108.0","AKMOLLA, TX","3",",I","0",",I","0",",I","","","","","","","19850430",",,I","","","1.5",",,I,30,","","","2.8",",,,I","",""
"TX000038665","1985-05","39.583","59.95","108.0","AKMOLLA, TX","4",",I","2",",I","0",",I","","","","","","","19850505",",,I","","","11.7",",,I,05,","","","17.7",",,,I","",""
"TX000038665","1985-06","39.583","59.95","108.0","AKMOLLA, TX","0",",I","0",",I","0",",I","","","","","","","19850630","+,,I","","","0.0",",,I,30,+","","","0.0",",,,I","",""
"TX000038665","1985-07","39.583","59.95","108.0","AKMOLLA, TX","0",",I","0",",I","0",",I","","","","","","","19850731","+,,I","","","0.0",",,I,31,+","","","0.0",",,,I","",""
"TX000038665","1985-08","39.583","59.95","108.0","AKMOLLA, TX","2",",I","0",",I","0",",I","","","","","","","19850829",",,I","","","1.1",",,I,29,","","","1.6",",,,I","",""
"TX000038665","1985-09","39.583","59.95","108.0","AKMOLLA, TX","1",",I","0",",I","0",",I","","","","","","","19850921",",,I","","","1.1",",,I,21,","","","1.1",",,,I","",""
"TX000038665","1985-10","39.583","59.95","108.0","AKMOLLA, TX","0",",I","0",",I","0",",I","","","","","","","19851029","+,,I","","","0.0",",T,I,29,+","","","0.0",",T,,I","",""
"TX000038665","1985-11","39.583","59.95","108.0","AKMOLLA, TX","0",",I","0",",I","0",",I","","","","","","","19851130","+,,I","","","0.0",",,I,30,+","","","0.0",",,,I","",""
"TX000038665","1985-12","39.583","59.95","108.0","AKMOLLA, TX","5",",I","3",",I","0",",I","","","","","","","19851220",",,I","","","5.2",",,I,20,","","","13.3",",,,I","",""
"TX000038665","1986-01","39.583","59.95","108.0","AKMOLLA, TX","3",",I","1",",I","0",",I","","","","","","","19860116",",,I","","","6.5",",,I,16,","","","10.1",",,,I","",""
"TX000038665","1986-02","39.583","59.95","108.0","AKMOLLA, TX","1",",I","0",",I","0",",I","","","","","","","19860201",",,I","","","0.7",",,I,01,","","","0.7",",,,I","",""
"TX000038665","1986-03","39.583","59.95","108.0","AKMOLLA, TX","1",",I","0",",I","0",",I","","","","","","","19860310",",,I","","","1.4",",,I,10,","","","1.6",",,,I","",""
"TX000038665","1986-05","39.583","59.95","108.0","AKMOLLA, TX","3",",I","0",",I","0",",I","","","","","","","19860514","+,,I","","","1.3",",,I,14,+","","","3.2",",,,I","",""
"TX000038665","1986-06","39.583","59.95","108.0","AKMOLLA, TX","0",",I","0",",I","0",",I","","","","","","","19860630","+,,I","","","0.0",",,I,30,+","","","0.0",",,,I","",""
"TX000038665","1986-07","39.583","59.95","108.0","AKMOLLA, TX","0",",I","0",",I","0",",I","","","","","","","19860731","+,,I","","","0.0",",,I,31,+","","","0.0",",,,I","",""
"TX000038665","1986-08","39.583","59.95","108.0","AKMOLLA, TX","0",",I","0",",I","0",",I","","","","","","","19860831","+,,I","","","0.0",",,I,31,+","","","0.0",",,,I","",""
"TX000038665","1986-09","39.583","59.95","108.0","AKMOLLA, TX","1",",I","0",",I","0",",I","","","","","","","19860929",",,I","","","1.7",",,I,29,","","","1.7",",,,I","",""
"TX000038665","1986-10","39.583","59.95","108.0","AKMOLLA, TX","1",",I","1",",I","0",",I","","","","","","","19861012",",,I","","","3.0",",,I,12,","","","3.0",",,,I","",""
"TX000038665","1986-12","39.583","59.95","108.0","AKMOLLA, TX","3",",I","2",",I","0",",I","","","","","","","19861203",",,I","","","7.6",",,I,03,","","","12.8",",,,I","",""
"TX000038665","1987-01","39.583","59.95","108.0","AKMOLLA, TX","0",",I","0",",I","0",",I","","","","","","","19870131","+,,I","","","0.0",",,I,31,+","","","0.0",",,,I","",""
"TX000038665","1987-02","39.583","59.95","108.0","AKMOLLA, TX","0",",I","0",",I","0",",I","","","","","","","19870212",",,I","","","0.0",",T,I,12,","","","0.0",",T,,I","",""
"TX000038665","1987-03","39.583","59.95","108.0","AKMOLLA, TX","4","2,I","4","2,I","0","2,I","","","","","","","19870331",",2,I","","","9.8","2,,I,31,","","","21.5","2,,,I","",""
"TX000038665","1987-04","39.583","59.95","108.0","AKMOLLA, TX","1",",I","0",",I","0",",I","","","","","","","19870415",",,I","","","2.1",",,I,15,","","","2.1",",,,I","",""
"TX000038665","1987-05","39.583","59.95","108.0","AKMOLLA, TX","0",",I","0",",I","0",",I","","","","","","","19870531","+,,I","","","0.0",",,I,31,+","","","0.0",",,,I","",""
"TX000038665","1987-06","39.583","59.95","108.0","AKMOLLA, TX","0",",I","0",",I","0",",I","","","","","","","19870630","+,,I","","","0.0",",,I,30,+","","","0.0",",,,I","",""
"TX000038665","1987-08","39.583","59.95","108.0","AKMOLLA, TX","0",",I","0",",I","0",",I","","","","","","","19870831","+,,I","","","0.0",",,I,31,+","","","0.0",",,,I","",""
"TX000038665","1987-09","39.583","59.95","108.0","AKMOLLA, TX","0",",I","0",",I","0",",I","","","","","","","19870919",",,I","","","0.0",",T,I,19,","","","0.0",",T,,I","",""
"TX000038665","1987-10","39.583","59.95","108.0","AKMOLLA, TX","2",",I","2",",I","0",",I","","","","","","","19871026",",,I","","","4.5",",,I,26,","","","8.3",",,,I","",""
"TX000038665","1987-11","39.583","59.95","108.0","AKMOLLA, TX","2",",I","1",",I","0",",I","","","","","","","19871108",",,I","","","10.0",",,I,08,","","","10.5",",,,I","",""
"TX000038665","1987-12","39.583","59.95","108.0","AKMOLLA, TX","4",",I","1",",I","0",",I","","","","","","","19871228",",,I","","","10.9",",,I,28,","","","12.5",",,,I","",""
"TX000038665","1988-01","39.583","59.95","108.0","AKMOLLA, TX","4",",I","3",",I","0",",I","","","","","","","19880119",",,I","","","13.1",",,I,19,","","","19.9",",,,I","",""
"TX000038665","1988-02","39.583","59.95","108.0","AKMOLLA, TX","3",",I","1",",I","0",",I","","","","","","","19880204",",,I","","","4.5",",,I,04,","","","5.7",",,,I","",""
"TX000038665","1988-03","39.583","59.95","108.0","AKMOLLA, TX","4",",I","1",",I","0",",I","","","","","","","19880305",",,I","","","4.3",",,I,05,","","","8.2",",,,I","",""
"TX000038665","1988-04","39.583","59.95","108.0","AKMOLLA, TX","2",",I","1",",I","0",",I","","","","","","","19880401",",,I","","","6.2",",,I,01,","","","8.5",",,,I","",""
"TX000038665","1988-05","39.583","59.95","108.0","AKMOLLA, TX","3",",I","3",",I","0",",I","","","","","","","19880501",",,I","","","13.0",",,I,01,","","","29.7",",,,I","",""
"TX000038665","1988-06","39.583","59.95","108.0","AKMOLLA, TX","0",",I","0",",I","0",",I","","","","","","","19880630","+,,I","","","0.0",",,I,30,+","","","0.0",",,,I","",""
"TX000038665","1988-07","39.583","59.95","108.0","AKMOLLA, TX","0",",I","0",",I","0",",I","","","","","","","19880710","+,,I","","","0.0",",T,I,10,+","","","0.0",",T,,I","",""
"TX000038665","1988-08","39.583","59.95","108.0","AKMOLLA, TX","0",",I","0",",I","0",",I","","","","","","","19880831","+,,I","","","0.0",",,I,31,+","","","0.0",",,,I","",""
"TX000038665","1988-09","39.583","59.95","108.0","AKMOLLA, TX","0",",I","0",",I","0",",I","","","","","","","19880921",",,I","","","0.0",",T,I,21,","","","0.0",",T,,I","",""
"TX000038665","1988-10","39.583","59.95","108.0","AKMOLLA, TX","2",",I","0",",I","0",",I","","","","","","","19881022",",,I","","","1.6",",,I,22,","","","2.0",",,,I","",""
"TX000038665","1988-11","39.583","59.95","108.0","AKMOLLA, TX","4",",I","0",",I","0",",I","","","","","","","19881121",",,I","","","0.8",",,I,21,","","","2.5",",,,I","",""
"TX000038665","1988-12","39.583","59.95","108.0","AKMOLLA, TX","3",",I","1",",I","0",",I","","","","","","","19881218",",,I","","","7.7",",,I,18,","","","10.9",",,,I","",""
"TX000038665","1989-01","39.583","59.95","108.0","AKMOLLA, TX","7",",I","1",",I","0",",I","","","","","","","19890106",",,I","","","2.9",",,I,06,","","","9.0",",,,I","",""
"TX000038665","1989-02","39.583","59.95","108.0","AKMOLLA, TX","2",",I","0",",I","0",",I","","","","","","","19890224",",,I","","","1.5",",,I,24,","","","2.0",",,,I","",""
"TX000038665","1989-03","39.583","59.95","108.0","AKMOLLA, TX","5",",I","2",",I","0",",I","","","","","","","19890329",",,I","","","19.2",",,I,29,","","","27.2",",,,I","",""
"TX000038665","1989-04","39.583","59.95","108.0","AKMOLLA, TX","1",",I","0",",I","0",",I","","","","","","","19890401",",,I","","","1.1",",,I,01,","","","1.1",",,,I","",""
"TX000038665","1989-05","39.583","59.95","108.0","AKMOLLA, TX","1",",I","0",",I","0",",I","","","","","","","19890517",",,I","","","0.8",",,I,17,","","","0.8",",,,I","",""
"TX000038665","1989-06","39.583","59.95","108.0","AKMOLLA, TX","0",",I","0",",I","0",",I","","","","","","","19890630","+,,I","","","0.0",",,I,30,+","","","0.0",",,,I","",""
"TX000038665","1989-07","39.583","59.95","108.0","AKMOLLA, TX","0",",I","0",",I","0",",I","","","","","","","19890731","+,,I","","","0.0",",,I,31,+","","","0.0",",,,I","",""
"TX000038665","1989-08","39.583","59.95","108.0","AKMOLLA, TX","0",",I","0",",I","0",",I","","","","","","","19890831","+,,I","","","0.0",",,I,31,+","","","0.0",",,,I","",""
"TX000038665","1989-09","39.583","59.95","108.0","AKMOLLA, TX","2",",I","0",",I","0",",I","","","","","","","19890929",",,I","","","2.1",",,I,29,","","","2.7",",,,I","",""
"TX000038665","1989-10","39.583","59.95","108.0","AKMOLLA, TX","1",",I","0",",I","0",",I","","","","","","","19891031",",,I","","","0.7",",,I,31,","","","0.7",",,,I","",""
"TX000038665","1989-11","39.583","59.95","108.0","AKMOLLA, TX","0",",I","0",",I","0",",I","","","","","","","19891130","+,,I","","","0.0",",,I,30,+","","","0.0",",,,I","",""
"TX000038665","1989-12","39.583","59.95","108.0","AKMOLLA, TX","7",",I","7",",I","0",",I","","","","","","","19891205",",,I","","","14.2",",,I,05,","","","34.9",",,,I","",""
"TX000038665","1990-01","39.583","59.95","108.0","AKMOLLA, TX","3",",I","1",",I","0",",I","","","","","","","19900107",",,I","","","2.9",",,I,07,","","","3.5",",,,I","",""
"TX000038665","1990-02","39.583","59.95","108.0","AKMOLLA, TX","5",",I","2",",I","0",",I","","","","","","","19900226",",,I","","","4.3",",,I,26,","","","11.8",",,,I","",""
"TX000038665","1990-03","39.583","59.95","108.0","AKMOLLA, TX","2",",I","2",",I","0",",I","","","","","","","19900315",",,I","","","3.0",",,I,15,","","","5.9",",,,I","",""
"TX000038665","1990-04","39.583","59.95","108.0","AKMOLLA, TX","7",",I","4",",I","0",",I","","","","","","","19900419",",,I","","","22.3",",,I,19,","","","48.0",",,,I","",""
"TX000038665","1990-05","39.583","59.95","108.0","AKMOLLA, TX","1",",I","0",",I","0",",I","","","","","","","19900513",",,I","","","1.1",",,I,13,","","","1.1",",,,I","",""
"TX000038665","1990-06","39.583","59.95","108.0","AKMOLLA, TX","0",",I","0",",I","0",",I","","","","","","","19900630","+,,I","","","0.0",",,I,30,+","","","0.0",",,,I","",""
"TX000038665","1990-07","39.583","59.95","108.0","AKMOLLA, TX","1",",I","1",",I","0",",I","","","","","","","19900712",",,I","","","3.6",",,I,12,","","","3.6",",,,I","",""
"TX000038665","1990-08","39.583","59.95","108.0","AKMOLLA, TX","0",",I","0",",I","0",",I","","","","","","","19900821",",,I","","","0.0",",T,I,21,","","","0.0",",T,,I","",""
"TX000038665","1990-09","39.583","59.95","108.0","AKMOLLA, TX","0",",I","0",",I","0",",I","","","","","","","19900930","+,,I","","","0.0",",,I,30,+","","","0.0",",,,I","",""
"TX000038665","1990-10","39.583","59.95","108.0","AKMOLLA, TX","3",",I","1",",I","0",",I","","","","","","","19901015",",,I","","","3.0",",,I,15,","","","5.8",",,,I","",""
"TX000038665","1990-11","39.583","59.95","108.0","AKMOLLA, TX","2",",I","0",",I","0",",I","","","","","","","19901113",",,I","","","1.9",",,I,13,","","","2.9",",,,I","",""
"TX000038665","1990-12","39.583","59.95","108.0","AKMOLLA, TX","2",",I","0",",I","0",",I","","","","","","","19901218",",,I","","","0.8",",,I,18,","","","1.1",",,,I","",""
"TX000038665","1991-01","39.583","59.95","108.0","AKMOLLA, TX","2",",I","0",",I","0",",I","","","","","","","19910105",",,I","","","2.1",",,I,05,","","","2.6",",,,I","",""
"TX000038665","1991-02","39.583","59.95","108.0","AKMOLLA, TX","2",",I","0",",I","0",",I","","","","","","","19910205",",,I","","","2.4",",,I,05,","","","2.8",",,,I","",""
"TX000038665","1991-03","39.583","59.95","108.0","AKMOLLA, TX","3",",I","2",",I","0",",I","","","","","","","19910307",",,I","","","24.3",",,I,07,","","","32.3",",,,I","",""
"TX000038665","1991-04","39.583","59.95","108.0","AKMOLLA, TX","1",",I","0",",I","0",",I","","","","","","","19910407",",,I","","","2.0",",,I,07,","","","2.0",",,,I","",""
"TX000038665","1991-05","39.583","59.95","108.0","AKMOLLA, TX","9",",I","6",",I","0",",I","","","","","","","19910515",",,I","","","13.0",",,I,15,","","","37.3",",,,I","",""
"TX000038665","1991-06","39.583","59.95","108.0","AKMOLLA, TX","2",",I","0",",I","0",",I","","","","","","","19910606",",,I","","","1.3",",,I,06,","","","2.1",",,,I","",""
"TX000038665","1994-12","39.583","59.95","108.0","AKMOLLA, TX","","","","","","","3","5,S","0","5,S","0","5,S","","","19941203",",5,S","","","15.5","5,S,03,","","","5.64","5,,,S"
"TX000038665","1996-02","39.583","59.95","108.0","AKMOLLA, TX","","","","","","","5","5,S","0","5,S","0","5,S","","","19960209",",5,S","","","20.4","5,S,09,","","","8.04","5,,,S"
