"STATION","DATE","LATITUDE","LONGITUDE","ELEVATION","NAME","CLDD","CLDD_ATTRIBUTES","DP01","DP01_ATTRIBUTES","DP10","DP10_ATTRIBUTES","DP1X","DP1X_ATTRIBUTES","DT00","DT00_ATTRIBUTES","DT32","DT32_ATTRIBUTES","DX32","DX32_ATTRIBUTES","DX70","DX70_ATTRIBUTES","DX90","DX90_ATTRIBUTES","DYNT","DYNT_ATTRIBUTES","DYXP","DYXP_ATTRIBUTES","DYXT","DYXT_ATTRIBUTES","EMNT","EMNT_ATTRIBUTES","EMXP","EMXP_ATTRIBUTES","EMXT","EMXT_ATTRIBUTES","HDSD","HDSD_ATTRIBUTES","HTDD","HTDD_ATTRIBUTES","PRCP","PRCP_ATTRIBUTES","TAVG","TAVG_ATTRIBUTES","TMAX","TMAX_ATTRIBUTES","TMIN","TMIN_ATTRIBUTES"
"UPM00033917","1959-07","46.07","33.3","7.0","KHORLY, UP","","","1","1,I","0","1,I","0","1,I","","","","","","","","","","","","","19590709",",1,I","","","","","1.1","1,,I,09,","","","","","","","1.1","1,,,I","","","","","",""
"UPM00033917","1959-08","46.07","33.3","7.0","KHORLY, UP","","","7",",I","4",",I","0",",I","","","","","","","","","","","","","19590830",",,I","","","","","14.5",",,I,30,","","","","","","","42.4",",,,I","","","","","",""
"UPM00033917","1959-09","46.07","33.3","7.0","KHORLY, UP","","","9",",I","5",",I","0",",I","","","","","","","","","","","","","19590901",",,I","","","","","19.3",",,I,01,","","","","","","","49.4",",,,I","","","","","",""
"UPM00033917","1959-10","46.07","33.3","7.0","KHORLY, UP","","","1",",I","0",",I","0",",I","","","","","","","","","","","","","19591031",",,I","","","","","0.6",",,I,31,","","","","","","","1.9",",,,I","","","","","",""
"UPM00033917","1959-11","46.07","33.3","7.0","KHORLY, UP","","","9",",I","4",",I","0",",I","","","","","","","","","","","","","19591112",",,I","","","","","9.0",",,I,12,","","","","","","","24.7",",,,I","","","","","",""
"UPM00033917","1959-12","46.07","33.3","7.0","KHORLY, UP","","","9","1,I","1","1,I","0","1,I","","","","","","","","","","","","","19591210",",1,I","","","","","4.0","1,,I,10,","","","","","","","9.5","1,,,I","","","","","",""
"UPM00033917","1960-01","46.07","33.3","7.0","KHORLY, UP","","","13","2,I","6","2,I","0","2,I","","","","","","","","","","","","","19600109",",2,I","","","","","10.3","2,,I,09,","","","","","","","40.6","2,,,I","","","","","",""
"UPM00033917","1960-02","46.07","33.3","7.0","KHORLY, UP","","","10",",I","2",",I","0",",I","","","","","","","","","","","","","19600227",",,I","","","","","18.6",",,I,27,","","","","","","","29.2",",,,I","","","","","",""
"UPM00033917","1960-03","46.07","33.3","7.0","KHORLY, UP","","","4","1,I","0","1,I","0","1,I","","","","","","","","","","","","","19600301",",1,I","","","","","1.6","1,,I,01,","","","","","","","4.3","1,,,I","","","","","",""
"UPM00033917","1960-04","46.07","33.3","7.0","KHORLY, UP","","","2",",I","1",",I","0",",I","","","","","","","","","","","","","19600423",",,I","","","","","2.5",",,I,23,","","","","","","","4.1",",,,I","","","","","",""
"UPM00033917","1960-05","46.07","33.3","7.0","KHORLY, UP","","","9","2,I","5","2,I","0","2,I","","","","","","","","","","","","","19600516",",2,I","","","","","8.4","2,,I,16,","","","","","","","33.1","2,,,I","","","","","",""
"UPM00033917","1960-06","46.07","33.3","7.0","KHORLY, UP","","","6",",I","3",",I","0",",I","","","","","","","","","","","","","19600625",",,I","","","","","10.8",",,I,25,","","","","","","","23.3",",,,I","","","","","",""
"UPM00033917","1960-07","46.07","33.3","7.0","KHORLY, UP","","","7",",I","6",",I","1",",I","","","","","","","","","","","","","19600726",",,I","","","","","43.6",",,I,26,","","","","","","","68.2",",,,I","","","","","",""
"UPM00033917","1960-08","46.07","33.3","7.0","KHORLY, UP","","","5",",I","1",",I","0",",I","","","","","","","","","","","","","19600814",",,I","","","","","17.0",",,I,14,","","","","","","","21.7",",,,I","","","","","",""
"UPM00033917","1960-09","46.07","33.3","7.0","KHORLY, UP","","","6",",I","3",",I","0",",I","","","","","","","","","","","","","19600925",",,I","","","","","19.9",",,I,25,","","","","","","","34.8",",,,I","","","","","",""
"UPM00033917","1960-10","46.07","33.3","7.0","KHORLY, UP","","","11","1,I","8","1,I","0","1,I","","","","","","","","","","","","","19601019",",1,I","","","","","25.1","1,,I,19,","","","","","","","119.3","1,,,I","","","","","",""
"UPM00033917","1960-11","46.07","33.3","7.0","KHORLY, UP","","","5",",I","4",",I","0",",I","","","","","","","","","","","","","19601121",",,I","","","","","10.0",",,I,21,","","","","","","","27.3",",,,I","","","","","",""
"UPM00033917","1960-12","46.07","33.3","7.0","KHORLY, UP","","","16",",I","6",",I","0",",I","","","","","","","","","","","","","19601229",",,I","","","","","13.3",",,I,29,","","","","","","","63.2",",,,I","","","","","",""
"UPM00033917","1961-01","46.07","33.3","7.0","KHORLY, UP","","","8",",I","2",",I","0",",I","","","","","","","","","","","","","19610125",",,I","","","","","5.1",",,I,25,","","","","","","","19.4",",,,I","","","","","",""
"UPM00033917","1961-02","46.07","33.3","7.0","KHORLY, UP","","","3",",I","1",",I","0",",I","","","","","","","","","","","","","19610206",",,I","","","","","10.4",",,I,06,","","","","","","","12.2",",,,I","","","","","",""
"UPM00033917","1961-03","46.07","33.3","7.0","KHORLY, UP","","","10",",I","4",",I","0",",I","","","","","","","","","","","","","19610323",",,I","","","","","16.7",",,I,23,","","","","","","","42.1",",,,I","","","","","",""
"UPM00033917","1961-04","46.07","33.3","7.0","KHORLY, UP","","","7",",I","2",",I","0",",I","","","","","","","","","","","","","19610426",",,I","","","","","5.3",",,I,26,","","","","","","","13.3",",,,I","","","","","",""
"UPM00033917","1961-05","46.07","33.3","7.0","KHORLY, UP","","","13",",I","8",",I","0",",I","","","","","","","","","","","","","19610509",",,I","","","","","13.2",",,I,09,","","","","","","","68.6",",,,I","","","","","",""
"UPM00033917","1961-06","46.07","33.3","7.0","KHORLY, UP","","","4",",I","2",",I","0",",I","","","","","","","","","","","","","19610605",",,I","","","","","12.5",",,I,05,","","","","","","","22.4",",,,I","","","","","",""
"UPM00033917","1961-07","46.07","33.3","7.0","KHORLY, UP","","","1",",I","0",",I","0",",I","","","","","","","","","","","","","19610715",",,I","","","","","1.7",",,I,15,","","","","","","","1.7",",,,I","","","","","",""
"UPM00033917","1961-08","46.07","33.3","7.0","KHORLY, UP","","","3","1,I","0","1,I","0","1,I","","","","","","","","","","","","","19610804",",1,I","","","","","1.1","1,,I,04,","","","","","","","2.6","1,,,I","","","","","",""
"UPM00033917","1961-09","46.07","33.3","7.0","KHORLY, UP","","","3","1,I","2","1,I","0","1,I","","","","","","","","","","","","","19610916",",1,I","","","","","7.6","1,,I,16,","","","","","","","11.3","1,,,I","","","","","",""
"UPM00033917","1961-10","46.07","33.3","7.0","KHORLY, UP","","","8",",I","2",",I","0",",I","","","","","","","","","","","","","19611014",",,I","","","","","16.6",",,I,14,","","","","","","","23.9",",,,I","","","","","",""
"UPM00033917","1961-11","46.07","33.3","7.0","KHORLY, UP","","","12",",I","4",",I","0",",I","","","","","","","","","","","","","19611109",",,I","","","","","12.2",",,I,09,","","","","","","","31.7",",,,I","","","","","",""
"UPM00033917","1961-12","46.07","33.3","7.0","KHORLY, UP","","","11",",I","5",",I","0",",I","","","","","","","","","","","","","19611218",",,I","","","","","19.5",",,I,18,","","","","","","","46.7",",,,I","","","","","",""
"UPM00033917","1962-01","46.07","33.3","7.0","KHORLY, UP","","","10",",I","1",",I","0",",I","","","","","","","","","","","","","19620131",",,I","","","","","7.6",",,I,31,","","","","","","","20.0",",,,I","","","","","",""
"UPM00033917","1962-02","46.07","33.3","7.0","KHORLY, UP","","","11",",I","6",",I","0",",I","","","","","","","","","","","","","19620209",",,I","","","","","11.9",",,I,09,","","","","","","","46.2",",,,I","","","","","",""
"UPM00033917","1962-03","46.07","33.3","7.0","KHORLY, UP","","","6","3,I","5","3,I","0","3,I","","","","","","","","","","","","","19620317",",3,I","","","","","17.5","3,,I,17,","","","","","","","41.8","3,,,I","","","","","",""
"UPM00033917","1962-04","46.07","33.3","7.0","KHORLY, UP","","","8",",I","3",",I","0",",I","","","","","","","","","","","","","19620411",",,I","","","","","11.2",",,I,11,","","","","","","","26.0",",,,I","","","","","",""
"UPM00033917","1962-05","46.07","33.3","7.0","KHORLY, UP","","","7","1,I","3","1,I","0","1,I","","","","","","","","","","","","","19620503",",1,I","","","","","10.1","1,,I,03,","","","","","","","22.4","1,,,I","","","","","",""
"UPM00033917","1962-06","46.07","33.3","7.0","KHORLY, UP","","","4",",I","4",",I","1",",I","","","","","","","","","","","","","19620607",",,I","","","","","34.1",",,I,07,","","","","","","","48.8",",,,I","","","","","",""
"UPM00033917","1962-07","46.07","33.3","7.0","KHORLY, UP","","","4","1,I","2","1,I","0","1,I","","","","","","","","","","","","","19620721",",1,I","","","","","7.1","1,,I,21,","","","","","","","12.1","1,,,I","","","","","",""
"UPM00033917","1962-08","46.07","33.3","7.0","KHORLY, UP","","","1",",I","1",",I","0",",I","","","","","","","","","","","","","19620801",",,I","","","","","3.6",",,I,01,","","","","","","","3.6",",,,I","","","","","",""
"UPM00033917","1962-09","46.07","33.3","7.0","KHORLY, UP","","","6",",I","3",",I","1",",I","","","","","","","","","","","","","19620914",",,I","","","","","47.4",",,I,14,","","","","","","","59.2",",,,I","","","","","",""
"UPM00033917","1962-10","46.07","33.3","7.0","KHORLY, UP","","","5",",I","1",",I","0",",I","","","","","","","","","","","","","19621015",",,I","","","","","12.9",",,I,15,","","","","","","","17.3",",,,I","","","","","",""
"UPM00033917","1962-11","46.07","33.3","7.0","KHORLY, UP","","","9",",I","6",",I","0",",I","","","","","","","","","","","","","19621113",",,I","","","","","18.1",",,I,13,","","","","","","","41.9",",,,I","","","","","",""
"UPM00033917","1962-12","46.07","33.3","7.0","KHORLY, UP","","","15",",I","9",",I","0",",I","","","","","","","","","","","","","19621201",",,I","","","","","13.0",",,I,01,","","","","","","","69.6",",,,I","","","","","",""
"UPM00033917","1963-01","46.07","33.3","7.0","KHORLY, UP","","","10","3,I","5","3,I","0","3,I","","","","","","","","","","","","","19630108",",3,I","","","","","13.7","3,,I,08,","","","","","","","43.6","3,,,I","","","","","",""
"UPM00033917","1963-02","46.07","33.3","7.0","KHORLY, UP","","","11","4,I","5","4,I","0","4,I","","","","","","","","","","","","","19630203",",4,I","","","","","7.1","4,,I,03,","","","","","","","24.6","4,,,I","","","","","",""
"UPM00033917","1963-03","46.07","33.3","7.0","KHORLY, UP","","","9","3,I","3","3,I","0","3,I","","","","","","","","","","","","","19630329",",3,I","","","","","17.7","3,,I,29,","","","","","","","31.2","3,,,I","","","","","",""
"UPM00033917","1963-04","46.07","33.3","7.0","KHORLY, UP","","","6",",I","2",",I","0",",I","","","","","","","","","","","","","19630402",",,I","","","","","4.7",",,I,02,","","","","","","","14.0",",,,I","","","","","",""
"UPM00033917","1963-05","46.07","33.3","7.0","KHORLY, UP","","","4","1,I","1","1,I","0","1,I","","","","","","","","","","","","","19630519",",1,I","","","","","4.6","1,,I,19,","","","","","","","10.3","1,,,I","","","","","",""
"UPM00033917","1963-06","46.07","33.3","7.0","KHORLY, UP","","","5","1,I","2","1,I","0","1,I","","","","","","","","","","","","","19630621",",1,I","","","","","6.6","1,,I,21,","","","","","","","13.1","1,,,I","","","","","",""
"UPM00033917","1963-07","46.07","33.3","7.0","KHORLY, UP","","","1","2,I","1","2,I","0","2,I","","","","","","","","","","","","","19630716",",2,I","","","","","3.0","2,,I,16,","","","","","","","3.2","2,,,I","","","","","",""
"UPM00033917","1963-08","46.07","33.3","7.0","KHORLY, UP","","","3","2,I","1","2,I","0","2,I","","","","","","","","","","","","","19630817",",2,I","","","","","3.2","2,,I,17,","","","","","","","5.6","2,,,I","","","","","",""
"UPM00033917","1963-09","46.07","33.3","7.0","KHORLY, UP","","","5","1,I","3","1,I","0","1,I","","","","","","","","","","","","","19630930",",1,I","","","","","18.9","1,,I,30,","","","","","","","27.5","1,,,I","","","","","",""
"UPM00033917","1963-10","46.07","33.3","7.0","KHORLY, UP","","","3","1,I","1","1,I","0","1,I","","","","","","","","","","","","","19631019",",1,I","","","","","6.4","1,,I,19,","","","","","","","7.3","1,,,I","","","","","",""
"UPM00033917","1963-11","46.07","33.3","7.0","KHORLY, UP","","","6",",I","0",",I","0",",I","","","","","","","","","","","","","19631122",",,I","","","","","1.4",",,I,22,","","","","","","","5.2",",,,I","","","","","",""
"UPM00033917","1963-12","46.07","33.3","7.0","KHORLY, UP","","","10","3,I","5","3,I","0","3,I","","","","","","","","","","","","","19631213",",3,I","","","","","19.2","3,,I,13,","","","","","","","62.3","3,,,I","","","","","",""
"UPM00033917","1964-04","46.07","33.3","7.0","KHORLY, UP","","","6",",I","3",",I","0",",I","","","","","","","","","","","","","19640428",",,I","","","","","10.9",",,I,28,","","","","","","","21.8",",,,I","","","","","",""
"UPM00033917","1964-05","46.07","33.3","7.0","KHORLY, UP","","","11",",I","5",",I","0",",I","","","","","","","","","","","","","19640511","+,,I","","","","","11.6",",,I,11,+","","","","","","","41.0",",,,I","","","","","",""
"UPM00033917","1964-06","46.07","33.3","7.0","KHORLY, UP","","","8",",I","4",",I","1",",I","","","","","","","","","","","","","19640606",",,I","","","","","38.4",",,I,06,","","","","","","","67.9",",,,I","","","","","",""
"UPM00033917","1964-07","46.07","33.3","7.0","KHORLY, UP","","","6",",I","2",",I","0",",I","","","","","","","","","","","","","19640703",",,I","","","","","19.3",",,I,03,","","","","","","","33.8",",,,I","","","","","",""
"UPM00033917","1964-08","46.07","33.3","7.0","KHORLY, UP","","","8",",I","5",",I","0",",I","","","","","","","","","","","","","19640815",",,I","","","","","15.0",",,I,15,","","","","","","","42.8",",,,I","","","","","",""
"UPM00033917","1964-09","46.07","33.3","7.0","KHORLY, UP","","","4","1,I","1","1,I","0","1,I","","","","","","","","","","","","","19640924",",1,I","","","","","15.6","1,,I,24,","","","","","","","20.3","1,,,I","","","","","",""
"UPM00033917","1964-10","46.07","33.3","7.0","KHORLY, UP","","","3",",I","0",",I","0",",I","","","","","","","","","","","","","19641001",",,I","","","","","2.2",",,I,01,","","","","","","","6.9",",,,I","","","","","",""
"UPM00033917","1964-11","46.07","33.3","7.0","KHORLY, UP","","","5","1,I","3","1,I","0","1,I","","","","","","","","","","","","","19641119",",1,I","","","","","8.2","1,,I,19,","","","","","","","19.8","1,,,I","","","","","",""
"UPM00033917","1964-12","46.07","33.3","7.0","KHORLY, UP","","","11",",I","2",",I","0",",I","","","","","","","","","","","","","19641228",",,I","","","","","9.0",",,I,28,","","","","","","","19.9",",,,I","","","","","",""
"UPM00033917","1965-01","46.07","33.3","7.0","KHORLY, UP","","","3",",I","2",",I","0",",I","","","","","","","","","","","","","19650105",",,I","","","","","6.0",",,I,05,","","","","","","","10.0",",,,I","","","","","",""
"UPM00033917","1965-02","46.07","33.3","7.0","KHORLY, UP","","","13",",I","7",",I","0",",I","","","","","","","","","","","","","19650218",",,I","","","","","17.5",",,I,18,","","","","","","","54.8",",,,I","","","","","",""
"UPM00033917","1966-02","46.07","33.3","7.0","KHORLY, UP","","","14",",I","5",",I","0",",I","","","","","","","","","","","","","19660210",",,I","","","","","7.4",",,I,10,","","","","","","","36.7",",,,I","","","","","",""
"UPM00033917","1966-03","46.07","33.3","7.0","KHORLY, UP","","","10",",I","6",",I","0",",I","","","","","","","","","","","","","19660317",",,I","","","","","24.5",",,I,17,","","","","","","","56.6",",,,I","","","","","",""
"UPM00033917","1966-04","46.07","33.3","7.0","KHORLY, UP","","","14",",I","5",",I","0",",I","","","","","","","","","","","","","19660406",",,I","","","","","6.3",",,I,06,","","","","","","","34.0",",,,I","","","","","",""
"UPM00033917","1966-05","46.07","33.3","7.0","KHORLY, UP","","","10",",I","2",",I","0",",I","","","","","","","","","","","","","19660531",",,I","","","","","9.4",",,I,31,","","","","","","","25.2",",,,I","","","","","",""
"UPM00033917","1966-06","46.07","33.3","7.0","KHORLY, UP","","","12",",I","6",",I","0",",I","","","","","","","","","","","","","19660604",",,I","","","","","12.0",",,I,04,","","","","","","","41.7",",,,I","","","","","",""
"UPM00033917","1966-07","46.07","33.3","7.0","KHORLY, UP","","","5",",I","2",",I","0",",I","","","","","","","","","","","","","19660720",",,I","","","","","16.9",",,I,20,","","","","","","","26.5",",,,I","","","","","",""
"UPM00033917","1966-08","46.07","33.3","7.0","KHORLY, UP","","","7",",I","5",",I","1",",I","","","","","","","","","","","","","19660812",",,I","","","","","31.2",",,I,12,","","","","","","","71.6",",,,I","","","","","",""
"UPM00033917","1966-09","46.07","33.3","7.0","KHORLY, UP","","","8",",I","3",",I","0",",I","","","","","","","","","","","","","19660910",",,I","","","","","13.5",",,I,10,","","","","","","","35.0",",,,I","","","","","",""
"UPM00033917","1966-10","46.07","33.3","7.0","KHORLY, UP","","","9",",I","0",",I","0",",I","","","","","","","","","","","","","19661023",",,I","","","","","2.1",",,I,23,","","","","","","","9.7",",,,I","","","","","",""
"UPM00033917","1966-11","46.07","33.3","7.0","KHORLY, UP","","","17",",I","3",",I","0",",I","","","","","","","","","","","","","19661129",",,I","","","","","20.3",",,I,29,","","","","","","","37.7",",,,I","","","","","",""
"UPM00033917","1966-12","46.07","33.3","7.0","KHORLY, UP","","","17",",I","10",",I","1",",I","","","","","","","","","","","","","19661204",",,I","","","","","30.3",",,I,04,","","","","","","","106.6",",,,I","","","","","",""
"UPM00033917","1967-01","46.07","33.3","7.0","KHORLY, UP","","","18",",I","5",",I","0",",I","","","","","","","","","","","","","19670110",",,I","","","","","22.2",",,I,10,","","","","","","","59.9",",,,I","","","","","",""
"UPM00033917","1967-02","46.07","33.3","7.0","KHORLY, UP","","","11",",I","3",",I","0",",I","","","","","","","","","","","","","19670222",",,I","","","","","7.0",",,I,22,","","","","","","","23.9",",,,I","","","","","",""
"UPM00033917","1967-03","46.07","33.3","7.0","KHORLY, UP","","","5",",I","4",",I","0",",I","","","","","","","","","","","","","19670301",",,I","","","","","4.5",",,I,01,","","","","","","","13.8",",,,I","","","","","",""
"UPM00033917","1967-04","46.07","33.3","7.0","KHORLY, UP","","","6",",I","1",",I","0",",I","","","","","","","","","","","","","19670424",",,I","","","","","2.5",",,I,24,","","","","","","","8.4",",,,I","","","","","",""
"UPM00033917","1967-05","46.07","33.3","7.0","KHORLY, UP","","","11",",I","3",",I","0",",I","","","","","","","","","","","","","19670523",",,I","","","","","15.2",",,I,23,","","","","","","","39.3",",,,I","","","","","",""
"UPM00033917","1967-06","46.07","33.3","7.0","KHORLY, UP","","","10",",I","5",",I","0",",I","","","","","","","","","","","","","19670602",",,I","","","","","11.7",",,I,02,","","","","","","","33.4",",,,I","","","","","",""
"UPM00033917","1967-07","46.07","33.3","7.0","KHORLY, UP","","","6",",I","5",",I","1",",I","","","","","","","","","","","","","19670707",",,I","","","","","33.5",",,I,07,","","","","","","","62.6",",,,I","","","","","",""
"UPM00033917","1967-08","46.07","33.3","7.0","KHORLY, UP","","","2",",I","1",",I","0",",I","","","","","","","","","","","","","19670802",",,I","","","","","5.6",",,I,02,","","","","","","","5.9",",,,I","","","","","",""
"UPM00033917","1967-09","46.07","33.3","7.0","KHORLY, UP","","","5",",I","3",",I","1",",I","","","","","","","","","","","","","19670926",",,I","","","","","26.3",",,I,26,","","","","","","","62.5",",,,I","","","","","",""
"UPM00033917","1967-10","46.07","33.3","7.0","KHORLY, UP","","","9",",I","0",",I","0",",I","","","","","","","","","","","","","19671030",",,I","","","","","1.0",",,I,30,","","","","","","","3.9",",,,I","","","","","",""
"UPM00033917","1967-11","46.07","33.3","7.0","KHORLY, UP","","","20",",I","7",",I","0",",I","","","","","","","","","","","","","19671125",",,I","","","","","6.0",",,I,25,","","","","","","","42.6",",,,I","","","","","",""
"UPM00033917","1967-12","46.07","33.3","7.0","KHORLY, UP","","","21",",I","11",",I","1",",I","","","","","","","","","","","","","19671213",",,I","","","","","29.0",",,I,13,","","","","","","","90.8",",,,I","","","","","",""
"UPM00033917","1968-01","46.07","33.3","7.0","KHORLY, UP","","","16",",I","7",",I","0",",I","","","","","","","","","","","","","19680109",",,I","","","","","13.6",",,I,09,","","","","","","","59.8",",,,I","","","","","",""
"UPM00033917","1968-02","46.07","33.3","7.0","KHORLY, UP","","","12",",I","5",",I","0",",I","","","","","","","","","","","","","19680211",",,I","","","","","8.7",",,I,11,","","","","","","","26.8",",,,I","","","","","",""
"UPM00033917","1968-03","46.07","33.3","7.0","KHORLY, UP","","","11","1,I","3","1,I","0","1,I","","","","","","","","","","","","","19680324",",1,I","","","","","4.0","1,,I,24,","","","","","","","20.0","1,,,I","","","","","",""
"UPM00033917","1968-04","46.07","33.3","7.0","KHORLY, UP","","","3",",I","0",",I","0",",I","","","","","","","","","","","","","19680423",",,I","","","","","0.6",",,I,23,","","","","","","","1.5",",,,I","","","","","",""
"UPM00033917","1968-05","46.07","33.3","7.0","KHORLY, UP","","","1",",I","1",",I","0",",I","","","","","","","","","","","","","19680517",",,I","","","","","4.0",",,I,17,","","","","","","","4.0",",,,I","","","","","",""
"UPM00033917","1968-06","46.07","33.3","7.0","KHORLY, UP","","","6",",I","0",",I","0",",I","","","","","","","","","","","","","19680622",",,I","","","","","2.4",",,I,22,","","","","","","","9.4",",,,I","","","","","",""
"UPM00033917","1968-07","46.07","33.3","7.0","KHORLY, UP","","","7",",I","4",",I","0",",I","","","","","","","","","","","","","19680703",",,I","","","","","23.3",",,I,03,","","","","","","","39.1",",,,I","","","","","",""
"UPM00033917","1968-08","46.07","33.3","7.0","KHORLY, UP","","","9",",I","4",",I","1",",I","","","","","","","","","","","","","19680822",",,I","","","","","78.4",",,I,22,","","","","","","","95.4",",,,I","","","","","",""
"UPM00033917","1968-09","46.07","33.3","7.0","KHORLY, UP","","","8",",I","5",",I","1",",I","","","","","","","","","","","","","19680928",",,I","","","","","39.8",",,I,28,","","","","","","","80.3",",,,I","","","","","",""
"UPM00033917","1968-10","46.07","33.3","7.0","KHORLY, UP","","","10",",I","6",",I","0",",I","","","","","","","","","","","","","19681012",",,I","","","","","22.4",",,I,12,","","","","","","","67.1",",,,I","","","","","",""
"UPM00033917","1968-11","46.07","33.3","7.0","KHORLY, UP","","","10",",I","4",",I","0",",I","","","","","","","","","","","","","19681127",",,I","","","","","15.3",",,I,27,","","","","","","","38.1",",,,I","","","","","",""
"UPM00033917","1968-12","46.07","33.3","7.0","KHORLY, UP","","","9",",I","5",",I","0",",I","","","","","","","","","","","","","19681227",",,I","","","","","11.0",",,I,27,","","","","","","","40.7",",,,I","","","","","",""
"UPM00033917","1969-01","46.07","33.3","7.0","KHORLY, UP","","","8",",I","2",",I","0",",I","","","","","","","","","","","","","19690130",",,I","","","","","5.7",",,I,30,","","","","","","","17.6",",,,I","","","","","",""
"UPM00033917","1969-02","46.07","33.3","7.0","KHORLY, UP","","","13",",I","4",",I","0",",I","","","","","","","","","","","","","19690212",",,I","","","","","13.1",",,I,12,","","","","","","","33.3",",,,I","","","","","",""
"UPM00033917","1969-03","46.07","33.3","7.0","KHORLY, UP","","","6",",I","4",",I","0",",I","","","","","","","","","","","","","19690330",",,I","","","","","8.4",",,I,30,","","","","","","","23.0",",,,I","","","","","",""
"UPM00033917","1969-04","46.07","33.3","7.0","KHORLY, UP","","","11","2,I","2","2,I","1","2,I","","","","","","","","","","","","","19690420",",2,I","","","","","25.4","2,,I,20,","","","","","","","42.9","2,,,I","","","","","",""
"UPM00033917","1969-05","46.07","33.3","7.0","KHORLY, UP","","","7",",I","3",",I","0",",I","","","","","","","","","","","","","19690501",",,I","","","","","3.3",",,I,01,","","","","","","","11.7",",,,I","","","","","",""
"UPM00033917","1969-06","46.07","33.3","7.0","KHORLY, UP","","","8",",I","4",",I","2",",I","","","","","","","","","","","","","19690626",",,I","","","","","52.4",",,I,26,","","","","","","","92.8",",,,I","","","","","",""
"UPM00033917","1969-07","46.07","33.3","7.0","KHORLY, UP","","","7",",I","3",",I","0",",I","","","","","","","","","","","","","19690713",",,I","","","","","16.2",",,I,13,","","","","","","","36.2",",,,I","","","","","",""
"UPM00033917","1969-08","46.07","33.3","7.0","KHORLY, UP","","","1","1,I","0","1,I","0","1,I","","","","","","","","","","","","","19690819",",1,I","","","","","1.0","1,,I,19,","","","","","","","1.0","1,,,I","","","","","",""
"UPM00033917","1969-09","46.07","33.3","7.0","KHORLY, UP","","","5","1,I","3","1,I","1","1,I","","","","","","","","","","","","","19690920",",1,I","","","","","28.8","1,,I,20,","","","","","","","38.1","1,,,I","","","","","",""
"UPM00033917","1969-10","46.07","33.3","7.0","KHORLY, UP","","","4","1,I","2","1,I","0","1,I","","","","","","","","","","","","","19691031",",1,I","","","","","17.7","1,,I,31,","","","","","","","22.3","1,,,I","","","","","",""
"UPM00033917","1969-11","46.07","33.3","7.0","KHORLY, UP","","","9",",I","3",",I","0",",I","","","","","","","","","","","","","19691127",",,I","","","","","10.6",",,I,27,","","","","","","","27.2",",,,I","","","","","",""
"UPM00033917","1969-12","46.07","33.3","7.0","KHORLY, UP","","","15",",I","8",",I","0",",I","","","","","","","","","","","","","19691217",",,I","","","","","11.1",",,I,17,","","","","","","","68.3",",,,I","","","","","",""
"UPM00033917","1970-01","46.07","33.3","7.0","KHORLY, UP","","","14","1,I","8","1,I","0","1,I","","","","","","","","","","","","","19700107",",1,I","","","","","12.3","1,,I,07,","","","","","","","58.0","1,,,I","","","","","",""
"UPM00033917","1970-02","46.07","33.3","7.0","KHORLY, UP","","","14",",I","6",",I","0",",I","","","","","","","","","","","","","19700227",",,I","","","","","6.8",",,I,27,","","","","","","","42.7",",,,I","","","","","",""
"UPM00033917","1970-03","46.07","33.3","7.0","KHORLY, UP","","","10","1,I","3","1,I","0","1,I","","","","","","","","","","","","","19700316",",1,I","","","","","8.8","1,,I,16,","","","","","","","24.3","1,,,I","","","","","",""
"UPM00033917","1970-04","46.07","33.3","7.0","KHORLY, UP","","","7",",I","2",",I","0",",I","","","","","","","","","","","","","19700406",",,I","","","","","11.6",",,I,06,","","","","","","","24.2",",,,I","","","","","",""
"UPM00033917","1970-05","46.07","33.3","7.0","KHORLY, UP","","","9",",I","6",",I","0",",I","","","","","","","","","","","","","19700506",",,I","","","","","19.2",",,I,06,","","","","","","","61.6",",,,I","","","","","",""
"UPM00033917","1970-06","46.07","33.3","7.0","KHORLY, UP","","","7",",I","4",",I","1",",I","","","","","","","","","","","","","19700603",",,I","","","","","25.8",",,I,03,","","","","","","","52.0",",,,I","","","","","",""
"UPM00033917","1970-07","46.07","33.3","7.0","KHORLY, UP","","","3","2,I","2","2,I","2","2,I","","","","","","","","","","","","","19700727",",2,I","","","","","51.9","2,,I,27,","","","","","","","84.7","2,,,I","","","","","",""
"UPM00033917","1970-08","46.07","33.3","7.0","KHORLY, UP","","","3",",I","2",",I","0",",I","","","","","","","","","","","","","19700812",",,I","","","","","5.8",",,I,12,","","","","","","","10.1",",,,I","","","","","",""
"UPM00033917","1970-09","46.07","33.3","7.0","KHORLY, UP","","","5",",I","3",",I","0",",I","","","","","","","","","","","","","19700924",",,I","","","","","8.4",",,I,24,","","","","","","","22.1",",,,I","","","","","",""
"UPM00033917","1970-10","46.07","33.3","7.0","KHORLY, UP","","","8","2,I","5","2,I","1","2,I","","","","","","","","","","","","","19701005",",2,I","","","","","26.1","2,,I,05,","","","","","","","59.6","2,,,I","","","","","",""
"UPM00033917","1970-11","46.07","33.3","7.0","KHORLY, UP","","","13","1,I","5","1,I","0","1,I","","","","","","","","","","","","","19701109",",1,I","","","","","11.7","1,,I,09,","","","","","","","45.7","1,,,I","","","","","",""
"UPM00033917","1970-12","46.07","33.3","7.0","KHORLY, UP","","","14",",I","4",",I","0",",I","","","","","","","","","","","","","19701209",",,I","","","","","9.8",",,I,09,","","","","","","","33.3",",,,I","","","","","",""
"UPM00033917","1971-01","46.07","33.3","7.0","KHORLY, UP","","","10",",I","3",",I","0",",I","","","","","","","","","","","","","19710101",",,I","","","","","5.9",",,I,01,","","","","","","","23.6",",,,I","","","","","",""
"UPM00033917","1971-02","46.07","33.3","7.0","KHORLY, UP","","","14",",I","3",",I","0",",I","","","","","","","","","","","","","19710226",",,I","","","","","13.0",",,I,26,","","","","","","","40.6",",,,I","","","","","",""
"UPM00033917","1971-03","46.07","33.3","7.0","KHORLY, UP","","","9",",I","4",",I","0",",I","","","","","","","","","","","","","19710326",",,I","","","","","7.6",",,I,26,","","","","","","","23.5",",,,I","","","","","",""
"UPM00033917","1971-04","46.07","33.3","7.0","KHORLY, UP","","","2",",I","0",",I","0",",I","","","","","","","","","","","","","19710426",",,I","","","","","0.9",",,I,26,","","","","","","","1.4",",,,I","","","","","",""
"UPM00033917","1971-05","46.07","33.3","7.0","KHORLY, UP","","","9",",I","5",",I","0",",I","","","","","","","","","","","","","19710515",",,I","","","","","5.5",",,I,15,","","","","","","","22.6",",,,I","","","","","",""
"UPM00033917","1971-06","46.07","33.3","7.0","KHORLY, UP","","","6",",I","3",",I","0",",I","","","","","","","","","","","","","19710619",",,I","","","","","5.8",",,I,19,","","","","","","","15.5",",,,I","","","","","",""
"UPM00033917","1971-07","46.07","33.3","7.0","KHORLY, UP","","","4","1,I","4","1,I","0","1,I","","","","","","","","","","","","","19710706",",1,I","","","","","13.1","1,,I,06,","","","","","","","38.4","1,,,I","","","","","",""
"UPM00033917","1971-08","46.07","33.3","7.0","KHORLY, UP","","","2",",I","0",",I","0",",I","","","","","","","","","","","","","19710816",",,I","","","","","2.3",",,I,16,","","","","","","","4.5",",,,I","","","","","",""
"UPM00033917","1971-09","46.07","33.3","7.0","KHORLY, UP","","","5",",I","2",",I","0",",I","","","","","","","","","","","","","19710920",",,I","","","","","15.8",",,I,20,","","","","","","","26.0",",,,I","","","","","",""
"UPM00033917","1971-10","46.07","33.3","7.0","KHORLY, UP","","","6","1,I","1","1,I","0","1,I","","","","","","","","","","","","","19711008",",1,I","","","","","3.6","1,,I,08,","","","","","","","7.5","1,,,I","","","","","",""
"UPM00033917","1971-11","46.07","33.3","7.0","KHORLY, UP","","","16",",I","4",",I","0",",I","","","","","","","","","","","","","19711114",",,I","","","","","17.3",",,I,14,","","","","","","","35.0",",,,I","","","","","",""
"UPM00033917","1971-12","46.07","33.3","7.0","KHORLY, UP","","","13",",I","4",",I","0",",I","","","","","","","","","","","","","19711203",",,I","","","","","8.3",",,I,03,","","","","","","","30.0",",,,I","","","","","",""
"UPM00033917","1972-01","46.07","33.3","7.0","KHORLY, UP","","","4",",I","2",",I","0",",I","","","","","","","","","","","","","19720111",",,I","","","","","4.1",",,I,11,","","","","","","","10.6",",,,I","","","","","",""
"UPM00033917","1972-02","46.07","33.3","7.0","KHORLY, UP","","","3",",I","1",",I","0",",I","","","","","","","","","","","","","19720216",",,I","","","","","5.0",",,I,16,","","","","","","","8.1",",,,I","","","","","",""
"UPM00033917","1972-03","46.07","33.3","7.0","KHORLY, UP","","","2",",I","1",",I","0",",I","","","","","","","","","","","","","19720324",",,I","","","","","2.5",",,I,24,","","","","","","","4.9",",,,I","","","","","",""
"UPM00033917","1972-04","46.07","33.3","7.0","KHORLY, UP","","","6",",I","1",",I","0",",I","","","","","","","","","","","","","19720421",",,I","","","","","3.9",",,I,21,","","","","","","","9.0",",,,I","","","","","",""
"UPM00033917","1972-05","46.07","33.3","7.0","KHORLY, UP","","","5",",I","4",",I","0",",I","","","","","","","","","","","","","19720505",",,I","","","","","9.8",",,I,05,","","","","","","","25.6",",,,I","","","","","",""
"UPM00033917","1972-07","46.07","33.3","7.0","KHORLY, UP","","","3","1,I","2","1,I","0","1,I","","","","","","","","","","","","","19720707",",1,I","","","","","7.0","1,,I,07,","","","","","","","10.6","1,,,I","","","","","",""
"UPM00033917","1972-08","46.07","33.3","7.0","KHORLY, UP","","","6",",I","5",",I","1",",I","","","","","","","","","","","","","19720825",",,I","","","","","26.8",",,I,25,","","","","","","","73.0",",,,I","","","","","",""
"UPM00033917","1972-09","46.07","33.3","7.0","KHORLY, UP","","","8",",I","8",",I","0",",I","","","","","","","","","","","","","19720928",",,I","","","","","24.9",",,I,28,","","","","","","","98.2",",,,I","","","","","",""
"UPM00033917","1972-10","46.07","33.3","7.0","KHORLY, UP","","","9",",I","4",",I","1",",I","","","","","","","","","","","","","19721011",",,I","","","","","29.9",",,I,11,","","","","","","","60.9",",,,I","","","","","",""
"UPM00033917","1972-11","46.07","33.3","7.0","KHORLY, UP","","","11",",I","4",",I","0",",I","","","","","","","","","","","","","19721126",",,I","","","","","10.7",",,I,26,","","","","","","","34.6",",,,I","","","","","",""
"UPM00033917","1972-12","46.07","33.3","7.0","KHORLY, UP","","","2",",I","0",",I","0",",I","","","","","","","","","","","","","19721227",",,I","","","","","2.0",",,I,27,","","","","","","","2.6",",,,I","","","","","",""
"UPM00033917","1973-01","46.07","33.3","7.0","KHORLY, UP","","","8",",I","3",",I","0",",I","","","","","","","","","","","","","19730131",",,I","","","","","3.7",",,I,31,","","","","","","","12.9",",,,I","","","","","",""
"UPM00033917","1973-02","46.07","33.3","7.0","KHORLY, UP","","","11",",I","4",",I","0",",I","","","","","","","","","","","","","19730224",",,I","","","","","12.2",",,I,24,","","","","","","","38.5",",,,I","","","","","",""
"UPM00033917","1973-03","46.07","33.3","7.0","KHORLY, UP","","","12",",I","7",",I","0",",I","","","","","","","","","","","","","19730315",",,I","","","","","13.0",",,I,15,","","","","","","","53.7",",,,I","","","","","",""
"UPM00033917","1973-04","46.07","33.3","7.0","KHORLY, UP","","","5",",I","2",",I","0",",I","","","","","","","","","","","","","19730427",",,I","","","","","7.4",",,I,27,","","","","","","","12.9",",,,I","","","","","",""
"UPM00033917","1973-05","46.07","33.3","7.0","KHORLY, UP","","","9",",I","7",",I","1",",I","","","","","","","","","","","","","19730528",",,I","","","","","46.7",",,I,28,","","","","","","","113.4",",,,I","","","","","",""
"UPM00033917","1973-06","46.07","33.3","7.0","KHORLY, UP","","","13",",I","11",",I","0",",I","","","","","","","","","","","","","19730626",",,I","","","","","17.8",",,I,26,","","","","","","","83.7",",,,I","","","","","",""
"UPM00033917","1973-07","46.07","33.3","7.0","KHORLY, UP","","","10",",I","6",",I","0",",I","","","","","","","","","","","","","19730706",",,I","","","","","19.7",",,I,06,","","","","","","","56.8",",,,I","","","","","",""
"UPM00033917","1973-08","46.07","33.3","7.0","KHORLY, UP","","","12",",I","4",",I","1",",I","","","","","","","","","","","","","19730811",",,I","","","","","36.7",",,I,11,","","","","","","","75.8",",,,I","","","","","",""
"UPM00033917","1973-09","46.07","33.3","7.0","KHORLY, UP","","","3","1,I","3","1,I","0","1,I","","","","","","","","","","","","","19730911",",1,I","","","","","10.9","1,,I,11,","","","","","","","18.7","1,,,I","","","","","",""
"UPM00033917","1973-10","46.07","33.3","7.0","KHORLY, UP","","","7",",I","2",",I","0",",I","","","","","","","","","","","","","19731023",",,I","","","","","8.0",",,I,23,","","","","","","","20.2",",,,I","","","","","",""
"UPM00033917","1973-11","46.07","33.3","7.0","KHORLY, UP","","","12",",I","5",",I","0",",I","","","","","","","","","","","","","19731116",",,I","","","","","16.6",",,I,16,","","","","","","","48.4",",,,I","","","","","",""
"UPM00033917","1973-12","46.07","33.3","7.0","KHORLY, UP","","","10",",I","3",",I","0",",I","","","","","","","","","","","","","19731216",",,I","","","","","9.3",",,I,16,","","","","","","","21.9",",,,I","","","","","",""
"UPM00033917","1974-01","46.07","33.3","7.0","KHORLY, UP","","","10",",I","1",",I","0",",I","","","","","","","","","","","","","19740120",",,I","","","","","4.1",",,I,20,","","","","","","","9.4",",,,I","","","","","",""
"UPM00033917","1974-02","46.07","33.3","7.0","KHORLY, UP","","","9",",I","4",",I","0",",I","","","","","","","","","","","","","19740208","+,,I","","","","","5.5",",,I,08,+","","","","","","","23.1",",,,I","","","","","",""
"UPM00033917","1974-03","46.07","33.3","7.0","KHORLY, UP","","","4",",I","1",",I","0",",I","","","","","","","","","","","","","19740315",",,I","","","","","12.5",",,I,15,","","","","","","","15.3",",,,I","","","","","",""
"UPM00033917","1974-04","46.07","33.3","7.0","KHORLY, UP","","","10",",I","4",",I","0",",I","","","","","","","","","","","","","19740419",",,I","","","","","15.1",",,I,19,","","","","","","","31.7",",,,I","","","","","",""
"UPM00033917","1974-05","46.07","33.3","7.0","KHORLY, UP","","","9",",I","7",",I","0",",I","","","","","","","","","","","","","19740512",",,I","","","","","19.4",",,I,12,","","","","","","","39.1",",,,I","","","","","",""
"UPM00033917","1974-06","46.07","33.3","7.0","KHORLY, UP","","","2",",I","0",",I","0",",I","","","","","","","","","","","","","19740629",",,I","","","","","1.1",",,I,29,","","","","","","","1.7",",,,I","","","","","",""
"UPM00033917","1974-07","46.07","33.3","7.0","KHORLY, UP","","","8",",I","5",",I","0",",I","","","","","","","","","","","","","19740712",",,I","","","","","12.6",",,I,12,","","","","","","","36.6",",,,I","","","","","",""
"UPM00033917","1974-08","46.07","33.3","7.0","KHORLY, UP","","","4",",I","1",",I","0",",I","","","","","","","","","","","","","19740814",",,I","","","","","19.5",",,I,14,","","","","","","","25.0",",,,I","","","","","",""
"UPM00033917","1974-09","46.07","33.3","7.0","KHORLY, UP","","","4",",I","2",",I","0",",I","","","","","","","","","","","","","19740927",",,I","","","","","7.0",",,I,27,","","","","","","","14.6",",,,I","","","","","",""
"UPM00033917","1974-10","46.07","33.3","7.0","KHORLY, UP","","","9",",I","5",",I","0",",I","","","","","","","","","","","","","19741028",",,I","","","","","12.8",",,I,28,","","","","","","","45.4",",,,I","","","","","",""
"UPM00033917","1974-11","46.07","33.3","7.0","KHORLY, UP","","","9",",I","3",",I","0",",I","","","","","","","","","","","","","19741103",",,I","","","","","11.9",",,I,03,","","","","","","","28.1",",,,I","","","","","",""
"UPM00033917","1974-12","46.07","33.3","7.0","KHORLY, UP","","","21",",I","9",",I","0",",I","","","","","","","","","","","","","19741209",",,I","","","","","15.2",",,I,09,","","","","","","","71.2",",,,I","","","","","",""
"UPM00033917","1975-01","46.07","33.3","7.0","KHORLY, UP","","","8",",I","0",",I","0",",I","","","","","","","","","","","","","19750127",",,I","","","","","1.9",",,I,27,","","","","","","","7.5",",,,I","","","","","",""
"UPM00033917","1975-02","46.07","33.3","7.0","KHORLY, UP","","","5",",I","1",",I","0",",I","","","","","","","","","","","","","19750228",",,I","","","","","3.4",",,I,28,","","","","","","","6.3",",,,I","","","","","",""
"UPM00033917","1975-03","46.07","33.3","7.0","KHORLY, UP","","","2",",I","1",",I","0",",I","","","","","","","","","","","","","19750324",",,I","","","","","21.2",",,I,24,","","","","","","","21.7",",,,I","","","","","",""
"UPM00033917","1975-04","46.07","33.3","7.0","KHORLY, UP","","","8",",I","3",",I","0",",I","","","","","","","","","","","","","19750428",",,I","","","","","18.1",",,I,28,","","","","","","","34.7",",,,I","","","","","",""
"UPM00033917","1975-05","46.07","33.3","7.0","KHORLY, UP","","","6",",I","4",",I","0",",I","","","","","","","","","","","","","19750521",",,I","","","","","23.0",",,I,21,","","","","","","","50.8",",,,I","","","","","",""
"UPM00033917","1975-06","46.07","33.3","7.0","KHORLY, UP","","","5",",I","3",",I","0",",I","","","","","","","","","","","","","19750628","+,,I","","","","","6.7",",,I,28,+","","","","","","","24.5",",,,I","","","","","",""
"UPM00033917","1975-07","46.07","33.3","7.0","KHORLY, UP","","","4",",I","4",",I","0",",I","","","","","","","","","","","","","19750704",",,I","","","","","19.1",",,I,04,","","","","","","","54.7",",,,I","","","","","",""
"UPM00033917","1975-08","46.07","33.3","7.0","KHORLY, UP","","","3",",I","0",",I","0",",I","","","","","","","","","","","","","19750824",",,I","","","","","2.2",",,I,24,","","","","","","","4.6",",,,I","","","","","",""
"UPM00033917","1975-09","46.07","33.3","7.0","KHORLY, UP","","","1",",I","0",",I","0",",I","","","","","","","","","","","","","19750907",",,I","","","","","0.6",",,I,07,","","","","","","","0.6",",,,I","","","","","",""
"UPM00033917","1975-10","46.07","33.3","7.0","KHORLY, UP","","","6",",I","4",",I","0",",I","","","","","","","","","","","","","19751025",",,I","","","","","6.4",",,I,25,","","","","","","","18.4",",,,I","","","","","",""
"UPM00033917","1975-11","46.07","33.3","7.0","KHORLY, UP","","","7",",I","3",",I","0",",I","","","","","","","","","","","","","19751123",",,I","","","","","10.8",",,I,23,","","","","","","","24.4",",,,I","","","","","",""
"UPM00033917","1975-12","46.07","33.3","7.0","KHORLY, UP","","","8",",I","5",",I","0",",I","","","","","","","","","","","","","19751207",",,I","","","","","6.2",",,I,07,","","","","","","","29.3",",,,I","","","","","",""
"UPM00033917","1976-11","46.07","33.3","7.0","KHORLY, UP","","","7",",I","1",",I","0",",I","","","","","","","","","","","","","19761123",",,I","","","","","3.4",",,I,23,","","","","","","","8.7",",,,I","","","","","",""
"UPM00033917","1976-12","46.07","33.3","7.0","KHORLY, UP","","","16",",I","7",",I","0",",I","","","","","","","","","","","","","19761205",",,I","","","","","10.2",",,I,05,","","","","","","","49.8",",,,I","","","","","",""
"UPM00033917","1977-01","46.07","33.3","7.0","KHORLY, UP","","","6",",I","3",",I","0",",I","","","","","","","","","","","","","19770126",",,I","","","","","3.4",",,I,26,","","","","","","","13.6",",,,I","","","","","",""
"UPM00033917","1977-02","46.07","33.3","7.0","KHORLY, UP","","","14",",I","5",",I","0",",I","","","","","","","","","","","","","19770204",",,I","","","","","9.2",",,I,04,","","","","","","","33.6",",,,I","","","","","",""
"UPM00033917","1977-03","46.07","33.3","7.0","KHORLY, UP","","","7",",I","3",",I","0",",I","","","","","","","","","","","","","19770305",",,I","","","","","5.8",",,I,05,","","","","","","","21.2",",,,I","","","","","",""
"UPM00033917","1977-04","46.07","33.3","7.0","KHORLY, UP","","","10",",I","9",",I","0",",I","","","","","","","","","","","","","19770426",",,I","","","","","25.3",",,I,26,","","","","","","","74.0",",,,I","","","","","",""
"UPM00033917","1977-05","46.07","33.3","7.0","KHORLY, UP","","","10",",I","4",",I","1",",I","","","","","","","","","","","","","19770518",",,I","","","","","25.4",",,I,18,","","","","","","","46.7",",,,I","","","","","",""
"UPM00033917","1977-06","46.07","33.3","7.0","KHORLY, UP","","","9",",I","4",",I","1",",I","","","","","","","","","","","","","19770611",",,I","","","","","27.7",",,I,11,","","","","","","","62.5",",,,I","","","","","",""
"UPM00033917","1977-07","46.07","33.3","7.0","KHORLY, UP","","","7",",I","6",",I","1",",I","","","","","","","","","","","","","19770712",",,I","","","","","28.7",",,I,12,","","","","","","","84.0",",,,I","","","","","",""
"UPM00033917","1977-08","46.07","33.3","7.0","KHORLY, UP","","","9",",I","6",",I","0",",I","","","","","","","","","","","","","19770816",",,I","","","","","13.9",",,I,16,","","","","","","","50.7",",,,I","","","","","",""
"UPM00033917","1977-09","46.07","33.3","7.0","KHORLY, UP","","","5",",I","3",",I","1",",I","","","","","","","","","","","","","19770907",",,I","","","","","29.9",",,I,07,","","","","","","","52.2",",,,I","","","","","",""
"UPM00033917","1977-11","46.07","33.3","7.0","KHORLY, UP","","","11",",I","7",",I","0",",I","","","","","","","","","","","","","19771117",",,I","","","","","14.3",",,I,17,","","","","","","","42.6",",,,I","","","","","",""
"UPM00033917","1977-12","46.07","33.3","7.0","KHORLY, UP","","","8",",I","3",",I","0",",I","","","","","","","","","","","","","19771225",",,I","","","","","16.7",",,I,25,","","","","","","","41.4",",,,I","","","","","",""
"UPM00033917","1978-01","46.07","33.3","7.0","KHORLY, UP","","","6",",I","2",",I","0",",I","","","","","","","","","","","","","19780131",",,I","","","","","7.9",",,I,31,","","","","","","","18.3",",,,I","","","","","",""
"UPM00033917","1978-02","46.07","33.3","7.0","KHORLY, UP","","","18",",I","6",",I","0",",I","","","","","","","","","","","","","19780207",",,I","","","","","5.0",",,I,07,","","","","","","","36.4",",,,I","","","","","",""
"UPM00033917","1978-03","46.07","33.3","7.0","KHORLY, UP","","","14",",I","5",",I","0",",I","","","","","","","","","","","","","19780301",",,I","","","","","9.7",",,I,01,","","","","","","","39.8",",,,I","","","","","",""
"UPM00033917","1978-04","46.07","33.3","7.0","KHORLY, UP","","","9",",I","7",",I","0",",I","","","","","","","","","","","","","19780417",",,I","","","","","14.6",",,I,17,","","","","","","","50.4",",,,I","","","","","",""
"UPM00033917","1978-05","46.07","33.3","7.0","KHORLY, UP","","","9",",I","4",",I","0",",I","","","","","","","","","","","","","19780514",",,I","","","","","15.8",",,I,14,","","","","","","","34.4",",,,I","","","","","",""
"UPM00033917","1978-06","46.07","33.3","7.0","KHORLY, UP","","","8",",I","4",",I","0",",I","","","","","","","","","","","","","19780612",",,I","","","","","18.2",",,I,12,","","","","","","","36.1",",,,I","","","","","",""
"UPM00033917","1978-07","46.07","33.3","7.0","KHORLY, UP","","","8",",I","4",",I","1",",I","","","","","","","","","","","","","19780731",",,I","","","","","35.0",",,I,31,","","","","","","","75.0",",,,I","","","","","",""
"UPM00033917","1978-08","46.07","33.3","7.0","KHORLY, UP","","","4",",I","2",",I","0",",I","","","","","","","","","","","","","19780804",",,I","","","","","6.2",",,I,04,","","","","","","","11.4",",,,I","","","","","",""
"UPM00033917","1978-09","46.07","33.3","7.0","KHORLY, UP","","","11",",I","9",",I","1",",I","","","","","","","","","","","","","19780905",",,I","","","","","26.2",",,I,05,","","","","","","","78.3",",,,I","","","","","",""
"UPM00033917","1978-12","46.07","33.3","7.0","KHORLY, UP","","","12",",I","6",",I","0",",I","","","","","","","","","","","","","19781215",",,I","","","","","17.9",",,I,15,","","","","","","","55.6",",,,I","","","","","",""
"UPM00033917","1979-01","46.07","33.3","7.0","KHORLY, UP","","","19",",I","10",",I","0",",I","","","","","","","","","","","","","19790127",",,I","","","","","10.1",",,I,27,","","","","","","","74.4",",,,I","","","","","",""
"UPM00033917","1979-02","46.07","33.3","7.0","KHORLY, UP","","","9",",I","7",",I","0",",I","","","","","","","","","","","","","19790205",",,I","","","","","17.0",",,I,05,","","","","","","","56.7",",,,I","","","","","",""
"UPM00033917","1979-03","46.07","33.3","7.0","KHORLY, UP","","","13",",I","3",",I","0",",I","","","","","","","","","","","","","19790322",",,I","","","","","17.7",",,I,22,","","","","","","","41.6",",,,I","","","","","",""
"UPM00033917","1979-04","46.07","33.3","7.0","KHORLY, UP","","","9",",I","3",",I","0",",I","","","","","","","","","","","","","19790403",",,I","","","","","17.2",",,I,03,","","","","","","","34.5",",,,I","","","","","",""
"UPM00033917","1979-05","46.07","33.3","7.0","KHORLY, UP","","","4",",I","1",",I","0",",I","","","","","","","","","","","","","19790513",",,I","","","","","2.7",",,I,13,","","","","","","","4.9",",,,I","","","","","",""
"UPM00033917","1979-06","46.07","33.3","7.0","KHORLY, UP","","","2",",I","1",",I","0",",I","","","","","","","","","","","","","19790611",",,I","","","","","8.0",",,I,11,","","","","","","","9.2",",,,I","","","","","",""
"UPM00033917","1979-07","46.07","33.3","7.0","KHORLY, UP","","","6",",I","4",",I","0",",I","","","","","","","","","","","","","19790705",",,I","","","","","9.5",",,I,05,","","","","","","","27.3",",,,I","","","","","",""
"UPM00033917","1979-08","46.07","33.3","7.0","KHORLY, UP","","","1",",I","0",",I","0",",I","","","","","","","","","","","","","19790813",",,I","","","","","2.0",",,I,13,","","","","","","","2.0",",,,I","","","","","",""
"UPM00033917","1979-09","46.07","33.3","7.0","KHORLY, UP","","","6",",I","3",",I","0",",I","","","","","","","","","","","","","19790904",",,I","","","","","16.8",",,I,04,","","","","","","","30.9",",,,I","","","","","",""
"UPM00033917","1979-10","46.07","33.3","7.0","KHORLY, UP","","","8",",I","4",",I","0",",I","","","","","","","","","","","","","19791031",",,I","","","","","17.1",",,I,31,","","","","","","","34.1",",,,I","","","","","",""
"UPM00033917","1979-11","46.07","33.3","7.0","KHORLY, UP","","","11",",I","5",",I","0",",I","","","","","","","","","","","","","19791123",",,I","","","","","4.5",",,I,23,","","","","","","","26.5",",,,I","","","","","",""
"UPM00033917","1979-12","46.07","33.3","7.0","KHORLY, UP","","","5",",I","2",",I","0",",I","","","","","","","","","","","","","19791212",",,I","","","","","6.5",",,I,12,","","","","","","","13.7",",,,I","","","","","",""
"UPM00033917","1980-01","46.07","33.3","7.0","KHORLY, UP","","","11",",I","6",",I","0",",I","","","","","","","","","","","","","19800125",",,I","","","","","14.1",",,I,25,","","","","","","","47.6",",,,I","","","","","",""
"UPM00033917","1980-02","46.07","33.3","7.0","KHORLY, UP","","","4",",I","1",",I","0",",I","","","","","","","","","","","","","19800205",",,I","","","","","6.1",",,I,05,","","","","","","","9.5",",,,I","","","","","",""
"UPM00033917","1980-03","46.07","33.3","7.0","KHORLY, UP","","","10",",I","7",",I","0",",I","","","","","","","","","","","","","19800311",",,I","","","","","23.6",",,I,11,","","","","","","","62.5",",,,I","","","","","",""
"UPM00033917","1980-04","46.07","33.3","7.0","KHORLY, UP","","","13",",I","5",",I","0",",I","","","","","","","","","","","","","19800407",",,I","","","","","8.1",",,I,07,","","","","","","","34.5",",,,I","","","","","",""
"UPM00033917","1980-05","46.07","33.3","7.0","KHORLY, UP","","","5",",I","3",",I","0",",I","","","","","","","","","","","","","19800512",",,I","","","","","11.0",",,I,12,","","","","","","","20.4",",,,I","","","","","",""
"UPM00033917","1980-06","46.07","33.3","7.0","KHORLY, UP","","","7",",I","3",",I","0",",I","","","","","","","","","","","","","19800612",",,I","","","","","12.4",",,I,12,","","","","","","","26.9",",,,I","","","","","",""
"UPM00033917","1980-07","46.07","33.3","7.0","KHORLY, UP","","","2",",I","1",",I","0",",I","","","","","","","","","","","","","19800730",",,I","","","","","2.7",",,I,30,","","","","","","","5.1",",,,I","","","","","",""
"UPM00033917","1980-08","46.07","33.3","7.0","KHORLY, UP","","","4",",I","2",",I","0",",I","","","","","","","","","","","","","19800825",",,I","","","","","6.2",",,I,25,","","","","","","","12.9",",,,I","","","","","",""
"UPM00033917","1980-09","46.07","33.3","7.0","KHORLY, UP","","","7",",I","4",",I","0",",I","","","","","","","","","","","","","19800919",",,I","","","","","14.0",",,I,19,","","","","","","","32.1",",,,I","","","","","",""
"UPM00033917","1980-10","46.07","33.3","7.0","KHORLY, UP","","","4",",I","3",",I","0",",I","","","","","","","","","","","","","19801005",",,I","","","","","19.6",",,I,05,","","","","","","","40.8",",,,I","","","","","",""
"UPM00033917","1980-11","46.07","33.3","7.0","KHORLY, UP","","","12",",I","4",",I","0",",I","","","","","","","","","","","","","19801107",",,I","","","","","9.4",",,I,07,","","","","","","","31.4",",,,I","","","","","",""
"UPM00033917","1980-12","46.07","33.3","7.0","KHORLY, UP","","","10",",I","6",",I","0",",I","","","","","","","","","","","","","19801205",",,I","","","","","8.2",",,I,05,","","","","","","","29.9",",,,I","","","","","",""
"UPM00033917","1981-01","46.07","33.3","7.0","KHORLY, UP","","","11",",I","2",",I","0",",I","","","","","","","","","","","","","19810127",",,I","","","","","4.1",",,I,27,","","","","","","","16.8",",,,I","","","","","",""
"UPM00033917","1981-02","46.07","33.3","7.0","KHORLY, UP","","","7",",I","2",",I","0",",I","","","","","","","","","","","","","19810213",",,I","","","","","6.5",",,I,13,","","","","","","","17.8",",,,I","","","","","",""
"UPM00033917","1981-04","46.07","33.3","7.0","KHORLY, UP","","","8",",I","6",",I","0",",I","","","","","","","","","","","","","19810403",",,I","","","","","12.7",",,I,03,","","","","","","","45.9",",,,I","","","","","",""
"UPM00033917","1981-05","46.07","33.3","7.0","KHORLY, UP","","","8",",I","3",",I","1",",I","","","","","","","","","","","","","19810507",",,I","","","","","26.9",",,I,07,","","","","","","","58.7",",,,I","","","","","",""
"UPM00033917","1981-06","46.07","33.3","7.0","KHORLY, UP","","","3",",I","1",",I","0",",I","","","","","","","","","","","","","19810628",",,I","","","","","3.3",",,I,28,","","","","","","","5.0",",,,I","","","","","",""
"UPM00033917","1981-07","46.07","33.3","7.0","KHORLY, UP","","","3",",I","2",",I","0",",I","","","","","","","","","","","","","19810711",",,I","","","","","12.6",",,I,11,","","","","","","","20.1",",,,I","","","","","",""
"UPM00033917","1981-08","46.07","33.3","7.0","KHORLY, UP","","","6",",I","5",",I","1",",I","","","","","","","","","","","","","19810828",",,I","","","","","50.1",",,I,28,","","","","","","","78.9",",,,I","","","","","",""
"UPM00033917","1981-09","46.07","33.3","7.0","KHORLY, UP","","","3",",I","2",",I","0",",I","","","","","","","","","","","","","19810916",",,I","","","","","12.4",",,I,16,","","","","","","","21.5",",,,I","","","","","",""
"UPM00033917","1981-10","46.07","33.3","7.0","KHORLY, UP","","","7",",I","5",",I","0",",I","","","","","","","","","","","","","19811014",",,I","","","","","17.1",",,I,14,","","","","","","","40.8",",,,I","","","","","",""
"UPM00033917","1981-11","46.07","33.3","7.0","KHORLY, UP","","","19",",I","11",",I","0",",I","","","","","","","","","","","","","19811116",",,I","","","","","12.9",",,I,16,","","","","","","","97.5",",,,I","","","","","",""
"UPM00033917","1981-12","46.07","33.3","7.0","KHORLY, UP","","","17",",I","7",",I","0",",I","","","","","","","","","","","","","19811214",",,I","","","","","12.1",",,I,14,","","","","","","","53.9",",,,I","","","","","",""
"UPM00033917","1982-01","46.07","33.3","7.0","KHORLY, UP","","","8",",I","4",",I","0",",I","","","","","","","","","","","","","19820113",",,I","","","","","5.4",",,I,13,","","","","","","","21.2",",,,I","","","","","",""
"UPM00033917","1982-02","46.07","33.3","7.0","KHORLY, UP","","","8",",I","4",",I","0",",I","","","","","","","","","","","","","19820219",",,I","","","","","4.4",",,I,19,","","","","","","","19.8",",,,I","","","","","",""
"UPM00033917","1982-03","46.07","33.3","7.0","KHORLY, UP","","","6",",I","1",",I","0",",I","","","","","","","","","","","","","19820331",",,I","","","","","22.8",",,I,31,","","","","","","","28.0",",,,I","","","","","",""
"UPM00033917","1982-04","46.07","33.3","7.0","KHORLY, UP","","","8",",I","4",",I","0",",I","","","","","","","","","","","","","19820424",",,I","","","","","12.1",",,I,24,","","","","","","","27.7",",,,I","","","","","",""
"UPM00033917","1982-05","46.07","33.3","7.0","KHORLY, UP","","","3",",I","2",",I","0",",I","","","","","","","","","","","","","19820503",",,I","","","","","13.7",",,I,03,","","","","","","","24.2",",,,I","","","","","",""
"UPM00033917","1982-06","46.07","33.3","7.0","KHORLY, UP","","","4",",I","3",",I","0",",I","","","","","","","","","","","","","19820625",",,I","","","","","15.3",",,I,25,","","","","","","","35.8",",,,I","","","","","",""
"UPM00033917","1982-07","46.07","33.3","7.0","KHORLY, UP","","","10",",I","7",",I","2",",I","","","","","","","","","","","","","19820709",",,I","","","","","32.6",",,I,09,","","","","","","","92.3",",,,I","","","","","",""
"UPM00033917","1982-08","46.07","33.3","7.0","KHORLY, UP","","","6",",I","3",",I","0",",I","","","","","","","","","","","","","19820802",",,I","","","","","4.5",",,I,02,","","","","","","","13.4",",,,I","","","","","",""
"UPM00033917","1982-09","46.07","33.3","7.0","KHORLY, UP","","","1",",I","0",",I","0",",I","","","","","","","","","","","","","19820909",",,I","","","","","0.5",",,I,09,","","","","","","","0.5",",,,I","","","","","",""
"UPM00033917","1982-10","46.07","33.3","7.0","KHORLY, UP","","","3",",I","2",",I","1",",I","","","","","","","","","","","","","19821017",",,I","","","","","42.0",",,I,17,","","","","","","","52.3",",,,I","","","","","",""
"UPM00033917","1982-11","46.07","33.3","7.0","KHORLY, UP","","","2",",I","1",",I","0",",I","","","","","","","","","","","","","19821116",",,I","","","","","10.0",",,I,16,","","","","","","","10.6",",,,I","","","","","",""
"UPM00033917","1982-12","46.07","33.3","7.0","KHORLY, UP","","","7",",I","2",",I","0",",I","","","","","","","","","","","","","19821214",",,I","","","","","3.3",",,I,14,","","","","","","","12.9",",,,I","","","","","",""
"UPM00033917","1983-01","46.07","33.3","7.0","KHORLY, UP","","","10",",I","4",",I","0",",I","","","","","","","","","","","","","19830124",",,I","","","","","5.6",",,I,24,","","","","","","","22.9",",,,I","","","","","",""
"UPM00033917","1983-02","46.07","33.3","7.0","KHORLY, UP","","","9",",I","5",",I","0",",I","","","","","","","","","","","","","19830204",",,I","","","","","11.8",",,I,04,","","","","","","","37.4",",,,I","","","","","",""
"UPM00033917","1983-03","46.07","33.3","7.0","KHORLY, UP","","","4",",I","3",",I","0",",I","","","","","","","","","","","","","19830307",",,I","","","","","5.8",",,I,07,","","","","","","","11.5",",,,I","","","","","",""
"UPM00033917","1983-04","46.07","33.3","7.0","KHORLY, UP","","","6",",I","2",",I","0",",I","","","","","","","","","","","","","19830407",",,I","","","","","12.6",",,I,07,","","","","","","","20.6",",,,I","","","","","",""
"UPM00033917","1983-05","46.07","33.3","7.0","KHORLY, UP","","","7",",I","3",",I","0",",I","","","","","","","","","","","","","19830507",",,I","","","","","15.9",",,I,07,","","","","","","","31.9",",,,I","","","","","",""
"UPM00033917","1983-07","46.07","33.3","7.0","KHORLY, UP","","","9",",I","6",",I","1",",I","","","","","","","","","","","","","19830725",",,I","","","","","38.7",",,I,25,","","","","","","","102.4",",,,I","","","","","",""
"UPM00033917","1983-08","46.07","33.3","7.0","KHORLY, UP","","","7",",I","4",",I","0",",I","","","","","","","","","","","","","19830810",",,I","","","","","9.2",",,I,10,","","","","","","","24.8",",,,I","","","","","",""
"UPM00033917","1983-09","46.07","33.3","7.0","KHORLY, UP","","","1",",I","0",",I","0",",I","","","","","","","","","","","","","19830924",",,I","","","","","1.0",",,I,24,","","","","","","","1.0",",,,I","","","","","",""
"UPM00033917","1983-10","46.07","33.3","7.0","KHORLY, UP","","","4",",I","3",",I","0",",I","","","","","","","","","","","","","19831013",",,I","","","","","12.1",",,I,13,","","","","","","","20.7",",,,I","","","","","",""
"UPM00033917","1983-11","46.07","33.3","7.0","KHORLY, UP","","","5",",I","1",",I","0",",I","","","","","","","","","","","","","19831112",",,I","","","","","6.2",",,I,12,","","","","","","","9.0",",,,I","","","","","",""
"UPM00033917","1983-12","46.07","33.3","7.0","KHORLY, UP","","","7",",I","2",",I","0",",I","","","","","","","","","","","","","19831221",",,I","","","","","4.5",",,I,21,","","","","","","","14.3",",,,I","","","","","",""
"UPM00033917","1984-01","46.07","33.3","7.0","KHORLY, UP","","","10",",I","4",",I","0",",I","","","","","","","","","","","","","19840108",",,I","","","","","4.4",",,I,08,","","","","","","","20.2",",,,I","","","","","",""
"UPM00033917","1984-02","46.07","33.3","7.0","KHORLY, UP","","","8",",I","3",",I","0",",I","","","","","","","","","","","","","19840212",",,I","","","","","17.0",",,I,12,","","","","","","","38.9",",,,I","","","","","",""
"UPM00033917","1984-03","46.07","33.3","7.0","KHORLY, UP","","","17",",I","5",",I","0",",I","","","","","","","","","","","","","19840308",",,I","","","","","7.4",",,I,08,","","","","","","","39.1",",,,I","","","","","",""
"UPM00033917","1984-04","46.07","33.3","7.0","KHORLY, UP","","","9",",I","3",",I","0",",I","","","","","","","","","","","","","19840408",",,I","","","","","22.4",",,I,08,","","","","","","","43.8",",,,I","","","","","",""
"UPM00033917","1984-05","46.07","33.3","7.0","KHORLY, UP","","","0",",I","0",",I","0",",I","","","","","","","","","","","","","19840517","+,,I","","","","","0.0",",T,I,17,+","","","","","","","0.0",",T,,I","","","","","",""
"UPM00033917","1984-06","46.07","33.3","7.0","KHORLY, UP","","","7",",I","3",",I","0",",I","","","","","","","","","","","","","19840605",",,I","","","","","19.0",",,I,05,","","","","","","","29.3",",,,I","","","","","",""
"UPM00033917","1984-07","46.07","33.3","7.0","KHORLY, UP","","","1",",I","0",",I","0",",I","","","","","","","","","","","","","19840710",",,I","","","","","0.3",",,I,10,","","","","","","","0.4",",,,I","","","","","",""
"UPM00033917","1984-08","46.07","33.3","7.0","KHORLY, UP","","","4",",I","2",",I","0",",I","","","","","","","","","","","","","19840804",",,I","","","","","6.7",",,I,04,","","","","","","","14.0",",,,I","","","","","",""
"UPM00033917","1984-09","46.07","33.3","7.0","KHORLY, UP","","","6",",I","3",",I","0",",I","","","","","","","","","","","","","19840915",",,I","","","","","4.6",",,I,15,","","","","","","","13.2",",,,I","","","","","",""
"UPM00033917","1984-10","46.07","33.3","7.0","KHORLY, UP","","","4",",I","2",",I","0",",I","","","","","","","","","","","","","19841015","+,,I","","","","","10.4",",,I,15,+","","","","","","","23.8",",,,I","","","","","",""
"UPM00033917","1984-11","46.07","33.3","7.0","KHORLY, UP","","","12",",I","8",",I","0",",I","","","","","","","","","","","","","19841111",",,I","","","","","18.3",",,I,11,","","","","","","","63.4",",,,I","","","","","",""
"UPM00033917","1984-12","46.07","33.3","7.0","KHORLY, UP","","","6",",I","1",",I","0",",I","","","","","","","","","","","","","19841215",",,I","","","","","5.7",",,I,15,","","","","","","","10.2",",,,I","","","","","",""
"UPM00033917","1985-01","46.07","33.3","7.0","KHORLY, UP","","","8",",I","3",",I","0",",I","","","","","","","","","","","","","19850103",",,I","","","","","4.2",",,I,03,","","","","","","","17.7",",,,I","","","","","",""
"UPM00033917","1985-02","46.07","33.3","7.0","KHORLY, UP","","","12",",I","7",",I","0",",I","","","","","","","","","","","","","19850210",",,I","","","","","11.1",",,I,10,","","","","","","","49.7",",,,I","","","","","",""
"UPM00033917","1985-03","46.07","33.3","7.0","KHORLY, UP","","","7",",I","2",",I","0",",I","","","","","","","","","","","","","19850316",",,I","","","","","6.7",",,I,16,","","","","","","","15.7",",,,I","","","","","",""
"UPM00033917","1985-04","46.07","33.3","7.0","KHORLY, UP","","","7",",I","4",",I","0",",I","","","","","","","","","","","","","19850403","+,,I","","","","","3.5",",,I,03,+","","","","","","","16.7",",,,I","","","","","",""
"UPM00033917","1985-05","46.07","33.3","7.0","KHORLY, UP","","","4",",I","2",",I","0",",I","","","","","","","","","","","","","19850527",",,I","","","","","11.4",",,I,27,","","","","","","","24.6",",,,I","","","","","",""
"UPM00033917","1985-06","46.07","33.3","7.0","KHORLY, UP","","","9",",I","5",",I","0",",I","","","","","","","","","","","","","19850614",",,I","","","","","9.8",",,I,14,","","","","","","","33.6",",,,I","","","","","",""
"UPM00033917","1985-07","46.07","33.3","7.0","KHORLY, UP","","","9",",I","5",",I","1",",I","","","","","","","","","","","","","19850705",",,I","","","","","50.2",",,I,05,","","","","","","","85.0",",,,I","","","","","",""
"UPM00033917","1985-08","46.07","33.3","7.0","KHORLY, UP","","","4",",I","4",",I","0",",I","","","","","","","","","","","","","19850805",",,I","","","","","14.4",",,I,05,","","","","","","","44.7",",,,I","","","","","",""
"UPM00033917","1985-09","46.07","33.3","7.0","KHORLY, UP","","","10",",I","6",",I","0",",I","","","","","","","","","","","","","19850906",",,I","","","","","19.4",",,I,06,","","","","","","","71.7",",,,I","","","","","",""
"UPM00033917","1985-10","46.07","33.3","7.0","KHORLY, UP","","","4",",I","3",",I","1",",I","","","","","","","","","","","","","19851016",",,I","","","","","25.7",",,I,16,","","","","","","","42.5",",,,I","","","","","",""
"UPM00033917","1985-11","46.07","33.3","7.0","KHORLY, UP","","","8",",I","4",",I","0",",I","","","","","","","","","","","","","19851127",",,I","","","","","18.1",",,I,27,","","","","","","","52.8",",,,I","","","","","",""
"UPM00033917","1985-12","46.07","33.3","7.0","KHORLY, UP","","","12",",I","4",",I","0",",I","","","","","","","","","","","","","19851201",",,I","","","","","5.9",",,I,01,","","","","","","","23.5",",,,I","","","","","",""
"UPM00033917","1986-01","46.07","33.3","7.0","KHORLY, UP","","","13",",I","8",",I","0",",I","","","","","","","","","","","","","19860101",",,I","","","","","19.0",",,I,01,","","","","","","","74.2",",,,I","","","","","",""
"UPM00033917","1986-02","46.07","33.3","7.0","KHORLY, UP","","","7",",I","4",",I","0",",I","","","","","","","","","","","","","19860220",",,I","","","","","21.1",",,I,20,","","","","","","","37.2",",,,I","","","","","",""
"UPM00033917","1986-03","46.07","33.3","7.0","KHORLY, UP","","","3",",I","0",",I","0",",I","","","","","","","","","","","","","19860305",",,I","","","","","1.4",",,I,05,","","","","","","","2.3",",,,I","","","","","",""
"UPM00033917","1986-04","46.07","33.3","7.0","KHORLY, UP","","","6",",I","3",",I","0",",I","","","","","","","","","","","","","19860425",",,I","","","","","16.3",",,I,25,","","","","","","","38.8",",,,I","","","","","",""
"UPM00033917","1986-05","46.07","33.3","7.0","KHORLY, UP","","","6",",I","1",",I","0",",I","","","","","","","","","","","","","19860522",",,I","","","","","2.6",",,I,22,","","","","","","","10.5",",,,I","","","","","",""
"UPM00033917","1986-06","46.07","33.3","7.0","KHORLY, UP","","","5",",I","3",",I","1",",I","","","","","","","","","","","","","19860611",",,I","","","","","30.0",",,I,11,","","","","","","","43.9",",,,I","","","","","",""
"UPM00033917","1986-07","46.07","33.3","7.0","KHORLY, UP","","","5",",I","4",",I","0",",I","","","","","","","","","","","","","19860729",",,I","","","","","7.1",",,I,29,","","","","","","","17.2",",,,I","","","","","",""
"UPM00033917","1986-08","46.07","33.3","7.0","KHORLY, UP","","","0",",I","0",",I","0",",I","","","","","","","","","","","","","19860831","+,,I","","","","","0.0",",,I,31,+","","","","","","","0.0",",,,I","","","","","",""
"UPM00033917","1986-09","46.07","33.3","7.0","KHORLY, UP","","","3",",I","1",",I","0",",I","","","","","","","","","","","","","19860919",",,I","","","","","3.5",",,I,19,","","","","","","","5.6",",,,I","","","","","",""
"UPM00033917","1986-10","46.07","33.3","7.0","KHORLY, UP","","","5",",I","4",",I","0",",I","","","","","","","","","","","","","19861019",",,I","","","","","11.8",",,I,19,","","","","","","","29.9",",,,I","","","","","",""
"UPM00033917","1986-11","46.07","33.3","7.0","KHORLY, UP","","","1",",I","0",",I","0",",I","","","","","","","","","","","","","19861110",",,I","","","","","1.9",",,I,10,","","","","","","","1.9",",,,I","","","","","",""
"UPM00033917","1986-12","46.07","33.3","7.0","KHORLY, UP","","","9",",I","7",",I","0",",I","","","","","","","","","","","","","19861218",",,I","","","","","6.8",",,I,18,","","","","","","","30.5",",,,I","","","","","",""
"UPM00033917","1987-01","46.07","33.3","7.0","KHORLY, UP","","","16",",I","4",",I","0",",I","","","","","","","","","","","","","19870103",",,I","","","","","12.5",",,I,03,","","","","","","","45.2",",,,I","","","","","",""
"UPM00033917","1987-02","46.07","33.3","7.0","KHORLY, UP","","","5",",I","2",",I","0",",I","","","","","","","","","","","","","19870224",",,I","","","","","12.8",",,I,24,","","","","","","","19.5",",,,I","","","","","",""
"UPM00033917","1987-03","46.07","33.3","7.0","KHORLY, UP","","","10",",I","5",",I","0",",I","","","","","","","","","","","","","19870308",",,I","","","","","17.6",",,I,08,","","","","","","","35.8",",,,I","","","","","",""
"UPM00033917","1987-04","46.07","33.3","7.0","KHORLY, UP","","","12",",I","4",",I","0",",I","","","","","","","","","","","","","19870422",",,I","","","","","10.5",",,I,22,","","","","","","","29.9",",,,I","","","","","",""
"UPM00033917","1987-05","46.07","33.3","7.0","KHORLY, UP","","","8",",I","4",",I","0",",I","","","","","","","","","","","","","19870507",",,I","","","","","6.8",",,I,07,","","","","","","","28.2",",,,I","","","","","",""
"UPM00033917","1987-06","46.07","33.3","7.0","KHORLY, UP","","","9",",I","8",",I","0",",I","","","","","","","","","","","","","19870623",",,I","","","","","12.6",",,I,23,","","","","","","","46.0",",,,I","","","","","",""
"UPM00033917","1987-07","46.07","33.3","7.0","KHORLY, UP","","","2",",I","1",",I","1",",I","","","","","","","","","","","","","19870729",",,I","","","","","32.8",",,I,29,","","","","","","","33.2",",,,I","","","","","",""
"UPM00033917","1987-08","46.07","33.3","7.0","KHORLY, UP","","","3",",I","3",",I","0",",I","","","","","","","","","","","","","19870820",",,I","","","","","7.6",",,I,20,","","","","","","","14.2",",,,I","","","","","",""
"UPM00033917","1987-09","46.07","33.3","7.0","KHORLY, UP","","","6",",I","4",",I","0",",I","","","","","","","","","","","","","19870912",",,I","","","","","9.5",",,I,12,","","","","","","","31.8",",,,I","","","","","",""
"UPM00033917","1987-10","46.07","33.3","7.0","KHORLY, UP","","","5",",I","1",",I","0",",I","","","","","","","","","","","","","19871030",",,I","","","","","4.6",",,I,30,","","","","","","","8.9",",,,I","","","","","",""
"UPM00033917","1987-11","46.07","33.3","7.0","KHORLY, UP","","","13",",I","4",",I","0",",I","","","","","","","","","","","","","19871112",",,I","","","","","11.1",",,I,12,","","","","","","","31.4",",,,I","","","","","",""
"UPM00033917","1987-12","46.07","33.3","7.0","KHORLY, UP","","","9",",I","4",",I","0",",I","","","","","","","","","","","","","19871215",",,I","","","","","6.6",",,I,15,","","","","","","","26.0",",,,I","","","","","",""
"UPM00033917","1988-01","46.07","33.3","7.0","KHORLY, UP","","","12",",I","0",",I","0",",I","","","","","","","","","","","","","19880114",",,I","","","","","2.0",",,I,14,","","","","","","","13.2",",,,I","","","","","",""
"UPM00033917","1988-02","46.07","33.3","7.0","KHORLY, UP","","","8",",I","1",",I","0",",I","","","","","","","","","","","","","19880228",",,I","","","","","7.3",",,I,28,","","","","","","","13.4",",,,I","","","","","",""
"UPM00033917","1988-03","46.07","33.3","7.0","KHORLY, UP","","","11",",I","6",",I","0",",I","","","","","","","","","","","","","19880329",",,I","","","","","6.2",",,I,29,","","","","","","","30.8",",,,I","","","","","",""
"UPM00033917","1988-04","46.07","33.3","7.0","KHORLY, UP","","","9",",I","3",",I","0",",I","","","","","","","","","","","","","19880418",",,I","","","","","12.2",",,I,18,","","","","","","","26.3",",,,I","","","","","",""
"UPM00033917","1988-05","46.07","33.3","7.0","KHORLY, UP","","","6",",I","5",",I","0",",I","","","","","","","","","","","","","19880507",",,I","","","","","8.4",",,I,07,","","","","","","","24.7",",,,I","","","","","",""
"UPM00033917","1988-06","46.07","33.3","7.0","KHORLY, UP","","","4",",I","2",",I","0",",I","","","","","","","","","","","","","19880605",",,I","","","","","12.6",",,I,05,","","","","","","","19.0",",,,I","","","","","",""
"UPM00033917","1988-07","46.07","33.3","7.0","KHORLY, UP","","","6",",I","4",",I","1",",I","","","","","","","","","","","","","19880707",",,I","","","","","27.6",",,I,07,","","","","","","","61.3",",,,I","","","","","",""
"UPM00033917","1988-08","46.07","33.3","7.0","KHORLY, UP","","","0",",I","0",",I","0",",I","","","","","","","","","","","","","19880831","+,,I","","","","","0.0",",,I,31,+","","","","","","","0.0",",,,I","","","","","",""
"UPM00033917","1988-09","46.07","33.3","7.0","KHORLY, UP","","","6",",I","5",",I","4",",I","","","","","","","","","","","","","19880903",",,I","","","","","38.5",",,I,03,","","","","","","","158.9",",,,I","","","","","",""
"UPM00033917","1988-10","46.07","33.3","7.0","KHORLY, UP","","","8",",I","2",",I","0",",I","","","","","","","","","","","","","19881020",",,I","","","","","20.9",",,I,20,","","","","","","","33.9",",,,I","","","","","",""
"UPM00033917","1988-11","46.07","33.3","7.0","KHORLY, UP","","","11",",I","8",",I","1",",I","","","","","","","","","","","","","19881121",",,I","","","","","25.9",",,I,21,","","","","","","","77.0",",,,I","","","","","",""
"UPM00033917","1988-12","46.07","33.3","7.0","KHORLY, UP","","","13",",I","6",",I","1",",I","","","","","","","","","","","","","19881203",",,I","","","","","29.0",",,I,03,","","","","","","","61.8",",,,I","","","","","",""
"UPM00033917","1989-01","46.07","33.3","7.0","KHORLY, UP","","","5",",I","1",",I","0",",I","","","","","","","","","","","","","19890108",",,I","","","","","3.0",",,I,08,","","","","","","","10.4",",,,I","","","","","",""
"UPM00033917","1989-02","46.07","33.3","7.0","KHORLY, UP","","","6",",I","3",",I","0",",I","","","","","","","","","","","","","19890213",",,I","","","","","4.4",",,I,13,","","","","","","","15.9",",,,I","","","","","",""
"UPM00033917","1989-03","46.07","33.3","7.0","KHORLY, UP","","","5",",I","1",",I","0",",I","","","","","","","","","","","","","19890308",",,I","","","","","11.4",",,I,08,","","","","","","","14.4",",,,I","","","","","",""
"UPM00033917","1989-04","46.07","33.3","7.0","KHORLY, UP","","","5",",I","1",",I","0",",I","","","","","","","","","","","","","19890420",",,I","","","","","3.8",",,I,20,","","","","","","","8.9",",,,I","","","","","",""
"UPM00033917","1989-05","46.07","33.3","7.0","KHORLY, UP","","","4",",I","4",",I","0",",I","","","","","","","","","","","","","19890526",",,I","","","","","11.1",",,I,26,","","","","","","","23.5",",,,I","","","","","",""
"UPM00033917","1989-09","46.07","33.3","7.0","KHORLY, UP","","","7",",I","4",",I","0",",I","","","","","","","","","","","","","19890917",",,I","","","","","19.5",",,I,17,","","","","","","","40.7",",,,I","","","","","",""
"UPM00033917","1989-10","46.07","33.3","7.0","KHORLY, UP","","","8",",I","5",",I","0",",I","","","","","","","","","","","","","19891019",",,I","","","","","4.6",",,I,19,","","","","","","","21.7",",,,I","","","","","",""
"UPM00033917","1989-11","46.07","33.3","7.0","KHORLY, UP","","","10",",I","2",",I","0",",I","","","","","","","","","","","","","19891125",",,I","","","","","3.3",",,I,25,","","","","","","","17.8",",,,I","","","","","",""
"UPM00033917","1989-12","46.07","33.3","7.0","KHORLY, UP","","","9",",I","1",",I","0",",I","","","","","","","","","","","","","19891228",",,I","","","","","7.7",",,I,28,","","","","","","","13.2",",,,I","","","","","",""
"UPM00033917","1990-01","46.07","33.3","7.0","KHORLY, UP","","","5",",I","1",",I","0",",I","","","","","","","","","","","","","19900122",",,I","","","","","2.5",",,I,22,","","","","","","","7.0",",,,I","","","","","",""
"UPM00033917","1990-02","46.07","33.3","7.0","KHORLY, UP","","","6",",I","5",",I","0",",I","","","","","","","","","","","","","19900216",",,I","","","","","14.4",",,I,16,","","","","","","","31.1",",,,I","","","","","",""
"UPM00033917","1990-03","46.07","33.3","7.0","KHORLY, UP","","","3",",I","0",",I","0",",I","","","","","","","","","","","","","19900301",",,I","","","","","1.9",",,I,01,","","","","","","","3.1",",,,I","","","","","",""
"UPM00033917","1990-04","46.07","33.3","7.0","KHORLY, UP","","","8",",I","3",",I","0",",I","","","","","","","","","","","","","19900429",",,I","","","","","10.5",",,I,29,","","","","","","","29.0",",,,I","","","","","",""
"UPM00033917","1990-05","46.07","33.3","7.0","KHORLY, UP","","","7",",I","3",",I","0",",I","","","","","","","","","","","","","19900503",",,I","","","","","11.8",",,I,03,","","","","","","","26.3",",,,I","","","","","",""
"UPM00033917","1990-06","46.07","33.3","7.0","KHORLY, UP","","","6",",I","3",",I","1",",I","","","","","","","","","","","","","19900602",",,I","","","","","28.3",",,I,02,","","","","","","","47.6",",,,I","","","","","",""
"UPM00033917","1990-07","46.07","33.3","7.0","KHORLY, UP","","","1",",I","1",",I","0",",I","","","","","","","","","","","","","19900705",",,I","","","","","7.8",",,I,05,","","","","","","","7.8",",,,I","","","","","",""
"UPM00033917","1990-08","46.07","33.3","7.0","KHORLY, UP","","","2",",I","1",",I","0",",I","","","","","","","","","","","","","19900820",",,I","","","","","13.7",",,I,20,","","","","","","","14.5",",,,I","","","","","",""
"UPM00033917","1990-09","46.07","33.3","7.0","KHORLY, UP","","","12",",I","6",",I","1",",I","","","","","","","","","","","","","19900911",",,I","","","","","28.9",",,I,11,","","","","","","","64.3",",,,I","","","","","",""
"UPM00033917","1990-10","46.07","33.3","7.0","KHORLY, UP","","","3",",I","1",",I","0",",I","","","","","","","","","","","","","19901031",",,I","","","","","3.3",",,I,31,","","","","","","","4.8",",,,I","","","","","",""
"UPM00033917","1990-11","46.07","33.3","7.0","KHORLY, UP","","","9",",I","1",",I","0",",I","","","","","","","","","","","","","19901101",",,I","","","","","3.7",",,I,01,","","","","","","","9.5",",,,I","","","","","",""
"UPM00033917","1990-12","46.07","33.3","7.0","KHORLY, UP","","","8",",I","4",",I","0",",I","","","","","","","","","","","","","19901209",",,I","","","","","11.7",",,I,09,","","","","","","","33.5",",,,I","","","","","",""
"UPM00033917","2000-03","46.07","33.3","7.0","KHORLY, UP","0.0","2,u","","","","","","","0","2,u","6","2,u","0","2,u","0","2,u","0","2,u","20000314",",2,u","","","20000328",",2,u","-2.0","2,u,14,","","","12.2","2,u,28,","","","400.9","2,u","","","4.51","2,u","6.46","2,,,u","2.56","2,,,u"
"UPM00033917","2000-04","46.07","33.3","7.0","KHORLY, UP","1.6","4,u","","","","","","","0","3,u","0","3,u","0","2,u","10","2,u","0","2,u","20000401",",3,u","","","20000428",",2,u","4.0","3,u,01,","","","25.6","2,u,28,","","","126.5","2,u","","","13.56","4,u","17.30","2,,,u","9.83","3,,,u"
"UPM00033917","2000-05","46.07","33.3","7.0","KHORLY, UP","26.5","4,u","","","","","","","0","2,u","0","2,u","0","2,u","7","2,u","0","2,u","20000503",",2,u","","","20000529",",2,u","3.6","2,u,03,","","","29.3","2,u,29,","","","65.2","2,u","","","16.64","4,u","20.44","2,,,u","12.83","2,,,u"
"UPM00033917","2000-06","46.07","33.3","7.0","KHORLY, UP","","","","","","","","","0","4,u","0","4,u","0","3,u","23","3,u","0","3,u","20000618",",4,u","","","20000607","+,3,u","11.0","4,u,18,","","","32.1","3,u,07,+","","","","","","","20.44","6,u","24.37","3,,,u","16.50","4,,,u"
"UPM00033917","2000-07","46.07","33.3","7.0","KHORLY, UP","","","","","","","","","","","","","0","5,u","26","5,u","2","5,u","","","","","20000713",",5,u","","","","","33.2","5,u,13,","","","","","","","","","27.67","5,,,u","",""
"UPM00033917","2000-08","46.07","33.3","7.0","KHORLY, UP","144.6","5,u","","","","","","","0","3,u","0","3,u","0","3,u","25","3,u","5","3,u","20000825",",3,u","","","20000823",",3,u","14.8","3,u,25,","","","34.8","3,u,23,","1.1","","2.1","3,u","","","23.68","5,u","28.12","3,,,u","19.23","3,,,u"
"UPM00033917","2000-09","46.07","33.3","7.0","KHORLY, UP","","","","","","","","","0","5,u","0","5,u","0","5,u","9","5,u","0","5,u","20000928",",5,u","","","20000905",",5,u","5.6","5,u,28,","","","24.6","5,u,05,","","","","","","","16.03","7,u","19.00","5,,,u","13.07","5,,,u"
"UPM00033917","2000-10","46.07","33.3","7.0","KHORLY, UP","0.0","3,u","","","","","","","0","2,u","0","2,u","0","1,u","1","1,u","0","1,u","20001022",",2,u","","","20001003",",1,u","0.8","2,u,22,","","","21.7","1,u,03,","","","217.7","1,u","","","10.53","3,u","14.45","1,,,u","6.60","2,,,u"
"UPM00033917","2000-11","46.07","33.3","7.0","KHORLY, UP","","","","","","","","","0","4,u","2","4,u","","","","","","","20001130",",4,u","","","","","-1.8","4,u,30,","","","","","","","","","","","","","","","5.85","4,,,u"
"UPM00033917","2001-01","46.07","33.3","7.0","KHORLY, UP","","","","","","","","","0","4,u","14","4,u","8","4,u","0","4,u","0","4,u","20010125","+,4,u","","","20010108",",4,u","-10.7","4,u,25,+","","","9.2","4,u,08,","","","","","","","1.27","6,u","3.41","4,,,u","-0.86","4,,,u"
"UPM00033917","2001-02","46.07","33.3","7.0","KHORLY, UP","","","","","","","","","0","3,u","15","3,u","2","3,u","0","3,u","0","3,u","20010226",",3,u","","","20010210",",3,u","-6.8","3,u,26,","","","10.6","3,u,10,","","","","","","","1.34","6,u","3.60","3,,,u","-0.92","3,,,u"
"UPM00033917","2001-03","46.07","33.3","7.0","KHORLY, UP","0.0","2,u","","","","","","","0","1,u","5","1,u","0","1,u","0","1,u","0","1,u","20010329",",1,u","","","20010314",",1,u","-3.5","1,u,29,","","","15.8","1,u,14,","","","366.2","1,u","","","5.78","2,u","8.53","1,,,u","3.03","1,,,u"
"UPM00033917","2001-04","46.07","33.3","7.0","KHORLY, UP","0.0",",u","","","","","","","0",",u","1",",u","0",",u","1",",u","0",",u","20010401",",,u","","","20010422",",,u","-0.1",",u,01,","","","22.9",",u,22,","","","206.4",",u","","","11.45",",u","14.69",",,,u","8.21",",,,u"
"UPM00033917","2001-05","46.07","33.3","7.0","KHORLY, UP","","","","","","","","","0","3,u","0","3,u","0","3,u","6","3,u","0","3,u","20010515",",3,u","","","20010503",",3,u","7.2","3,u,15,","","","24.9","3,u,03,","","","","","","","15.12","6,u","18.57","3,,,u","11.68","3,,,u"
"UPM00033917","2001-06","46.07","33.3","7.0","KHORLY, UP","36.5","5,u","","","","","","","0","3,u","0","3,u","0","2,u","19","2,u","0","2,u","20010612",",3,u","","","20010619",",2,u","11.3","3,u,12,","","","27.5","2,u,19,","","","17.4","2,u","","","19.09","5,u","22.23","2,,,u","15.96","3,,,u"
"UPM00033917","2001-07","46.07","33.3","7.0","KHORLY, UP","249.9","3,u","","","","","","","0","2,u","0","2,u","0","1,u","30","1,u","16","1,u","20010703",",2,u","","","20010716","+,1,u","17.5","2,u,03,","","","36.4","1,u,16,+","0.0","u","0.0","1,u","","","27.21","3,u","32.49","1,,,u","21.93","2,,,u"
"UPM00033917","2001-08","46.07","33.3","7.0","KHORLY, UP","190.8","4,u","","","","","","","0","2,u","0","2,u","0","2,u","29","2,u","12","2,u","20010830",",2,u","","","20010811",",2,u","13.9","2,u,30,","","","34.8","2,u,11,","0.1","u","0.1","2,u","","","25.02","4,u","30.36","2,,,u","19.68","2,,,u"
"UPM00033917","2001-09","46.07","33.3","7.0","KHORLY, UP","36.8","4,u","","","","","","","0","2,u","0","2,u","0","2,u","20","2,u","0","2,u","20010929",",2,u","","","20010911",",2,u","6.0","2,u,29,","","","29.0","2,u,11,","30.8","u","30.7","2,u","","","18.48","4,u","22.19","2,,,u","14.78","2,,,u"
"UPM00033917","2001-10","46.07","33.3","7.0","KHORLY, UP","2.1","4,u","","","","","","","0","2,u","4","2,u","0","2,u","3","2,u","0","2,u","20011027","+,2,u","","","20011005",",2,u","-2.6","2,u,27,+","","","23.4","2,u,05,","191.3","u","160.5","2,u","","","12.16","4,u","15.88","2,,,u","8.43","2,,,u"
"UPM00033917","2001-11","46.07","33.3","7.0","KHORLY, UP","","","","","","","","","","","","","0","5,u","0","5,u","0","5,u","","","","","20011101",",5,u","","","","","16.5","5,u,01,","","","","","","","","","9.15","5,,,u","",""
"UPM00033917","2002-04","46.07","33.3","7.0","KHORLY, UP","","","","","","","","","0","5,u","2","5,u","","","","","","","20020404",",5,u","","","","","-0.6","5,u,04,","","","","","","","","","","","","","","","6.60","5,,,u"
"UPM00033917","2003-01","46.07","33.3","7.0","KHORLY, UP","","","","","","","","","0","5,u","22","5,u","11","3,u","0","3,u","0","3,u","20030102",",5,u","","","20030110",",3,u","-12.6","5,u,02,","","","5.9","3,u,10,","","","","","","","-1.71","7,u","0.47","3,,,u","-3.90","5,,,u"
"UPM00033917","2003-03","46.07","33.3","7.0","KHORLY, UP","0.0",",u","","","","","","","0",",u","20",",u","3",",u","0",",u","0",",u","20030322",",,u","","","20030326",",,u","-5.5",",u,22,","","","11.9",",u,26,","","","532.0",",u","","","1.17",",u","3.46",",,,u","-1.12",",,,u"
"UPM00033917","2003-04","46.07","33.3","7.0","KHORLY, UP","0.0","1,u","","","","","","","0","1,u","0","1,u","0",",u","0",",u","0",",u","20030427",",1,u","","","20030414",",,u","1.4","1,u,27,","","","19.7",",u,14,","","","287.5",",u","","","8.48","1,u","11.70",",,,u","5.26","1,,,u"
"UPM00033917","2003-05","46.07","33.3","7.0","KHORLY, UP","59.2",",u","","","","","","","0",",u","0",",u","0",",u","24",",u","0",",u","20030501",",,u","","","20030527",",,u","7.9",",u,01,","","","30.5",",u,27,","","","35.8",",u","","","19.09",",u","23.90",",,,u","14.28",",,,u"
"UPM00033917","2003-06","46.07","33.3","7.0","KHORLY, UP","76.4","1,u","","","","","","","0","1,u","0","1,u","0",",u","30",",u","0",",u","20030605",",1,u","","","20030611",",,u","11.5","1,u,05,","","","31.5",",u,11,","","","4.0",",u","","","20.78","1,u","24.17",",,,u","17.38","1,,,u"
"UPM00033917","2003-07","46.07","33.3","7.0","KHORLY, UP","136.8",",u","","","","","","","0",",u","0",",u","0",",u","30",",u","1",",u","20030725",",,u","","","20030703",",,u","16.0",",u,25,","","","32.5",",u,03,","0.1","u","0.1",",u","","","22.74",",u","26.66",",,,u","18.83",",,,u"
"UPM00033917","2003-08","46.07","33.3","7.0","KHORLY, UP","155.3",",u","","","","","","","0",",u","0",",u","0",",u","30",",u","0",",u","20030812",",,u","","","20030830",",,u","15.9",",u,12,","","","31.1",",u,30,","0.1","u","0.0",",u","","","23.34",",u","27.25",",,,u","19.44",",,,u"
"UPM00033917","2003-09","46.07","33.3","7.0","KHORLY, UP","12.9",",u","","","","","","","0",",u","0",",u","0",",u","19",",u","0",",u","20030922",",,u","","","20030901",",,u","8.5",",u,22,","","","27.5",",u,01,","40.1","u","40.0",",u","","","17.43",",u","21.96",",,,u","12.90",",,,u"
"UPM00033917","2003-10","46.07","33.3","7.0","KHORLY, UP","5.0","4,u","","","","","","","0","3,u","3","3,u","0","2,u","7","2,u","0","2,u","20031029",",3,u","","","20031002",",2,u","-4.8","3,u,29,","","","24.0","2,u,02,","238.0","u","197.9","2,u","","","11.47","4,u","15.25","2,,,u","7.69","3,,,u"
"UPM00033917","2003-11","46.07","33.3","7.0","KHORLY, UP","0.0","2,u","","","","","","","0","1,u","2","1,u","0","1,u","0","1,u","0","1,u","20031115",",1,u","","","20031103",",1,u","-1.4","1,u,15,","","","18.5","1,u,03,","578.8","u","340.8","1,u","","","6.18","2,u","8.02","1,,,u","4.34","1,,,u"
"UPM00033917","2003-12","46.07","33.3","7.0","KHORLY, UP","0.0","4,u","","","","","","","0","2,u","14","2,u","0","2,u","0","2,u","0","2,u","20031211",",2,u","","","20031206",",2,u","-4.8","2,u,11,","","","8.0","2,u,06,","1012.3","u","433.5","2,u","","","2.28","4,u","4.11","2,,,u","0.46","2,,,u"
"UPM00033917","2004-01","46.07","33.3","7.0","KHORLY, UP","","","","","","","","","0","4,u","16","4,u","4","5,u","0","5,u","0","5,u","20040107",",4,u","","","20040129",",5,u","-7.5","4,u,07,","","","9.4","5,u,29,","","","","","","","0.79","8,u","2.85","5,,,u","-1.27","4,,,u"
"UPM00033917","2004-02","46.07","33.3","7.0","KHORLY, UP","","","","","","","","","0","5,u","13","5,u","4","4,u","0","4,u","0","4,u","20040214",",5,u","","","20040206",",4,u","-11.7","5,u,14,","","","10.0","4,u,06,","","","","","","","0.86","7,u","3.69","4,,,u","-1.97","5,,,u"
"UPM00033917","2004-03","46.07","33.3","7.0","KHORLY, UP","0.0",",u","","","","","","","0",",u","4",",u","1",",u","0",",u","0",",u","20040306",",,u","","","20040324",",,u","-6.3",",u,06,","","","16.7",",u,24,","","","406.4",",u","","","5.22",",u","7.80",",,,u","2.65",",,,u"
"UPM00033917","2004-04","46.07","33.3","7.0","KHORLY, UP","0.0","4,u","","","","","","","0","3,u","2","3,u","0","1,u","0","1,u","0","1,u","20040403",",3,u","","","20040427",",1,u","-2.9","3,u,03,","","","18.4","1,u,27,","","","196.8","1,u","","","10.32","4,u","13.37","1,,,u","7.27","3,,,u"
"UPM00033917","2005-02","46.07","33.3","7.0","KHORLY, UP","","","","","","","","","0","4,u","13","4,u","","","","","","","20050207",",4,u","","","","","-13.9","4,u,07,","","","","","","","","","","","","","","","-3.25","4,,,u"
"UPM00033917","2005-03","46.07","33.3","7.0","KHORLY, UP","","","","","","","","","0","5,u","16","5,u","","","","","","","20050302",",5,u","","","","","-7.3","5,u,02,","","","","","","","","","","","","","","","-0.56","5,,,u"
"UPM00033917","2007-02","46.07","33.3","7.0","KHORLY, UP","","","","","","","","","0","4,u","10","4,u","","","","","","","20070224",",4,u","","","","","-15.0","4,u,24,","","","","","","","","","","","","","","","-1.04","4,,,u"
