"STATION","DATE","LATITUDE","LONGITUDE","ELEVATION","NAME","DP01","DP01_ATTRIBUTES","DP10","DP10_ATTRIBUTES","DP1X","DP1X_ATTRIBUTES","DSND","DSND_ATTRIBUTES","DSNW","DSNW_ATTRIBUTES","DYSD","DYSD_ATTRIBUTES","DYSN","DYSN_ATTRIBUTES","DYXP","DYXP_ATTRIBUTES","EMSD","EMSD_ATTRIBUTES","EMSN","EMSN_ATTRIBUTES","EMXP","EMXP_ATTRIBUTES","PRCP","PRCP_ATTRIBUTES","SNOW","SNOW_ATTRIBUTES"
"USC00301912","1948-05","41.23333","-73.8","75.9","CROTON LAKE, NY US","16","1,0","10","1,0","2","1,0","","","","","","","","","19480512",",1,0","","","","","52.3","1,,0,12,","200.6","1,,,0","",""
"USC00301912","1948-06","41.23333","-73.8","75.9","CROTON LAKE, NY US","19",",0","10",",0","0",",0","0",",0","0",",0","19480630","+,,0","19480630","+,,0","19480608",",,0","0",",,0,30,+","0",",,0,30,+","23.9",",,0,08,","116.7",",,,0","0",",,,0"
"USC00301912","1948-07","41.23333","-73.8","75.9","CROTON LAKE, NY US","10",",0","7",",0","1",",0","","","","","","","","","19480714",",,0","","","","","58.4",",,0,14,","116.0",",,,0","",""
"USC00301912","1948-08","41.23333","-73.8","75.9","CROTON LAKE, NY US","9",",0","5",",0","1",",0","","","","","","","","","19480812",",,0","","","","","29.2",",,0,12,","63.8",",,,0","",""
"USC00301912","1948-09","41.23333","-73.8","75.9","CROTON LAKE, NY US","4",",0","2",",0","0",",0","","","","","","","","","19480930",",,0","","","","","4.3",",,0,30,","10.9",",,,0","",""
"USC00301912","1948-10","41.23333","-73.8","75.9","CROTON LAKE, NY US","10",",0","6",",0","1",",0","","","","","","","","","19481009",",,0","","","","","27.2",",,0,09,","66.3",",,,0","",""
"USC00301912","1948-11","41.23333","-73.8","75.9","CROTON LAKE, NY US","13",",0","9",",0","1",",0","","","","","","","","","19481111",",,0","","","","","30.7",",,0,11,","112.5",",,,0","",""
"USC00301912","1948-12","41.23333","-73.8","75.9","CROTON LAKE, NY US","9",",0","7",",0","1",",0","","","","","","","","","19481231",",,0","","","","","66.0",",,0,31,","150.4",",,,0","",""
"USC00301912","1949-01","41.23333","-73.8","75.9","CROTON LAKE, NY US","11",",0","8",",0","2",",0","","","","","","","","","19490106",",,0","","","","","41.9",",,0,06,","135.4",",,,0","",""
"USC00301912","1949-02","41.23333","-73.8","75.9","CROTON LAKE, NY US","15",",0","7",",0","0",",0","","","","","","","","","19490201",",,0","","","","","19.8",",,0,01,","70.4",",,,0","",""
"USC00301912","1949-03","41.23333","-73.8","75.9","CROTON LAKE, NY US","10",",0","6",",0","1",",0","","","","","","","","","19490301",",,0","","","","","33.5",",,0,01,","85.3",",,,0","",""
"USC00301912","1949-04","41.23333","-73.8","75.9","CROTON LAKE, NY US","10",",0","7",",0","1",",0","","","","","","","","","19490419",",,0","","","","","33.5",",,0,19,","116.6",",,,0","",""
"USC00301912","1949-05","41.23333","-73.8","75.9","CROTON LAKE, NY US","13",",0","12",",0","1",",0","","","","","","","","","19490521",",,0","","","","","29.2",",,0,21,","141.8",",,,0","",""
"USC00301912","1949-06","41.23333","-73.8","75.9","CROTON LAKE, NY US","3","1,0","2","1,0","0","1,0","","","","","","","","","19490626",",1,0","","","","","12.4","1,,0,26,","16.5","1,,,0","",""
"USC00301912","1949-07","41.23333","-73.8","75.9","CROTON LAKE, NY US","14",",0","10",",0","1",",0","","","","","","","","","19490707",",,0","","","","","25.7",",,0,07,","103.1",",,,0","",""
"USC00301912","1949-08","41.23333","-73.8","75.9","CROTON LAKE, NY US","8",",0","6",",0","3",",0","","","","","","","","","19490804",",,0","","","","","38.4",",,0,04,","118.1",",,,0","",""
"USC00301912","1949-09","41.23333","-73.8","75.9","CROTON LAKE, NY US","10",",0","7",",0","0",",0","","","","","","","","","19490930",",,0","","","","","24.4",",,0,30,","89.5",",,,0","",""
"USC00301912","1949-10","41.23333","-73.8","75.9","CROTON LAKE, NY US","7",",0","5",",0","0",",0","","","","","","","","","19491026",",,0","","","","","23.4",",,0,26,","53.2",",,,0","",""
"USC00301912","1949-11","41.23333","-73.8","75.9","CROTON LAKE, NY US","10",",0","6",",0","0",",0","","","","","","","","","19491114",",,0","","","","","10.9",",,0,14,","34.4",",,,0","",""
"USC00301912","1949-12","41.23333","-73.8","75.9","CROTON LAKE, NY US","12",",0","9",",0","0",",0","","","","","","","","","19491227",",,0","","","","","23.1",",,0,27,","83.2",",,,0","",""
"USC00301912","1950-01","41.23333","-73.8","75.9","CROTON LAKE, NY US","20",",0","11",",0","0",",0","","","","","","","","","19500106",",,0","","","","","13.0",",,0,06,","81.1",",,,0","",""
"USC00301912","1950-02","41.23333","-73.8","75.9","CROTON LAKE, NY US","15",",0","10",",0","2",",0","","","","","","","","","19500214",",,0","","","","","27.9",",,0,14,","107.5",",,,0","",""
"USC00301912","1950-03","41.23333","-73.8","75.9","CROTON LAKE, NY US","15",",0","10",",0","0",",0","","","","","","","","","19500323",",,0","","","","","15.7",",,0,23,","78.8",",,,0","",""
"USC00301912","1950-04","41.23333","-73.8","75.9","CROTON LAKE, NY US","19",",0","7",",0","0",",0","","","","","","","","","19500426",",,0","","","","","11.7",",,0,26,","63.3",",,,0","",""
"USC00301912","1950-05","41.23333","-73.8","75.9","CROTON LAKE, NY US","15",",0","12",",0","0",",0","","","","","","","","","19500519",",,0","","","","","19.8",",,0,19,","117.7",",,,0","",""
"USC00301912","1950-06","41.23333","-73.8","75.9","CROTON LAKE, NY US","10",",0","6",",0","1",",0","0",",0","0",",0","19500630","+,,0","19500630","+,,0","19500615",",,0","0",",,0,30,+","0",",,0,30,+","30.7",",,0,15,","71.1",",,,0","0",",,,0"
"USC00301912","1950-07","41.23333","-73.8","75.9","CROTON LAKE, NY US","13",",0","9",",0","3",",0","0",",0","0",",0","19500731","+,,0","19500731","+,,0","19500711",",,0","0",",,0,31,+","0",",,0,31,+","86.6",",,0,11,","245.6",",,,0","0",",,,0"
"USC00301912","1950-08","41.23333","-73.8","75.9","CROTON LAKE, NY US","12",",0","7",",0","1",",0","","","","","","","","","19500820",",,0","","","","","54.6",",,0,20,","108.3",",,,0","",""
"USC00301912","1950-09","41.23333","-73.8","75.9","CROTON LAKE, NY US","11",",0","4",",0","0",",0","","","","","","","","","19500914",",,0","","","","","13.0",",,0,14,","28.6",",,,0","",""
"USC00301912","1950-10","41.23333","-73.8","75.9","CROTON LAKE, NY US","10",",0","7",",0","0",",0","","","","","","","","","19501012",",,0","","","","","11.2",",,0,12,","45.2",",,,0","",""
"USC00301912","1950-11","41.23333","-73.8","75.9","CROTON LAKE, NY US","9",",0","6",",0","3",",0","","","","","","","","","19501126",",,0","","","","","70.4",",,0,26,","175.4",",,,0","",""
"USC00301912","1950-12","41.23333","-73.8","75.9","CROTON LAKE, NY US","15",",0","9",",0","2",",0","","","","","","","","","19501216",",,0","","","","","36.3",",,0,16,","144.5",",,,0","",""
"USC00301912","1951-01","41.23333","-73.8","75.9","CROTON LAKE, NY US","14",",0","7",",0","0",",0","","","","","","","","","19510115",",,0","","","","","23.6",",,0,15,","77.8",",,,0","",""
"USC00301912","1951-02","41.23333","-73.8","75.9","CROTON LAKE, NY US","8",",0","6",",0","2",",0","","","","","","","","","19510222",",,0","","","","","32.3",",,0,22,","115.2",",,,0","",""
"USC00301912","1951-03","41.23333","-73.8","75.9","CROTON LAKE, NY US","13",",0","10",",0","1",",0","","","","","","","","","19510331",",,0","","","","","76.7",",,0,31,","168.9",",,,0","",""
"USC00301912","1951-04","41.23333","-73.8","75.9","CROTON LAKE, NY US","12",",0","7",",0","1",",0","","","","","","","","","19510403",",,0","","","","","27.7",",,0,03,","90.3",",,,0","",""
"USC00301912","1951-05","41.23333","-73.8","75.9","CROTON LAKE, NY US","10",",0","6",",0","2",",0","","","","","","","","","19510512",",,0","","","","","37.1",",,0,12,","113.9",",,,0","",""
"USC00301912","1951-06","41.23333","-73.8","75.9","CROTON LAKE, NY US","9",",0","6",",0","0",",0","","","","","","","","","19510614",",,0","","","","","23.1",",,0,14,","76.7",",,,0","",""
"USC00301912","1951-07","41.23333","-73.8","75.9","CROTON LAKE, NY US","11",",0","9",",0","2",",0","","","","","","","","","19510729",",,0","","","","","27.9",",,0,29,","162.8",",,,0","",""
"USC00301912","1951-08","41.23333","-73.8","75.9","CROTON LAKE, NY US","7",",0","4",",0","1",",0","","","","","","","","","19510816",",,0","","","","","56.1",",,0,16,","104.3",",,,0","",""
"USC00301912","1951-09","41.23333","-73.8","75.9","CROTON LAKE, NY US","8",",0","6",",0","0",",0","","","","","","","","","19510915",",,0","","","","","14.7",",,0,15,","40.9",",,,0","",""
"USC00301912","1951-10","41.23333","-73.8","75.9","CROTON LAKE, NY US","8",",0","5",",0","2",",0","","","","","","","","","19511008",",,0","","","","","59.4",",,0,08,","128.5",",,,0","",""
"USC00301912","1951-11","41.23333","-73.8","75.9","CROTON LAKE, NY US","13",",0","9",",0","2",",0","","","","","","","","","19511103",",,0","","","","","39.4",",,0,03,","170.4",",,,0","",""
"USC00301912","1951-12","41.23333","-73.8","75.9","CROTON LAKE, NY US","11",",0","6",",0","3",",0","","","","","","","","","19511221",",,0","","","","","28.2",",,0,21,","111.1",",,,0","",""
"USC00301912","1952-01","41.23333","-73.8","75.9","CROTON LAKE, NY US","18",",0","10",",0","0",",0","","","","","","","","","19520123",",,0","","","","","23.4",",,0,23,","107.7",",,,0","",""
"USC00301912","1952-02","41.23333","-73.8","75.9","CROTON LAKE, NY US","11",",0","5",",0","0",",0","","","","","","","","","19520217",",,0","","","","","18.8",",,0,17,","57.1",",,,0","",""
"USC00301912","1952-03","41.23333","-73.8","75.9","CROTON LAKE, NY US","11",",0","8",",0","0",",0","","","","","","","","","19520312",",,0","","","","","20.3",",,0,12,","106.1",",,,0","",""
"USC00301912","1952-04","41.23333","-73.8","75.9","CROTON LAKE, NY US","14",",0","11",",0","4",",0","","","","","","","","","19520406",",,0","","","","","42.4",",,0,06,","183.7",",,,0","",""
"USC00301912","1952-05","41.23333","-73.8","75.9","CROTON LAKE, NY US","11",",0","10",",0","2",",0","","","","","","","","","19520512",",,0","","","","","34.3",",,0,12,","160.7",",,,0","",""
"USC00301912","1952-06","41.23333","-73.8","75.9","CROTON LAKE, NY US","12",",0","7",",0","2",",0","","","","","","","","","19520601",",,0","","","","","54.6",",,0,01,","155.6",",,,0","",""
"USC00301912","1952-07","41.23333","-73.8","75.9","CROTON LAKE, NY US","7",",0","4",",0","1",",0","","","","","","","","","19520710",",,0","","","","","61.5",",,0,10,","100.7",",,,0","",""
"USC00301912","1952-08","41.23333","-73.8","75.9","CROTON LAKE, NY US","11",",0","9",",0","4",",0","","","","","","","","","19520817",",,0","","","","","85.9",",,0,17,","253.1",",,,0","",""
"USC00301912","1952-09","41.23333","-73.8","75.9","CROTON LAKE, NY US","8",",0","6",",0","3",",0","0",",0","0",",0","19520930","+,,0","19520930","+,,0","19520902",",,0","0",",,0,30,+","0",",,0,30,+","71.6",",,0,02,","151.2",",,,0","0",",,,0"
"USC00301912","1952-10","41.23333","-73.8","75.9","CROTON LAKE, NY US","1","2,0","1","2,0","0","2,0","","","","","","","","","19521029",",2,0","","","","","3.0","2,,0,29,","21.3",",a,,0","",""
"USC00301912","1952-11","41.23333","-73.8","75.9","CROTON LAKE, NY US","9",",0","4",",0","1",",0","","","","","","","","","19521121",",,0","","","","","25.9",",,0,21,","80.5",",,,0","",""
"USC00301912","1952-12","41.23333","-73.8","75.9","CROTON LAKE, NY US","8",",0","5",",0","1",",0","","","","","","","","","19521212",",,0","","","","","50.3",",,0,12,","115.9",",,,0","",""
"USC00301912","1953-01","41.23333","-73.8","75.9","CROTON LAKE, NY US","15",",0","12",",0","1",",0","","","","","","","","","19530125",",,0","","","","","43.2",",,0,25,","150.1",",,,0","",""
"USC00301912","1953-02","41.23333","-73.8","75.9","CROTON LAKE, NY US","9",",0","5",",0","0",",0","","","","","","","","","19530216",",,0","","","","","21.8",",,0,16,","50.6",",,,0","",""
"USC00301912","1953-03","41.23333","-73.8","75.9","CROTON LAKE, NY US","13",",0","11",",0","4",",0","","","","","","","","","19530313",",,0","","","","","59.7",",,0,13,","249.6",",,,0","",""
"USC00301912","1953-04","41.23333","-73.8","75.9","CROTON LAKE, NY US","15",",0","13",",0","1",",0","","","","","","","","","19530408",",,0","","","","","27.9",",,0,08,","152.5",",,,0","",""
"USC00301912","1953-05","41.23333","-73.8","75.9","CROTON LAKE, NY US","18",",0","13",",0","0",",0","","","","","","","","","19530508",",,0","","","","","21.1",",,0,08,","100.9",",,,0","",""
"USC00301912","1953-06","41.23333","-73.8","75.9","CROTON LAKE, NY US","7",",0","5",",0","0",",0","","","","","","","","","19530629",",,0","","","","","23.1",",,0,29,","75.6",",,,0","",""
"USC00301912","1953-07","41.23333","-73.8","75.9","CROTON LAKE, NY US","8",",0","6",",0","2",",0","","","","","","","","","19530724",",,0","","","","","77.2",",,0,24,","157.4",",,,0","",""
"USC00301912","1953-08","41.23333","-73.8","75.9","CROTON LAKE, NY US","6",",0","3",",0","1",",0","","","","","","","","","19530810",",,0","","","","","43.9",",,0,10,","54.9",",,,0","",""
"USC00301912","1953-09","41.23333","-73.8","75.9","CROTON LAKE, NY US","5",",0","5",",0","0",",0","","","","","","","","","19530913",",,0","","","","","14.2",",,0,13,","33.1",",,,0","",""
"USC00301912","1953-10","41.23333","-73.8","75.9","CROTON LAKE, NY US","6",",0","5",",0","1",",0","","","","","","","","","19531028",",,0","","","","","33.5",",,0,28,","106.6",",,,0","",""
"USC00301912","1953-11","41.23333","-73.8","75.9","CROTON LAKE, NY US","6",",0","5",",0","0",",0","","","","","","","","","19531107",",,0","","","","","22.1",",,0,07,","56.0",",,,0","",""
"USC00301912","1953-12","41.23333","-73.8","75.9","CROTON LAKE, NY US","11",",0","9",",0","3",",0","","","","","","","","","19531207",",,0","","","","","29.2",",,0,07,","130.9",",,,0","",""
"USC00301912","1954-01","41.23333","-73.8","75.9","CROTON LAKE, NY US","10",",0","9",",0","0",",0","","","","","","","","","19540111",",,0","","","","","11.7",",,0,11,","52.7",",,,0","",""
"USC00301912","1954-02","41.23333","-73.8","75.9","CROTON LAKE, NY US","7",",0","6",",0","0",",0","","","","","","","","","19540222",",,0","","","","","14.2",",,0,22,","49.9",",,,0","",""
"USC00301912","1954-03","41.23333","-73.8","75.9","CROTON LAKE, NY US","6",",0","5",",0","0",",0","","","","","","","","","19540320","+,,0","","","","","23.4",",,0,20,+","89.4",",,,0","",""
"USC00301912","1954-04","41.23333","-73.8","75.9","CROTON LAKE, NY US","13",",0","7",",0","1",",0","","","","","","","","","19540418",",,0","","","","","28.7",",,0,18,","96.0",",,,0","",""
"USC00301912","1954-05","41.23333","-73.8","75.9","CROTON LAKE, NY US","9",",0","8",",0","0",",0","","","","","","","","","19540509",",,0","","","","","23.4",",,0,09,","115.2",",,,0","",""
"USC00301912","1954-06","41.23333","-73.8","75.9","CROTON LAKE, NY US","5",",0","4",",0","0",",0","","","","","","","","","19540613",",,0","","","","","12.2",",,0,13,","30.5",",,,0","",""
"USC00301912","1954-07","41.23333","-73.8","75.9","CROTON LAKE, NY US","11",",0","6",",0","0",",0","","","","","","","","","19540715","+,,0","","","","","8.1",",,0,15,+","37.4",",,,0","",""
"USC00301912","1954-08","41.23333","-73.8","75.9","CROTON LAKE, NY US","15",",0","11",",0","3",",0","","","","","","","","","19540831",",,0","","","","","44.5",",,0,31,","152.9",",,,0","",""
"USC00301912","1954-09","41.23333","-73.8","75.9","CROTON LAKE, NY US","15",",0","10",",0","3",",0","","","","","","","","","19540911",",,0","","","","","78.7",",,0,11,","230.1",",,,0","",""
"USC00301912","1954-10","41.23333","-73.8","75.9","CROTON LAKE, NY US","9",",0","6",",0","0",",0","","","","","","","","","19541030",",,0","","","","","21.1",",,0,30,","55.6",",,,0","",""
"USC00301912","1954-11","41.23333","-73.8","75.9","CROTON LAKE, NY US","12",",0","10",",0","3",",0","","","","","","","","","19541103",",,0","","","","","69.1",",,0,03,","188.6",",,,0","",""
"USC00301912","1954-12","41.23333","-73.8","75.9","CROTON LAKE, NY US","8",",0","4",",0","2",",0","","","","","","","","","19541215",",,0","","","","","29.7",",,0,15,","95.2",",,,0","",""
"USC00301912","1955-01","41.23333","-73.8","75.9","CROTON LAKE, NY US","10",",0","4",",0","0",",0","","","","","","","","","19550102",",,0","","","","","5.1",",,0,02,","21.5",",,,0","",""
"USC00301912","1955-02","41.23333","-73.8","75.9","CROTON LAKE, NY US","12",",0","7",",0","1",",0","","","","","","","","","19550207",",,0","","","","","32.0",",,0,07,","90.4",",,,0","",""
"USC00301912","1955-03","41.23333","-73.8","75.9","CROTON LAKE, NY US","18",",0","11",",0","0",",0","","","","","","","","","19550322",",,0","","","","","17.5",",,0,22,","100.4",",,,0","",""
"USC00301912","1955-04","41.23333","-73.8","75.9","CROTON LAKE, NY US","16",",0","10",",0","0",",0","","","","","","","","","19550429",",,0","","","","","17.8",",,0,29,","99.9",",,,0","",""
"USC00301912","1955-05","41.23333","-73.8","75.9","CROTON LAKE, NY US","9",",0","3",",0","0",",0","","","","","","","","","19550530","+,,0","","","","","17.3",",,0,30,+","43.2",",,,0","",""
"USC00301912","1955-06","41.23333","-73.8","75.9","CROTON LAKE, NY US","13",",0","8",",0","1",",0","","","","","","","","","19550620",",,0","","","","","26.2",",,0,20,","89.8",",,,0","",""
"USC00301912","1955-07","41.23333","-73.8","75.9","CROTON LAKE, NY US","10",",0","7",",0","2",",0","","","","","","","","","19550711",",,0","","","","","40.4",",,0,11,","141.3",",,,0","",""
"USC00301912","1955-08","41.23333","-73.8","75.9","CROTON LAKE, NY US","13",",0","8",",0","5",",0","","","","","","","","","19550819",",,0","","","","","115.6",",,0,19,","365.6",",,,0","",""
"USC00301912","1955-09","41.23333","-73.8","75.9","CROTON LAKE, NY US","8",",0","6",",0","1",",0","0",",0","0",",0","19550930","+,,0","19550930","+,,0","19550925",",,0","0",",,0,30,+","0",",,0,30,+","25.9",",,0,25,","77.7",",,,0","0",",,,0"
"USC00301912","1955-10","41.23333","-73.8","75.9","CROTON LAKE, NY US","13",",0","11",",0","4",",0","","","","","","","","","19551016",",,0","","","","","154.9",",,0,16,","364.5",",,,0","",""
"USC00301912","1955-11","41.23333","-73.8","75.9","CROTON LAKE, NY US","11",",0","8",",0","1",",0","","","","","","","","","19551104",",,0","","","","","42.7",",,0,04,","152.7",",,,0","",""
"USC00301912","1955-12","41.23333","-73.8","75.9","CROTON LAKE, NY US","8",",0","2",",0","0",",0","","","","","","","","","19551223",",,0","","","","","8.1",",,0,23,","17.1",",,,0","",""
"USC00301912","1956-01","41.23333","-73.8","75.9","CROTON LAKE, NY US","14",",0","7",",0","0",",0","","","","","","","","","19560112",",,0","","","","","19.1",",,0,12,","60.7",",,,0","",""
"USC00301912","1956-02","41.23333","-73.8","75.9","CROTON LAKE, NY US","14",",0","9",",0","0",",0","","","","","","","","","19560207",",,0","","","","","18.3",",,0,07,","92.8",",,,0","",""
"USC00301912","1956-03","41.23333","-73.8","75.9","CROTON LAKE, NY US","15",",0","10",",0","0",",0","","","","","","","","","19560317",",,0","","","","","21.1",",,0,17,","106.1",",,,0","",""
"USC00301912","1956-04","41.23333","-73.8","75.9","CROTON LAKE, NY US","14",",0","9",",0","2",",0","","","","","","","","","19560430",",,0","","","","","41.1",",,0,30,","134.9",",,,0","",""
"USC00301912","1956-05","41.23333","-73.8","75.9","CROTON LAKE, NY US","13",",0","10",",0","1",",0","","","","","","","","","19560507",",,0","","","","","31.8",",,0,07,","97.5",",,,0","",""
"USC00301912","1956-06","41.23333","-73.8","75.9","CROTON LAKE, NY US","10",",0","6",",0","1",",0","","","","","","","","","19560603",",,0","","","","","28.4",",,0,03,","70.5",",,,0","",""
"USC00301912","1956-07","41.23333","-73.8","75.9","CROTON LAKE, NY US","12",",0","10",",0","1",",0","","","","","","","","","19560706",",,0","","","","","29.2",",,0,06,","129.6",",,,0","",""
"USC00301912","1956-08","41.23333","-73.8","75.9","CROTON LAKE, NY US","10",",0","8",",0","0",",0","","","","","","","","","19560821",",,0","","","","","14.7",",,0,21,","49.4",",,,0","",""
"USC00301912","1956-09","41.23333","-73.8","75.9","CROTON LAKE, NY US","11",",0","9",",0","1",",0","","","","","","","","","19560907",",,0","","","","","42.4",",,0,07,","118.6",",,,0","",""
"USC00301912","1956-10","41.23333","-73.8","75.9","CROTON LAKE, NY US","7",",0","5",",0","0",",0","","","","","","","","","19561023",",,0","","","","","24.1",",,0,23,","48.8",",,,0","",""
"USC00301912","1956-11","41.23333","-73.8","75.9","CROTON LAKE, NY US","8","1,0","6","1,0","4","1,0","","","","","","","","","19561101",",1,0","","","","","69.6","1,,0,01,","193.9","1,,,0","",""
"USC00301912","1957-01","41.23333","-73.8","75.9","CROTON LAKE, NY US","12",",0","7",",0","0",",0","","","","","","","","","19570123",",,0","","","","","21.3",",,0,23,","54.3",",,,0","",""
"USC00301912","1957-02","41.23333","-73.8","75.9","CROTON LAKE, NY US","6",",0","5",",0","0",",0","","","","","","","","","19570227",",,0","","","","","22.9",",,0,27,","56.6",",,,0","",""
"USC00301912","1957-04","41.23333","-73.8","75.9","CROTON LAKE, NY US","12",",0","8",",0","2",",0","","","","","","","","","19570405",",,0","","","","","36.8",",,0,05,","119.7",",,,0","",""
"USC00301912","1957-05","41.23333","-73.8","75.9","CROTON LAKE, NY US","10",",0","5",",0","1",",0","","","","","","","","","19570515",",,0","","","","","29.5",",,0,15,","69.4",",,,0","",""
"USC00301912","1957-06","41.23333","-73.8","75.9","CROTON LAKE, NY US","8",",0","4",",0","0",",0","","","","","","","","","19570627",",,0","","","","","21.6",",,0,27,","36.4",",,,0","",""
"USC00301912","1957-07","41.23333","-73.8","75.9","CROTON LAKE, NY US","9",",0","7",",0","0",",0","","","","","","","","","19570729",",,0","","","","","24.1",",,0,29,","85.6",",,,0","",""
"USC00301912","1957-08","41.23333","-73.8","75.9","CROTON LAKE, NY US","10",",0","6",",0","0",",0","","","","","","","","","19570826",",,0","","","","","10.9",",,0,26,","44.0",",,,0","",""
"USC00301912","1957-09","41.23333","-73.8","75.9","CROTON LAKE, NY US","9",",0","7",",0","1",",0","","","","","","","","","19570903",",,0","","","","","29.0",",,0,03,","75.5",",,,0","",""
"USC00301912","1957-10","41.23333","-73.8","75.9","CROTON LAKE, NY US","7",",0","5",",0","1",",0","","","","","","","","","19571008",",,0","","","","","26.7",",,0,08,","91.0",",,,0","",""
"USC00301912","1957-11","41.23333","-73.8","75.9","CROTON LAKE, NY US","9",",0","8",",0","1",",0","","","","","","","","","19571115",",,0","","","","","29.2",",,0,15,","87.4",",,,0","",""
"USC00301912","1957-12","41.23333","-73.8","75.9","CROTON LAKE, NY US","16",",0","12",",0","2",",0","","","","","","","","","19571221",",,0","","","","","56.6",",,0,21,","200.4",",,,0","",""
"USC00301912","1958-01","41.23333","-73.8","75.9","CROTON LAKE, NY US","14",",0","8",",0","3",",0","","","","","","","","","19580126",",,0","","","","","35.1",",,0,26,","136.1",",,,0","",""
"USC00301912","1958-02","41.23333","-73.8","75.9","CROTON LAKE, NY US","7",",0","4",",0","1",",0","","","","","","","","","19580228",",,0","","","","","63.8",",,0,28,","111.0",",,,0","",""
"USC00301912","1958-03","41.23333","-73.8","75.9","CROTON LAKE, NY US","11",",0","9",",0","2",",0","","","","","","","","","19580315",",,0","","","","","45.2",",,0,15,","138.6",",,,0","",""
"USC00301912","1958-04","41.23333","-73.8","75.9","CROTON LAKE, NY US","11",",0","9",",0","2",",0","","","","","","","","","19580407",",,0","","","","","41.9",",,0,07,","161.1",",,,0","",""
"USC00301912","1958-05","41.23333","-73.8","75.9","CROTON LAKE, NY US","15",",0","11",",0","1",",0","","","","","","","","","19580505",",,0","","","","","30.2",",,0,05,","140.6",",,,0","",""
"USC00301912","1958-06","41.23333","-73.8","75.9","CROTON LAKE, NY US","12",",0","7",",0","1",",0","","","","","","","","","19580611",",,0","","","","","57.2",",,0,11,","119.5",",,,0","",""
"USC00301912","1958-07","41.23333","-73.8","75.9","CROTON LAKE, NY US","14",",0","10",",0","1",",0","","","","","","","","","19580706",",,0","","","","","29.2",",,0,06,","101.8",",,,0","",""
"USC00301912","1958-08","41.23333","-73.8","75.9","CROTON LAKE, NY US","11",",0","10",",0","1",",0","","","","","","","","","19580818",",,0","","","","","27.2",",,0,18,","106.5",",,,0","",""
"USC00301912","1958-09","41.23333","-73.8","75.9","CROTON LAKE, NY US","11",",0","9",",0","1",",0","","","","","","","","","19580928",",,0","","","","","31.2",",,0,28,","116.3",",,,0","",""
"USC00301912","1958-10","41.23333","-73.8","75.9","CROTON LAKE, NY US","10",",0","7",",0","2",",0","","","","","","","","","19581026",",,0","","","","","41.1",",,0,26,","132.4",",,,0","",""
"USC00301912","1958-11","41.23333","-73.8","75.9","CROTON LAKE, NY US","11",",0","8",",0","1",",0","","","","","","","","","19581129",",,0","","","","","51.8",",,0,29,","99.3",",,,0","",""
"USC00301912","1958-12","41.23333","-73.8","75.9","CROTON LAKE, NY US","8",",0","4",",0","0",",0","","","","","","","","","19581204",",,0","","","","","11.4",",,0,04,","28.9",",,,0","",""
"USC00301912","1959-01","41.23333","-73.8","75.9","CROTON LAKE, NY US","9","1,0","4","1,0","0","1,0","","","","","","","","","19590102",",1,0","","","","","21.1","1,,0,02,","58.5","1,,,0","",""
"USC00301912","1959-02","41.23333","-73.8","75.9","CROTON LAKE, NY US","7",",0","5",",0","0",",0","","","","","","","","","19590210",",,0","","","","","24.4",",,0,10,","57.5",",,,0","",""
"USC00301912","1959-03","41.23333","-73.8","75.9","CROTON LAKE, NY US","14",",0","8",",0","0",",0","","","","","","","","","19590312",",,0","","","","","20.8",",,0,12,","106.0",",,,0","",""
"USC00301912","1959-04","41.23333","-73.8","75.9","CROTON LAKE, NY US","13",",0","7",",0","0",",0","","","","","","","","","19590403",",,0","","","","","21.8",",,0,03,","84.9",",,,0","",""
"USC00301912","1959-05","41.23333","-73.8","75.9","CROTON LAKE, NY US","6",",0","2",",0","0",",0","","","","","","","","","19590514",",,0","","","","","15.7",",,0,14,","29.2",",,,0","",""
"USC00301912","1959-06","41.23333","-73.8","75.9","CROTON LAKE, NY US","13",",0","9",",0","2",",0","","","","","","","","","19590603",",,0","","","","","58.7",",,0,03,","168.0",",,,0","",""
"USC00301912","1959-07","41.23333","-73.8","75.9","CROTON LAKE, NY US","9",",0","5",",0","0",",0","","","","","","","","","19590731",",,0","","","","","22.9",",,0,31,","72.9",",,,0","",""
"USC00301912","1959-08","41.23333","-73.8","75.9","CROTON LAKE, NY US","12",",0","6",",0","1",",0","","","","","","","","","19590809",",,0","","","","","34.3",",,0,09,","105.1",",,,0","",""
"USC00301912","1959-09","41.23333","-73.8","75.9","CROTON LAKE, NY US","7",",0","4",",0","1",",0","","","","","","","","","19590901",",,0","","","","","39.6",",,0,01,","63.0",",,,0","",""
"USC00301912","1959-10","41.23333","-73.8","75.9","CROTON LAKE, NY US","14",",0","7",",0","3",",0","","","","","","","","","19591009",",,0","","","","","55.6",",,0,09,","197.1",",,,0","",""
"USC00301912","1959-11","41.23333","-73.8","75.9","CROTON LAKE, NY US","15",",0","10",",0","2",",0","","","","","","","","","19591107",",,0","","","","","36.3",",,0,07,","130.6",",,,0","",""
"USC00301912","1959-12","41.23333","-73.8","75.9","CROTON LAKE, NY US","11",",0","8",",0","2",",0","","","","","","","","","19591207",",,0","","","","","36.1",",,0,07,","116.2",",,,0","",""
"USC00301912","1960-01","41.23333","-73.8","75.9","CROTON LAKE, NY US","11",",0","6",",0","1",",0","","","","","","","","","19600103",",,0","","","","","27.7",",,0,03,","70.7",",,,0","",""
"USC00301912","1960-02","41.23333","-73.8","75.9","CROTON LAKE, NY US","12",",0","6",",0","2",",0","","","","","","","","","19600211",",,0","","","","","35.1",",,0,11,","113.4",",,,0","",""
"USC00301912","1960-03","41.23333","-73.8","75.9","CROTON LAKE, NY US","10",",0","6",",0","2",",0","","","","","","","","","19600331",",,0","","","","","30.5",",,0,31,","76.8",",,,0","",""
"USC00301912","1960-04","41.23333","-73.8","75.9","CROTON LAKE, NY US","14",",0","5",",0","0",",0","","","","","","","","","19600404",",,0","","","","","22.1",",,0,04,","71.7",",,,0","",""
"USC00301912","1960-05","41.23333","-73.8","75.9","CROTON LAKE, NY US","15",",0","8",",0","0",",0","","","","","","","","","19600502",",,0","","","","","18.0",",,0,02,","90.5",",,,0","",""
"USC00301912","1960-06","41.23333","-73.8","75.9","CROTON LAKE, NY US","9",",0","5",",0","0",",0","","","","","","","","","19600618",",,0","","","","","24.4",",,0,18,","70.4",",,,0","",""
"USC00301912","1960-07","41.23333","-73.8","75.9","CROTON LAKE, NY US","11",",0","8",",0","3",",0","","","","","","","","","19600728",",,0","","","","","57.9",",,0,28,","222.3",",,,0","",""
"USC00301912","1960-08","41.23333","-73.8","75.9","CROTON LAKE, NY US","9",",0","8",",0","1",",0","","","","","","","","","19600819",",,0","","","","","41.1",",,0,19,","114.5",",,,0","",""
"USC00301912","1960-09","41.23333","-73.8","75.9","CROTON LAKE, NY US","10",",0","6",",0","3",",0","","","","","","","","","19600913",",,0","","","","","80.0",",,0,13,","184.4",",,,0","",""
"USC00301912","1960-10","41.23333","-73.8","75.9","CROTON LAKE, NY US","7",",0","5",",0","0",",0","","","","","","","","","19601020",",,0","","","","","23.4",",,0,20,","42.4",",,,0","",""
"USC00301912","1960-11","41.23333","-73.8","75.9","CROTON LAKE, NY US","7",",0","5",",0","2",",0","","","","","","","","","19601110",",,0","","","","","25.9",",,0,10,","86.1",",,,0","",""
"USC00301912","1960-12","41.23333","-73.8","75.9","CROTON LAKE, NY US","9",",0","6",",0","1",",0","","","","","","","","","19601212",",,0","","","","","34.5",",,0,12,","87.1",",,,0","",""
"USC00301912","1961-01","41.23333","-73.8","75.9","CROTON LAKE, NY US","7",",0","6",",0","1",",0","","","","","","","","","19610120",",,0","","","","","32.0",",,0,20,","91.2",",,,0","",""
"USC00301912","1961-02","41.23333","-73.8","75.9","CROTON LAKE, NY US","8",",0","8",",0","1",",0","","","","","","","","","19610204",",,0","","","","","35.6",",,0,04,","87.5",",,,0","",""
"USC00301912","1961-03","41.23333","-73.8","75.9","CROTON LAKE, NY US","12",",0","9",",0","1",",0","","","","","","","","","19610314",",,0","","","","","26.4",",,0,14,","97.3",",,,0","",""
