"STATION","DATE","LATITUDE","LONGITUDE","ELEVATION","NAME","DP01","DP01_ATTRIBUTES","DP10","DP10_ATTRIBUTES","DP1X","DP1X_ATTRIBUTES","DSND","DSND_ATTRIBUTES","DSNW","DSNW_ATTRIBUTES","DYSD","DYSD_ATTRIBUTES","DYSN","DYSN_ATTRIBUTES","DYTS","DYTS_ATTRIBUTES","DYXP","DYXP_ATTRIBUTES","EMSD","EMSD_ATTRIBUTES","EMSN","EMSN_ATTRIBUTES","EMXP","EMXP_ATTRIBUTES","PRCP","PRCP_ATTRIBUTES","SNOW","SNOW_ATTRIBUTES"
"VQC00671810","1982-02","17.76028","-64.61278","42.7","COTTON VALLEY 2, VI US","16",",0","4",",0","0",",0","0",",0","0",",0","19820228","+,,0","19820228","+,,0","","","19820224",",,0","0",",,0,28,+","0",",,0,28,+","13.5",",,0,24,","40.2",",,,0","0",",,,0"
"VQC00671810","1982-03","17.76028","-64.61278","42.7","COTTON VALLEY 2, VI US","10",",0","4",",0","0",",0","","","0",",0","","","19820331","+,,0","","","19820312",",,0","","","0",",,0,31,+","6.9",",,0,12,","21.3",",,,0","0",",,,0"
"VQC00671810","1982-04","17.76028","-64.61278","42.7","COTTON VALLEY 2, VI US","7",",0","3",",0","0",",0","0",",0","0",",0","19820430","+,,0","19820430","+,,0","","","19820417",",,0","0",",,0,30,+","0",",,0,30,+","11.7",",,0,17,","24.4",",,,0","0",",,,0"
"VQC00671810","1982-05","17.76028","-64.61278","42.7","COTTON VALLEY 2, VI US","13",",0","6",",0","1",",0","0",",0","0",",0","19820531","+,,0","19820531","+,,0","","","19820507",",,0","0",",,0,31,+","0",",,0,31,+","32.3",",,0,07,","114.0",",,,0","0",",,,0"
"VQC00671810","1982-06","17.76028","-64.61278","42.7","COTTON VALLEY 2, VI US","4",",0","2",",0","0",",0","0",",0","0",",0","19820630","+,,0","19820630","+,,0","","","19820614",",,0","0",",,0,30,+","0",",,0,30,+","8.4",",,0,14,","18.6",",,,0","0",",,,0"
"VQC00671810","1982-07","17.76028","-64.61278","42.7","COTTON VALLEY 2, VI US","9",",0","5",",0","0",",0","0",",0","0",",0","19820731","+,,0","19820731","+,,0","","","19820727",",,0","0",",,0,31,+","0",",,0,31,+","19.1",",,0,27,","47.7",",,,0","0",",,,0"
"VQC00671810","1982-08","17.76028","-64.61278","42.7","COTTON VALLEY 2, VI US","10",",0","5",",0","0",",0","0",",0","0",",0","19820831","+,,0","19820831","+,,0","","","19820824",",,0","0",",,0,31,+","0",",,0,31,+","11.4",",,0,24,","35.6",",,,0","0",",,,0"
"VQC00671810","1982-09","17.76028","-64.61278","42.7","COTTON VALLEY 2, VI US","15",",0","6",",0","2",",0","0",",0","0",",0","19820930","+,,0","19820930","+,,0","","","19820913",",,0","0",",,0,30,+","0",",,0,30,+","92.5",",,0,13,","145.4",",,,0","0",",,,0"
"VQC00671810","1982-10","17.76028","-64.61278","42.7","COTTON VALLEY 2, VI US","6",",0","5",",0","0",",0","0",",0","0",",0","19821031","+,,0","19821031","+,,0","","","19821018",",,0","0",",,0,31,+","0",",,0,31,+","21.8",",,0,18,","39.1",",,,0","0",",,,0"
"VQC00671810","1982-11","17.76028","-64.61278","42.7","COTTON VALLEY 2, VI US","11","1,0","4","1,0","0","1,0","","","0","1,0","","","19821130","+,1,0","","","19821111",",1,0","","","0","1,,0,30,+","6.4","1,,0,11,","23.5","1,,,0","0","1,,,0"
"VQC00671810","1982-12","17.76028","-64.61278","42.7","COTTON VALLEY 2, VI US","9",",0","6",",0","0",",0","0",",0","0",",0","19821231","+,,0","19821231","+,,0","","","19821228",",,0","0",",,0,31,+","0",",,0,31,+","9.7",",,0,28,","48.0",",,,0","0",",,,0"
"VQC00671810","1983-01","17.76028","-64.61278","42.7","COTTON VALLEY 2, VI US","8",",0","3",",0","0",",0","0",",0","0",",0","19830131","+,,0","19830131","+,,0","","","19830107",",,0","0",",,0,31,+","0",",,0,31,+","5.1",",,0,07,","16.5",",,,0","0",",,,0"
"VQC00671810","1983-02","17.76028","-64.61278","42.7","COTTON VALLEY 2, VI US","2",",0","0",",0","0",",0","0",",0","0",",0","19830228","+,,0","19830228","+,,0","","","19830213",",,0","0",",,0,28,+","0",",,0,28,+","1.5",",,0,13,","1.8",",,,0","0",",,,0"
"VQC00671810","1983-03","17.76028","-64.61278","42.7","COTTON VALLEY 2, VI US","3",",0","3",",0","0",",0","0",",0","0",",0","19830331","+,,0","19830331","+,,0","","","19830308",",,0","0",",,0,31,+","0",",,0,31,+","10.7",",,0,08,","19.1",",,,0","0",",,,0"
"VQC00671810","1983-04","17.76028","-64.61278","42.7","COTTON VALLEY 2, VI US","4",",0","3",",0","1",",0","0",",0","0",",0","19830430","+,,0","19830430","+,,0","","","19830419",",,0","0",",,0,30,+","0",",,0,30,+","81.3",",,0,19,","118.1",",,,0","0",",,,0"
"VQC00671810","1983-05","17.76028","-64.61278","42.7","COTTON VALLEY 2, VI US","11",",0","7",",0","2",",0","0",",0","0",",0","19830531","+,,0","19830531","+,,0","","","19830515",",,0","0",",,0,31,+","0",",,0,31,+","53.3",",,0,15,","147.8",",,,0","0",",,,0"
"VQC00671810","1983-06","17.76028","-64.61278","42.7","COTTON VALLEY 2, VI US","11",",0","6",",0","0",",0","0",",0","0",",0","19830630","+,,0","19830630","+,,0","","","19830627",",,0","0",",,0,30,+","0",",,0,30,+","6.9",",,0,27,","31.3",",,,0","0",",,,0"
"VQC00671810","1983-07","17.76028","-64.61278","42.7","COTTON VALLEY 2, VI US","16",",0","11",",0","1",",0","0",",0","0",",0","19830731","+,,0","19830731","+,,0","","","19830729",",,0","0",",,0,31,+","0",",,0,31,+","34.3",",,0,29,","103.9",",,,0","0",",,,0"
"VQC00671810","1983-08","17.76028","-64.61278","42.7","COTTON VALLEY 2, VI US","12",",0","7",",0","0",",0","0",",0","0",",0","19830831","+,,0","19830831","+,,0","","","19830821",",,0","0",",,0,31,+","0",",,0,31,+","16.5",",,0,21,","53.8",",,,0","0",",,,0"
"VQC00671810","1983-09","17.76028","-64.61278","42.7","COTTON VALLEY 2, VI US","10",",0","3",",0","0",",0","0",",0","0",",0","19830930","+,,0","19830930","+,,0","","","19830921",",,0","0",",,0,30,+","0",",,0,30,+","13.5",",,0,21,","33.6",",,,0","0",",,,0"
"VQC00671810","1983-10","17.76028","-64.61278","42.7","COTTON VALLEY 2, VI US","8",",0","3",",0","0",",0","0",",0","0",",0","19831031","+,,0","19831031","+,,0","","","19831009",",,0","0",",,0,31,+","0",",,0,31,+","4.8",",,0,09,","14.8",",,,0","0",",,,0"
"VQC00671810","1983-11","17.76028","-64.61278","42.7","COTTON VALLEY 2, VI US","7",",0","6",",0","1",",0","0",",0","0",",0","19831130","+,,0","19831130","+,,0","","","19831105",",,0","0",",,0,30,+","0",",,0,30,+","196.9",",,0,05,","233.8",",,,0","0",",,,0"
"VQC00671810","1983-12","17.76028","-64.61278","42.7","COTTON VALLEY 2, VI US","19",",0","10",",0","0",",0","0",",0","0",",0","19831231","+,,0","19831231","+,,0","","","19831202",",,0","0",",,0,31,+","0",",,0,31,+","19.8",",,0,02,","97.9",",,,0","0",",,,0"
"VQC00671810","1984-01","17.76028","-64.61278","42.7","COTTON VALLEY 2, VI US","16",",0","8",",0","1",",0","0",",0","0",",0","19840131","+,,0","19840131","+,,0","","","19840116",",,0","0",",,0,31,+","0",",,0,31,+","30.7",",,0,16,","88.4",",,,0","0",",,,0"
"VQC00671810","1984-02","17.76028","-64.61278","42.7","COTTON VALLEY 2, VI US","13",",0","7",",0","0",",0","0",",0","0",",0","19840229","+,,0","19840229","+,,0","","","19840208",",,0","0",",,0,29,+","0",",,0,29,+","18.3",",,0,08,","60.5",",,,0","0",",,,0"
"VQC00671810","1984-03","17.76028","-64.61278","42.7","COTTON VALLEY 2, VI US","4",",0","2",",0","0",",0","0",",0","0",",0","19840331","+,,0","19840331","+,,0","","","19840314",",,0","0",",,0,31,+","0",",,0,31,+","5.6",",,0,14,","11.4",",,,0","0",",,,0"
"VQC00671810","1984-04","17.76028","-64.61278","42.7","COTTON VALLEY 2, VI US","2",",0","2",",0","0",",0","0",",0","0",",0","19840430","+,,0","19840430","+,,0","","","19840428",",,0","0",",,0,30,+","0",",,0,30,+","14.7",",,0,28,","29.2",",,,0","0",",,,0"
"VQC00671810","1984-05","17.76028","-64.61278","42.7","COTTON VALLEY 2, VI US","13",",0","5",",0","0",",0","0",",0","0",",0","19840531","+,,0","19840531","+,,0","","","19840523",",,0","0",",,0,31,+","0",",,0,31,+","5.8",",,0,23,","26.4",",,,0","0",",,,0"
"VQC00671810","1984-06","17.76028","-64.61278","42.7","COTTON VALLEY 2, VI US","15",",0","7",",0","0",",0","0",",0","0",",0","19840630","+,,0","19840630","+,,0","","","19840610",",,0","0",",,0,30,+","0",",,0,30,+","19.1",",,0,10,","55.2",",,,0","0",",,,0"
"VQC00671810","1984-07","17.76028","-64.61278","42.7","COTTON VALLEY 2, VI US","10",",0","6",",0","1",",0","0",",0","0",",0","19840731","+,,0","19840731","+,,0","","","19840705",",,0","0",",,0,31,+","0",",,0,31,+","101.6",",,0,05,","130.4",",,,0","0",",,,0"
"VQC00671810","1984-08","17.76028","-64.61278","42.7","COTTON VALLEY 2, VI US","8",",0","4",",0","1",",0","0",",0","0",",0","19840831","+,,0","19840831","+,,0","","","19840802",",,0","0",",,0,31,+","0",",,0,31,+","48.8",",,0,02,","70.2",",,,0","0",",,,0"
"VQC00671810","1984-09","17.76028","-64.61278","42.7","COTTON VALLEY 2, VI US","12",",0","7",",0","2",",0","0",",0","0",",0","19840930","+,,0","19840930","+,,0","","","19840906",",,0","0",",,0,30,+","0",",,0,30,+","43.2",",,0,06,","130.9",",,,0","0",",,,0"
"VQC00671810","1984-10","17.76028","-64.61278","42.7","COTTON VALLEY 2, VI US","22",",0","12",",0","1",",0","0",",0","0",",0","19841031","+,,0","19841031","+,,0","","","19841017",",,0","0",",,0,31,+","0",",,0,31,+","29.7",",,0,17,","130.2",",,,0","0",",,,0"
"VQC00671810","1984-11","17.76028","-64.61278","42.7","COTTON VALLEY 2, VI US","19",",0","13",",0","2",",0","0",",0","0",",0","19841130","+,,0","19841130","+,,0","","","19841107",",,0","0",",,0,30,+","0",",,0,30,+","156.5",",,0,07,","340.9",",,,0","0",",,,0"
"VQC00671810","1984-12","17.76028","-64.61278","42.7","COTTON VALLEY 2, VI US","13",",0","5",",0","0",",0","0",",0","0",",0","19841231","+,,0","19841231","+,,0","","","19841230",",,0","0",",,0,31,+","0",",,0,31,+","6.1",",,0,30,","31.7",",,,0","0",",,,0"
"VQC00671810","1985-01","17.76028","-64.61278","42.7","COTTON VALLEY 2, VI US","7",",0","3",",0","0",",0","0",",0","0",",0","19850131","+,,0","19850131","+,,0","","","19850110",",,0","0",",,0,31,+","0",",,0,31,+","16.5",",,0,10,","31.8",",,,0","0",",,,0"
"VQC00671810","1985-02","17.76028","-64.61278","42.7","COTTON VALLEY 2, VI US","9",",0","4",",0","1",",0","0",",0","0",",0","19850228","+,,0","19850228","+,,0","","","19850228",",,0","0",",,0,28,+","0",",,0,28,+","44.5",",,0,28,","70.6",",,,0","0",",,,0"
"VQC00671810","1985-03","17.76028","-64.61278","42.7","COTTON VALLEY 2, VI US","13",",0","6",",0","0",",0","0",",0","0",",0","19850331","+,,0","19850331","+,,0","","","19850317",",,0","0",",,0,31,+","0",",,0,31,+","24.4",",,0,17,","61.9",",,,0","0",",,,0"
"VQC00671810","1985-04","17.76028","-64.61278","42.7","COTTON VALLEY 2, VI US","9",",0","3",",0","0",",0","0",",0","0",",0","19850430","+,,0","19850430","+,,0","","","19850421",",,0","0",",,0,30,+","0",",,0,30,+","14.0",",,0,21,","28.8",",,,0","0",",,,0"
"VQC00671810","1985-06","17.76028","-64.61278","42.7","COTTON VALLEY 2, VI US","1",",0","1",",0","0",",0","0",",0","0",",0","19850630","+,,0","19850630","+,,0","","","19850623",",,0","0",",,0,30,+","0",",,0,30,+","2.5",",,0,23,","2.5",",,,0","0",",,,0"
"VQC00671810","1985-07","17.76028","-64.61278","42.7","COTTON VALLEY 2, VI US","10",",0","5",",0","0",",0","0",",0","0",",0","19850731","+,,0","19850731","+,,0","","","19850716",",,0","0",",,0,31,+","0",",,0,31,+","11.9",",,0,16,","37.4",",,,0","0",",,,0"
"VQC00671810","1985-08","17.76028","-64.61278","42.7","COTTON VALLEY 2, VI US","11",",0","4",",0","0",",0","0",",0","0",",0","19850831","+,,0","19850831","+,,0","","","19850809",",,0","0",",,0,31,+","0",",,0,31,+","11.4",",,0,09,","36.8",",,,0","0",",,,0"
"VQC00671810","1985-09","17.76028","-64.61278","42.7","COTTON VALLEY 2, VI US","9",",0","4",",0","2",",0","0",",0","0",",0","19850930","+,,0","19850930","+,,0","","","19850913",",,0","0",",,0,30,+","0",",,0,30,+","28.4",",,0,13,","71.5",",,,0","0",",,,0"
"VQC00671810","1985-10","17.76028","-64.61278","42.7","COTTON VALLEY 2, VI US","","","","","","","0",",0","0",",0","19851031","+,,0","19851031","+,,0","","","","","0",",,0,31,+","0",",,0,31,+","","","","","0",",,,0"
"VQC00671810","1985-11","17.76028","-64.61278","42.7","COTTON VALLEY 2, VI US","17",",0","9",",0","2",",0","0",",0","0",",0","19851130","+,,0","19851130","+,,0","","","19851113",",,0","0",",,0,30,+","0",",,0,30,+","38.1",",,0,13,","120.8",",,,0","0",",,,0"
"VQC00671810","1985-12","17.76028","-64.61278","42.7","COTTON VALLEY 2, VI US","18",",0","7",",0","0",",0","0",",0","0",",0","19851231","+,,0","19851231","+,,0","","","19851222",",,0","0",",,0,31,+","0",",,0,31,+","22.9",",,0,22,","61.4",",,,0","0",",,,0"
"VQC00671810","1986-01","17.76028","-64.61278","42.7","COTTON VALLEY 2, VI US","15",",0","8",",0","1",",0","0",",0","0",",0","19860131","+,,0","19860131","+,,0","","","19860110",",,0","0",",,0,31,+","0",",,0,31,+","26.7",",,0,10,","76.4",",,,0","0",",,,0"
"VQC00671810","1986-02","17.76028","-64.61278","42.7","COTTON VALLEY 2, VI US","11",",0","1",",0","0",",0","0",",0","0",",0","19860228","+,,0","19860228","+,,0","","","19860203",",,0","0",",,0,28,+","0",",,0,28,+","3.6",",,0,03,","12.6",",,,0","0",",,,0"
"VQC00671810","1986-03","17.76028","-64.61278","42.7","COTTON VALLEY 2, VI US","13",",0","5",",0","0",",0","0",",0","0",",0","19860331","+,,0","19860331","+,,0","","","19860313",",,0","0",",,0,31,+","0",",,0,31,+","9.4",",,0,13,","35.1",",,,0","0",",,,0"
"VQC00671810","1986-04","17.76028","-64.61278","42.7","COTTON VALLEY 2, VI US","8",",0","5",",0","1",",0","0",",0","0",",0","19860430","+,,0","19860430","+,,0","","","19860406",",,0","0",",,0,30,+","0",",,0,30,+","46.0",",,0,06,","77.5",",,,0","0",",,,0"
"VQC00671810","1986-05","17.76028","-64.61278","42.7","COTTON VALLEY 2, VI US","10","3,0","5","3,0","0","3,0","0",",0","0",",0","19860531","+,,0","19860531","+,,0","","","19860507",",3,0","0",",,0,31,+","0",",,0,31,+","21.3","3,,0,07,","133.9",",a,,0","0",",,,0"
"VQC00671810","1986-06","17.76028","-64.61278","42.7","COTTON VALLEY 2, VI US","6",",0","5",",0","0",",0","0",",0","0",",0","19860630","+,,0","19860630","+,,0","","","19860610",",,0","0",",,0,30,+","0",",,0,30,+","10.7",",,0,10,","32.8",",,,0","0",",,,0"
"VQC00671810","1986-07","17.76028","-64.61278","42.7","COTTON VALLEY 2, VI US","12",",0","3",",0","0",",0","0",",0","0",",0","19860731","+,,0","19860731","+,,0","","","19860727",",,0","0",",,0,31,+","0",",,0,31,+","9.1",",,0,27,","25.9",",,,0","0",",,,0"
"VQC00671810","1986-08","17.76028","-64.61278","42.7","COTTON VALLEY 2, VI US","11",",0","8",",0","2",",0","0",",0","0",",0","19860831","+,,0","19860831","+,,0","","","19860811",",,0","0",",,0,31,+","0",",,0,31,+","51.3",",,0,11,","147.0",",,,0","0",",,,0"
"VQC00671810","1986-11","17.76028","-64.61278","42.7","COTTON VALLEY 2, VI US","24",",0","19",",0","1",",0","0",",0","0",",0","19861130","+,,0","19861130","+,,0","","","19861107",",,0","0",",,0,30,+","0",",,0,30,+","25.4",",,0,07,","165.0",",,,0","0",",,,0"
"VQC00671810","1986-12","17.76028","-64.61278","42.7","COTTON VALLEY 2, VI US","15",",0","8",",0","0",",0","0",",0","0",",0","19861231","+,,0","19861231","+,,0","","","19861228",",,0","0",",,0,31,+","0",",,0,31,+","8.1",",,0,28,","50.8",",,,0","0",",,,0"
"VQC00671810","1987-02","17.76028","-64.61278","42.7","COTTON VALLEY 2, VI US","2",",0","0",",0","0",",0","0",",0","0",",0","19870228","+,,0","19870228","+,,0","","","19870221",",,0","0",",,0,28,+","0",",,0,28,+","2.0",",,0,21,","3.5",",,,0","0",",,,0"
"VQC00671810","1987-03","17.76028","-64.61278","42.7","COTTON VALLEY 2, VI US","6",",0","5",",0","0",",0","","","0","1,0","","","19870331","+,1,0","","","19870317",",,0","","","0","1,,0,31,+","14.5",",,0,17,","38.4",",,,0","0","1,,,0"
"VQC00671810","1987-04","17.76028","-64.61278","42.7","COTTON VALLEY 2, VI US","7",",0","5",",0","0",",0","0",",0","0",",0","19870430","+,,0","19870430","+,,0","","","19870411",",,0","0",",,0,30,+","0",",,0,30,+","9.1",",,0,11,","36.5",",,,0","0",",,,0"
"VQC00671810","1987-05","17.76028","-64.61278","42.7","COTTON VALLEY 2, VI US","14",",0","10",",0","2",",0","0",",0","0",",0","19870531","+,,0","19870531","+,,0","","","19870526",",,0","0",",,0,31,+","0",",,0,31,+","102.6",",,0,26,","213.1",",,,0","0",",,,0"
"VQC00671810","1987-06","17.76028","-64.61278","42.7","COTTON VALLEY 2, VI US","16",",0","9",",0","3",",0","0",",0","0",",0","19870630","+,,0","19870630","+,,0","","","19870621",",,0","0",",,0,30,+","0",",,0,30,+","70.9",",,0,21,","249.8",",,,0","0",",,,0"
"VQC00671810","1987-07","17.76028","-64.61278","42.7","COTTON VALLEY 2, VI US","12",",0","11",",0","1",",0","0",",0","0",",0","19870731","+,,0","19870731","+,,0","","","19870708",",,0","0",",,0,31,+","0",",,0,31,+","25.4",",,0,08,","63.3",",,,0","0",",,,0"
"VQC00671810","1987-10","17.76028","-64.61278","42.7","COTTON VALLEY 2, VI US","14",",0","8",",0","1",",0","0",",0","0",",0","19871031","+,,0","19871031","+,,0","","","19871016",",,0","0",",,0,31,+","0",",,0,31,+","25.7",",,0,16,","98.1",",,,0","0",",,,0"
"VQC00671810","1987-11","17.76028","-64.61278","42.7","COTTON VALLEY 2, VI US","15",",0","7",",0","3",",0","0",",0","0",",0","19871130","+,,0","19871130","+,,0","","","19871124",",,0","0",",,0,30,+","0",",,0,30,+","101.9",",,0,24,","258.8",",,,0","0",",,,0"
"VQC00671810","1987-12","17.76028","-64.61278","42.7","COTTON VALLEY 2, VI US","15",",0","8",",0","0",",0","0",",0","0",",0","19871231","+,,0","19871231","+,,0","","","19871230",",,0","0",",,0,31,+","0",",,0,31,+","13.0",",,0,30,","61.0",",,,0","0",",,,0"
"VQC00671810","1988-01","17.76028","-64.61278","42.7","COTTON VALLEY 2, VI US","18",",0","4",",0","0",",0","0",",0","0",",0","19880131","+,,0","19880131","+,,0","","","19880101",",,0","0",",,0,31,+","0",",,0,31,+","5.6",",,0,01,","32.2",",,,0","0",",,,0"
"VQC00671810","1988-02","17.76028","-64.61278","42.7","COTTON VALLEY 2, VI US","14",",0","3",",0","0",",0","0",",0","0",",0","19880229","+,,0","19880229","+,,0","","","19880206",",,0","0",",,0,29,+","0",",,0,29,+","5.8",",,0,06,","24.7",",,,0","0",",,,0"
"VQC00671810","1988-03","17.76028","-64.61278","42.7","COTTON VALLEY 2, VI US","9",",0","2",",0","0",",0","0",",0","0",",0","19880331","+,,0","19880331","+,,0","","","19880316",",,0","0",",,0,31,+","0",",,0,31,+","10.2",",,0,16,","24.8",",,,0","0",",,,0"
"VQC00671810","1988-04","17.76028","-64.61278","42.7","COTTON VALLEY 2, VI US","5",",0","1",",0","0",",0","0",",0","0",",0","19880430","+,,0","19880430","+,,0","","","19880407",",,0","0",",,0,30,+","0",",,0,30,+","6.9",",,0,07,","11.5",",,,0","0",",,,0"
"VQC00671810","1988-05","17.76028","-64.61278","42.7","COTTON VALLEY 2, VI US","12",",0","6",",0","0",",0","0",",0","0",",0","19880531","+,,0","19880531","+,,0","","","19880511",",,0","0",",,0,31,+","0",",,0,31,+","22.4",",,0,11,","53.6",",,,0","0",",,,0"
"VQC00671810","1988-06","17.76028","-64.61278","42.7","COTTON VALLEY 2, VI US","14",",0","5",",0","0",",0","0",",0","0",",0","19880630","+,,0","19880630","+,,0","","","19880621",",,0","0",",,0,30,+","0",",,0,30,+","18.0",",,0,21,","40.8",",,,0","0",",,,0"
"VQC00671810","1988-07","17.76028","-64.61278","42.7","COTTON VALLEY 2, VI US","18",",0","10",",0","1",",0","0",",0","0",",0","19880731","+,,0","19880731","+,,0","","","19880714",",,0","0",",,0,31,+","0",",,0,31,+","26.7",",,0,14,","87.0",",,,0","0",",,,0"
"VQC00671810","1988-08","17.76028","-64.61278","42.7","COTTON VALLEY 2, VI US","19",",0","9",",0","0",",0","0",",0","0",",0","19880831","+,,0","19880831","+,,0","","","19880811",",,0","0",",,0,31,+","0",",,0,31,+","23.6",",,0,11,","121.9",",,,0","0",",,,0"
"VQC00671810","1988-09","17.76028","-64.61278","42.7","COTTON VALLEY 2, VI US","10",",0","9",",0","1",",0","0",",0","0",",0","19880930","+,,0","19880930","+,,0","","","19880922",",,0","0",",,0,30,+","0",",,0,30,+","26.7",",,0,22,","109.8",",,,0","0",",,,0"
"VQC00671810","1988-10","17.76028","-64.61278","42.7","COTTON VALLEY 2, VI US","18",",0","5",",0","0",",0","0",",0","0",",0","19881031","+,,0","19881031","+,,0","","","19881021",",,0","0",",,0,31,+","0",",,0,31,+","14.0",",,0,21,","50.1",",,,0","0",",,,0"
"VQC00671810","1988-11","17.76028","-64.61278","42.7","COTTON VALLEY 2, VI US","19",",0","6",",0","1",",0","0",",0","0",",0","19881130","+,,0","19881130","+,,0","","","19881114",",,0","0",",,0,30,+","0",",,0,30,+","35.6",",,0,14,","93.1",",,,0","0",",,,0"
"VQC00671810","1988-12","17.76028","-64.61278","42.7","COTTON VALLEY 2, VI US","17",",0","6",",0","0",",0","0",",0","0",",0","19881231","+,,0","19881231","+,,0","","","19881202",",,0","0",",,0,31,+","0",",,0,31,+","21.6",",,0,02,","56.1",",,,0","0",",,,0"
"VQC00671810","1989-01","17.76028","-64.61278","42.7","COTTON VALLEY 2, VI US","15",",0","3",",0","0",",0","0",",0","0",",0","19890131","+,,0","19890131","+,,0","","","19890113",",,0","0",",,0,31,+","0",",,0,31,+","3.3",",,0,13,","20.4",",,,0","0",",,,0"
"VQC00671810","1989-02","17.76028","-64.61278","42.7","COTTON VALLEY 2, VI US","13",",0","4",",0","0",",0","0",",0","0",",0","19890228","+,,0","19890228","+,,0","","","19890227",",,0","0",",,0,28,+","0",",,0,28,+","22.9",",,0,27,","49.8",",,,0","0",",,,0"
"VQC00671810","1989-03","17.76028","-64.61278","42.7","COTTON VALLEY 2, VI US","13",",0","3",",0","0",",0","0",",0","0",",0","19890331","+,,0","19890331","+,,0","","","19890307",",,0","0",",,0,31,+","0",",,0,31,+","4.8",",,0,07,","20.7",",,,0","0",",,,0"
"VQC00671810","1989-04","17.76028","-64.61278","42.7","COTTON VALLEY 2, VI US","14",",0","8",",0","0",",0","0",",0","0",",0","19890430","+,,0","19890430","+,,0","","","19890412",",,0","0",",,0,30,+","0",",,0,30,+","14.5",",,0,12,","45.2",",,,0","0",",,,0"
"VQC00671810","1989-05","17.76028","-64.61278","42.7","COTTON VALLEY 2, VI US","10",",0","4",",0","0",",0","0",",0","0",",0","19890531","+,,0","19890531","+,,0","","","19890531",",,0","0",",,0,31,+","0",",,0,31,+","13.2",",,0,31,","27.5",",,,0","0",",,,0"
"VQC00671810","1989-06","17.76028","-64.61278","42.7","COTTON VALLEY 2, VI US","8",",0","4",",0","2",",0","0",",0","0",",0","19890630","+,,0","19890630","+,,0","","","19890601",",,0","0",",,0,30,+","0",",,0,30,+","54.6",",,0,01,","96.7",",,,0","0",",,,0"
"VQC00671810","1989-07","17.76028","-64.61278","42.7","COTTON VALLEY 2, VI US","16",",0","4",",0","0",",0","0",",0","0",",0","19890731","+,,0","19890731","+,,0","","","19890703",",,0","0",",,0,31,+","0",",,0,31,+","5.8",",,0,03,","31.5",",,,0","0",",,,0"
"VQC00671810","1989-08","17.76028","-64.61278","42.7","COTTON VALLEY 2, VI US","15",",0","10",",0","3",",0","0",",0","0",",0","19890831","+,,0","19890831","+,,0","","","19890818",",,0","0",",,0,31,+","0",",,0,31,+","27.9",",,0,18,","149.8",",,,0","0",",,,0"
"VQC00671810","1989-09","17.76028","-64.61278","42.7","COTTON VALLEY 2, VI US","","","","","","","0",",0","0",",0","19890930","+,,0","19890930","+,,0","","","","","0",",,0,30,+","0",",,0,30,+","","","","","0",",,,0"
"VQC00671810","1989-10","17.76028","-64.61278","42.7","COTTON VALLEY 2, VI US","3",",0","1",",0","0",",0","0",",0","0",",0","19891031","+,,0","19891031","+,,0","","","19891026",",,0","0",",,0,31,+","0",",,0,31,+","5.6",",,0,26,","6.9",",,,0","0",",,,0"
"VQC00671810","1989-11","17.76028","-64.61278","42.7","COTTON VALLEY 2, VI US","10",",0","4",",0","0",",0","0",",0","0",",0","19891130","+,,0","19891130","+,,0","","","19891126",",,0","0",",,0,30,+","0",",,0,30,+","9.9",",,0,26,","29.7",",,,0","0",",,,0"
"VQC00671810","1989-12","17.76028","-64.61278","42.7","COTTON VALLEY 2, VI US","7",",0","2",",0","0",",0","0",",0","0",",0","19891231","+,,0","19891231","+,,0","","","19891219",",,0","0",",,0,31,+","0",",,0,31,+","4.3",",,0,19,","15.6",",,,0","0",",,,0"
"VQC00671810","1990-01","17.76028","-64.61278","42.7","COTTON VALLEY 2, VI US","17",",0","8",",0","0",",0","0",",0","0",",0","19900131","+,,0","19900131","+,,0","","","19900116",",,0","0",",,0,31,+","0",",,0,31,+","9.1",",,0,16,","46.5",",,,0","0",",,,0"
"VQC00671810","1990-02","17.76028","-64.61278","42.7","COTTON VALLEY 2, VI US","13",",0","4",",0","0",",0","0",",0","0",",0","19900228","+,,0","19900228","+,,0","","","19900218",",,0","0",",,0,28,+","0",",,0,28,+","9.1",",,0,18,","28.2",",,,0","0",",,,0"
"VQC00671810","1990-03","17.76028","-64.61278","42.7","COTTON VALLEY 2, VI US","12",",0","1",",0","0",",0","0",",0","0",",0","19900331","+,,0","19900331","+,,0","","","19900314",",,0","0",",,0,31,+","0",",,0,31,+","4.1",",,0,14,","16.9",",,,0","0",",,,0"
"VQC00671810","1990-04","17.76028","-64.61278","42.7","COTTON VALLEY 2, VI US","5",",0","3",",0","1",",0","0",",0","0",",0","19900430","+,,0","19900430","+,,0","","","19900427",",,0","0",",,0,30,+","0",",,0,30,+","38.9",",,0,27,","50.9",",,,0","0",",,,0"
"VQC00671810","1990-05","17.76028","-64.61278","42.7","COTTON VALLEY 2, VI US","10",",0","5",",0","0",",0","0",",0","0",",0","19900531","+,,0","19900531","+,,0","","","19900528",",,0","0",",,0,31,+","0",",,0,31,+","6.4",",,0,28,","26.4",",,,0","0",",,,0"
"VQC00671810","1990-06","17.76028","-64.61278","42.7","COTTON VALLEY 2, VI US","11",",0","6",",0","0",",0","0",",0","0",",0","19900630","+,,0","19900630","+,,0","","","19900604",",,0","0",",,0,30,+","0",",,0,30,+","17.0",",,0,04,","42.1",",,,0","0",",,,0"
"VQC00671810","1990-07","17.76028","-64.61278","42.7","COTTON VALLEY 2, VI US","13",",0","5",",0","1",",0","0",",0","0",",0","19900731","+,,0","19900731","+,,0","","","19900706",",,0","0",",,0,31,+","0",",,0,31,+","40.6",",,0,06,","78.2",",,,0","0",",,,0"
"VQC00671810","1990-08","17.76028","-64.61278","42.7","COTTON VALLEY 2, VI US","14",",0","4",",0","1",",0","0",",0","0",",0","19900831","+,,0","19900831","+,,0","","","19900814",",,0","0",",,0,31,+","0",",,0,31,+","76.2",",,0,14,","103.3",",,,0","0",",,,0"
"VQC00671810","1990-09","17.76028","-64.61278","42.7","COTTON VALLEY 2, VI US","14",",0","6",",0","0",",0","0",",0","0",",0","19900930","+,,0","19900930","+,,0","","","19900915",",,0","0",",,0,30,+","0",",,0,30,+","21.3",",,0,15,","52.6",",,,0","0",",,,0"
"VQC00671810","1990-10","17.76028","-64.61278","42.7","COTTON VALLEY 2, VI US","19",",0","14",",0","4",",0","0",",0","0",",0","19901031","+,,0","19901031","+,,0","","","19901015",",,0","0",",,0,31,+","0",",,0,31,+","111.8",",,0,15,","331.1",",,,0","0",",,,0"
"VQC00671810","1990-11","17.76028","-64.61278","42.7","COTTON VALLEY 2, VI US","13",",0","3",",0","0",",0","0",",0","0",",0","19901130","+,,0","19901130","+,,0","","","19901130",",,0","0",",,0,30,+","0",",,0,30,+","4.3",",,0,30,","19.6",",,,0","0",",,,0"
"VQC00671810","1990-12","17.76028","-64.61278","42.7","COTTON VALLEY 2, VI US","13",",0","8",",0","0",",0","0",",0","0",",0","19901231","+,,0","19901231","+,,0","","","19901230",",,0","0",",,0,31,+","0",",,0,31,+","9.1",",,0,30,","47.6",",,,0","0",",,,0"
"VQC00671810","1991-01","17.76028","-64.61278","42.7","COTTON VALLEY 2, VI US","14",",0","3",",0","0",",0","0",",0","0",",0","19910131","+,,0","19910131","+,,0","","","19910110","+,,0","0",",,0,31,+","0",",,0,31,+","3.3",",,0,10,+","20.6",",,,0","0",",,,0"
"VQC00671810","1991-02","17.76028","-64.61278","42.7","COTTON VALLEY 2, VI US","11",",0","4",",0","0",",0","0",",0","0",",0","19910228","+,,0","19910228","+,,0","","","19910213",",,0","0",",,0,28,+","0",",,0,28,+","16.5",",,0,13,","41.1",",,,0","0",",,,0"
"VQC00671810","1991-03","17.76028","-64.61278","42.7","COTTON VALLEY 2, VI US","12",",0","6",",0","0",",0","0",",0","0",",0","19910331","+,,0","19910331","+,,0","","","19910305",",,0","0",",,0,31,+","0",",,0,31,+","6.6",",,0,05,","37.8",",,,0","0",",,,0"
"VQC00671810","1991-04","17.76028","-64.61278","42.7","COTTON VALLEY 2, VI US","6",",0","4",",0","0",",0","0",",0","0",",0","19910430","+,,0","19910430","+,,0","","","19910414",",,0","0",",,0,30,+","0",",,0,30,+","4.3",",,0,14,","16.1",",,,0","0",",,,0"
"VQC00671810","1991-05","17.76028","-64.61278","42.7","COTTON VALLEY 2, VI US","10",",0","4",",0","0",",0","0",",0","0",",0","19910531","+,,0","19910531","+,,0","","","19910509",",,0","0",",,0,31,+","0",",,0,31,+","7.9",",,0,09,","37.1",",,,0","0",",,,0"
"VQC00671810","1991-06","17.76028","-64.61278","42.7","COTTON VALLEY 2, VI US","9",",0","2",",0","0",",0","0",",0","0",",0","19910630","+,,0","19910630","+,,0","","","19910630",",,0","0",",,0,30,+","0",",,0,30,+","4.3",",,0,30,","15.8",",,,0","0",",,,0"
"VQC00671810","1991-07","17.76028","-64.61278","42.7","COTTON VALLEY 2, VI US","10",",0","5",",0","0",",0","0",",0","0",",0","19910731","+,,0","19910731","+,,0","","","19910716",",,0","0",",,0,31,+","0",",,0,31,+","11.4",",,0,16,","34.4",",,,0","0",",,,0"
"VQC00671810","1991-08","17.76028","-64.61278","42.7","COTTON VALLEY 2, VI US","8",",0","3",",0","0",",0","0",",0","0",",0","19910831","+,,0","19910831","+,,0","","","19910829",",,0","0",",,0,31,+","0",",,0,31,+","5.6",",,0,29,","21.1",",,,0","0",",,,0"
"VQC00671810","1991-09","17.76028","-64.61278","42.7","COTTON VALLEY 2, VI US","9",",0","5",",0","0",",0","0",",0","0",",0","19910930","+,,0","19910930","+,,0","","","19910929",",,0","0",",,0,30,+","0",",,0,30,+","12.7",",,0,29,","46.3",",,,0","0",",,,0"
"VQC00671810","1991-10","17.76028","-64.61278","42.7","COTTON VALLEY 2, VI US","14",",0","7",",0","0",",0","0",",0","0",",0","19911031","+,,0","19911031","+,,0","","","19911023",",,0","0",",,0,31,+","0",",,0,31,+","11.9",",,0,23,","51.5",",,,0","0",",,,0"
"VQC00671810","1991-11","17.76028","-64.61278","42.7","COTTON VALLEY 2, VI US","15",",0","9",",0","0",",0","0",",0","0",",0","19911130","+,,0","19911130","+,,0","","","19911127",",,0","0",",,0,30,+","0",",,0,30,+","18.3",",,0,27,","87.1",",,,0","0",",,,0"
"VQC00671810","1991-12","17.76028","-64.61278","42.7","COTTON VALLEY 2, VI US","17",",0","7",",0","0",",0","0",",0","0",",0","19911231","+,,0","19911231","+,,0","","","19911231","+,,0","0",",,0,31,+","0",",,0,31,+","6.6",",,0,31,+","42.8",",,,0","0",",,,0"
"VQC00671810","1992-01","17.76028","-64.61278","42.7","COTTON VALLEY 2, VI US","8",",0","2",",0","0",",0","0",",0","0",",0","19920131","+,,0","19920131","+,,0","","","19920106",",,0","0",",,0,31,+","0",",,0,31,+","11.4",",,0,06,","20.0",",,,0","0",",,,0"
"VQC00671810","1992-02","17.76028","-64.61278","42.7","COTTON VALLEY 2, VI US","12",",0","2",",0","0",",0","0",",0","0",",0","19920229","+,,0","19920229","+,,0","","","19920208",",,0","0",",,0,29,+","0",",,0,29,+","7.1",",,0,08,","20.3",",,,0","0",",,,0"
"VQC00671810","1992-03","17.76028","-64.61278","42.7","COTTON VALLEY 2, VI US","8",",0","5",",0","0",",0","0",",0","0",",0","19920331","+,,0","19920331","+,,0","","","19920322","+,,0","0",",,0,31,+","0",",,0,31,+","8.1",",,0,22,+","30.5",",,,0","0",",,,0"
"VQC00671810","1992-04","17.76028","-64.61278","42.7","COTTON VALLEY 2, VI US","10",",0","5",",0","1",",0","0",",0","0",",0","19920430","+,,0","19920430","+,,0","","","19920408",",,0","0",",,0,30,+","0",",,0,30,+","29.0",",,0,08,","47.6",",,,0","0",",,,0"
"VQC00671810","1992-05","17.76028","-64.61278","42.7","COTTON VALLEY 2, VI US","10",",0","6",",0","2",",0","0",",0","0",",0","19920531","+,,0","19920531","+,,0","","","19920525",",,0","0",",,0,31,+","0",",,0,31,+","111.8",",,0,25,","223.4",",,,0","0",",,,0"
"VQC00671810","1992-06","17.76028","-64.61278","42.7","COTTON VALLEY 2, VI US","12",",0","1",",0","0",",0","0",",0","0",",0","19920630","+,,0","19920630","+,,0","","","19920617",",,0","0",",,0,30,+","0",",,0,30,+","5.3",",,0,17,","18.1",",,,0","0",",,,0"
"VQC00671810","1992-07","17.76028","-64.61278","42.7","COTTON VALLEY 2, VI US","17",",0","4",",0","0",",0","0",",0","0",",0","19920731","+,,0","19920731","+,,0","","","19920722",",,0","0",",,0,31,+","0",",,0,31,+","11.7",",,0,22,","40.1",",,,0","0",",,,0"
"VQC00671810","1992-08","17.76028","-64.61278","42.7","COTTON VALLEY 2, VI US","14",",0","5",",0","0",",0","0",",0","0",",0","19920831","+,,0","19920831","+,,0","","","19920824",",,0","0",",,0,31,+","0",",,0,31,+","5.1",",,0,24,","27.6",",,,0","0",",,,0"
"VQC00671810","1992-09","17.76028","-64.61278","42.7","COTTON VALLEY 2, VI US","17",",0","9",",0","0",",0","0",",0","0",",0","19920930","+,,0","19920930","+,,0","","","19920916",",,0","0",",,0,30,+","0",",,0,30,+","12.7",",,0,16,","52.4",",,,0","0",",,,0"
"VQC00671810","1992-10","17.76028","-64.61278","42.7","COTTON VALLEY 2, VI US","11",",0","2",",0","0",",0","0",",0","0",",0","19921031","+,,0","19921031","+,,0","","","19921016",",,0","0",",,0,31,+","0",",,0,31,+","8.4",",,0,16,","22.7",",,,0","0",",,,0"
"VQC00671810","1992-11","17.76028","-64.61278","42.7","COTTON VALLEY 2, VI US","19",",0","10",",0","1",",0","0",",0","0",",0","19921130","+,,0","19921130","+,,0","","","19921116",",,0","0",",,0,30,+","0",",,0,30,+","44.5",",,0,16,","123.1",",,,0","0",",,,0"
"VQC00671810","1992-12","17.76028","-64.61278","42.7","COTTON VALLEY 2, VI US","13",",0","6",",0","1",",0","0",",0","0",",0","19921231","+,,0","19921231","+,,0","","","19921230",",,0","0",",,0,31,+","0",",,0,31,+","41.9",",,0,30,","92.0",",,,0","0",",,,0"
"VQC00671810","1993-01","17.76028","-64.61278","42.7","COTTON VALLEY 2, VI US","18",",0","5",",0","0",",0","0",",0","0",",0","19930131","+,,0","19930131","+,,0","","","19930123",",,0","0",",,0,31,+","0",",,0,31,+","5.1",",,0,23,","29.2",",,,0","0",",,,0"
"VQC00671810","1993-02","17.76028","-64.61278","42.7","COTTON VALLEY 2, VI US","4",",0","2",",0","0",",0","0",",0","0",",0","19930228","+,,0","19930228","+,,0","","","19930203",",,0","0",",,0,28,+","0",",,0,28,+","10.4",",,0,03,","14.9",",,,0","0",",,,0"
"VQC00671810","1993-03","17.76028","-64.61278","42.7","COTTON VALLEY 2, VI US","9",",0","2",",0","0",",0","0",",0","0",",0","19930331","+,,0","19930331","+,,0","","","19930329",",,0","0",",,0,31,+","0",",,0,31,+","3.0",",,0,29,","13.2",",,,0","0",",,,0"
"VQC00671810","1993-04","17.76028","-64.61278","42.7","COTTON VALLEY 2, VI US","10",",0","6",",0","4",",0","0",",0","0",",0","19930430","+,,0","19930430","+,,0","","","19930414",",,0","0",",,0,30,+","0",",,0,30,+","43.7",",,0,14,","160.2",",,,0","0",",,,0"
"VQC00671810","1993-05","17.76028","-64.61278","42.7","COTTON VALLEY 2, VI US","13",",0","7",",0","1",",0","0",",0","0",",0","19930531","+,,0","19930531","+,,0","","","19930510",",,0","0",",,0,31,+","0",",,0,31,+","63.5",",,0,10,","128.5",",,,0","0",",,,0"
"VQC00671810","1993-06","17.76028","-64.61278","42.7","COTTON VALLEY 2, VI US","11",",0","6",",0","0",",0","0",",0","0",",0","19930630","+,,0","19930630","+,,0","4","","19930619",",,0","0",",,0,30,+","0",",,0,30,+","17.5",",,0,19,","57.1",",,,0","0",",,,0"
"VQC00671810","1993-07","17.76028","-64.61278","42.7","COTTON VALLEY 2, VI US","14",",0","4",",0","1",",0","0",",0","0",",0","19930731","+,,0","19930731","+,,0","2","","19930723",",,0","0",",,0,31,+","0",",,0,31,+","38.1",",,0,23,","68.5",",,,0","0",",,,0"
"VQC00671810","1993-08","17.76028","-64.61278","42.7","COTTON VALLEY 2, VI US","9",",0","2",",0","0",",0","0",",0","0",",0","19930831","+,,0","19930831","+,,0","","","19930816",",,0","0",",,0,31,+","0",",,0,31,+","15.7",",,0,16,","33.2",",,,0","0",",,,0"
"VQC00671810","1993-09","17.76028","-64.61278","42.7","COTTON VALLEY 2, VI US","10",",0","2",",0","0",",0","0",",0","0",",0","19930930","+,,0","19930930","+,,0","","","19930918",",,0","0",",,0,30,+","0",",,0,30,+","7.6",",,0,18,","20.9",",,,0","0",",,,0"
"VQC00671810","1993-10","17.76028","-64.61278","42.7","COTTON VALLEY 2, VI US","7",",0","3",",0","0",",0","0",",0","0",",0","19931031","+,,0","19931031","+,,0","","","19931024",",,0","0",",,0,31,+","0",",,0,31,+","18.8",",,0,24,","28.5",",,,0","0",",,,0"
"VQC00671810","1993-11","17.76028","-64.61278","42.7","COTTON VALLEY 2, VI US","13",",0","7",",0","0",",0","0",",0","0",",0","19931130","+,,0","19931130","+,,0","","","19931126",",,0","0",",,0,30,+","0",",,0,30,+","14.5",",,0,26,","45.3",",,,0","0",",,,0"
"VQC00671810","1993-12","17.76028","-64.61278","42.7","COTTON VALLEY 2, VI US","11",",0","3",",0","0",",0","0",",0","0",",0","19931231","+,,0","19931231","+,,0","","","19931230",",,0","0",",,0,31,+","0",",,0,31,+","11.7",",,0,30,","26.9",",,,0","0",",,,0"
"VQC00671810","1994-01","17.76028","-64.61278","42.7","COTTON VALLEY 2, VI US","17",",0","6",",0","0",",0","0",",0","0",",0","19940131","+,,0","19940131","+,,0","","","19940111","+,,0","0",",,0,31,+","0",",,0,31,+","6.6",",,0,11,+","42.9",",,,0","0",",,,0"
"VQC00671810","1994-02","17.76028","-64.61278","42.7","COTTON VALLEY 2, VI US","11",",0","1",",0","0",",0","0",",0","0",",0","19940228","+,,0","19940228","+,,0","","","19940219",",,0","0",",,0,28,+","0",",,0,28,+","4.1",",,0,19,","12.4",",,,0","0",",,,0"
"VQC00671810","1994-03","17.76028","-64.61278","42.7","COTTON VALLEY 2, VI US","8",",0","3",",0","1",",0","0",",0","0",",0","19940331","+,,0","19940331","+,,0","","","19940301",",,0","0",",,0,31,+","0",",,0,31,+","25.9",",,0,01,","36.4",",,,0","0",",,,0"
"VQC00671810","1994-04","17.76028","-64.61278","42.7","COTTON VALLEY 2, VI US","6",",0","2",",0","0",",0","0",",0","0",",0","19940430","+,,0","19940430","+,,0","","","19940412",",,0","0",",,0,30,+","0",",,0,30,+","9.9",",,0,12,","17.2",",,,0","0",",,,0"
"VQC00671810","1994-05","17.76028","-64.61278","42.7","COTTON VALLEY 2, VI US","8",",0","1",",0","0",",0","0",",0","0",",0","19940531","+,,0","19940531","+,,0","","","19940509",",,0","0",",,0,31,+","0",",,0,31,+","6.4",",,0,09,","11.3",",,,0","0",",,,0"
"VQC00671810","1994-06","17.76028","-64.61278","42.7","COTTON VALLEY 2, VI US","12",",0","6",",0","0",",0","0",",0","0",",0","19940630","+,,0","19940630","+,,0","","","19940618",",,0","0",",,0,30,+","0",",,0,30,+","17.8",",,0,18,","46.0",",,,0","0",",,,0"
"VQC00671810","1994-07","17.76028","-64.61278","42.7","COTTON VALLEY 2, VI US","6",",0","2",",0","0",",0","0",",0","0",",0","19940731","+,,0","19940731","+,,0","","","19940731",",,0","0",",,0,31,+","0",",,0,31,+","11.9",",,0,31,","19.0",",,,0","0",",,,0"
"VQC00671810","1994-08","17.76028","-64.61278","42.7","COTTON VALLEY 2, VI US","11",",0","5",",0","0",",0","0",",0","0",",0","19940831","+,,0","19940831","+,,0","","","19940817",",,0","0",",,0,31,+","0",",,0,31,+","12.2",",,0,17,","29.9",",,,0","0",",,,0"
"VQC00671810","1994-09","17.76028","-64.61278","42.7","COTTON VALLEY 2, VI US","18",",0","3",",0","0",",0","0",",0","0",",0","19940930","+,,0","19940930","+,,0","","","19940915",",,0","0",",,0,30,+","0",",,0,30,+","14.0",",,0,15,","44.2",",,,0","0",",,,0"
"VQC00671810","1994-10","17.76028","-64.61278","42.7","COTTON VALLEY 2, VI US","5",",0","2",",0","1",",0","0",",0","0",",0","19941031","+,,0","19941031","+,,0","","","19941024",",,0","0",",,0,31,+","0",",,0,31,+","32.3",",,0,24,","39.7",",,,0","0",",,,0"
"VQC00671810","1994-11","17.76028","-64.61278","42.7","COTTON VALLEY 2, VI US","12",",0","5",",0","1",",0","0",",0","0",",0","19941130","+,,0","19941130","+,,0","","","19941111",",,0","0",",,0,30,+","0",",,0,30,+","39.4",",,0,11,","66.5",",,,0","0",",,,0"
"VQC00671810","1994-12","17.76028","-64.61278","42.7","COTTON VALLEY 2, VI US","11",",0","5",",0","0",",0","0",",0","0",",0","19941231","+,,0","19941231","+,,0","","","19941207",",,0","0",",,0,31,+","0",",,0,31,+","5.8",",,0,07,","24.5",",,,0","0",",,,0"
"VQC00671810","1995-01","17.76028","-64.61278","42.7","COTTON VALLEY 2, VI US","11",",0","5",",0","0",",0","0",",0","0",",0","19950131","+,,0","19950131","+,,0","","","19950127",",,0","0",",,0,31,+","0",",,0,31,+","15.2",",,0,27,","48.0",",,,0","0",",,,0"
"VQC00671810","1995-02","17.76028","-64.61278","42.7","COTTON VALLEY 2, VI US","10",",0","4",",0","0",",0","0",",0","0",",0","19950228","+,,0","19950228","+,,0","","","19950228",",,0","0",",,0,28,+","0",",,0,28,+","10.9",",,0,28,","29.2",",,,0","0",",,,0"
"VQC00671810","1995-03","17.76028","-64.61278","42.7","COTTON VALLEY 2, VI US","10",",0","3",",0","0",",0","0",",0","0",",0","19950331","+,,0","19950331","+,,0","","","19950312",",,0","0",",,0,31,+","0",",,0,31,+","5.6",",,0,12,","18.4",",,,0","0",",,,0"
"VQC00671810","1995-04","17.76028","-64.61278","42.7","COTTON VALLEY 2, VI US","4",",0","1",",0","0",",0","0",",0","0",",0","19950430","+,,0","19950430","+,,0","","","19950428",",,0","0",",,0,30,+","0",",,0,30,+","3.6",",,0,28,","7.9",",,,0","0",",,,0"
"VQC00671810","1995-05","17.76028","-64.61278","42.7","COTTON VALLEY 2, VI US","13",",0","6",",0","1",",0","0",",0","0",",0","19950531","+,,0","19950531","+,,0","","","19950509",",,0","0",",,0,31,+","0",",,0,31,+","58.2",",,0,09,","107.2",",,,0","0",",,,0"
"VQC00671810","1995-06","17.76028","-64.61278","42.7","COTTON VALLEY 2, VI US","13",",0","4",",0","0",",0","0",",0","0",",0","19950630","+,,0","19950630","+,,0","","","19950607",",,0","0",",,0,30,+","0",",,0,30,+","6.6",",,0,07,","26.8",",,,0","0",",,,0"
"VQC00671810","1995-07","17.76028","-64.61278","42.7","COTTON VALLEY 2, VI US","13",",0","7",",0","1",",0","0",",0","0",",0","19950731","+,,0","19950731","+,,0","","","19950718",",,0","0",",,0,31,+","0",",,0,31,+","25.9",",,0,18,","72.4",",,,0","0",",,,0"
"VQC00671810","1995-08","17.76028","-64.61278","42.7","COTTON VALLEY 2, VI US","12",",0","5",",0","0",",0","0",",0","0",",0","19950831","+,,0","19950831","+,,0","","","19950803",",,0","0",",,0,31,+","0",",,0,31,+","16.0",",,0,03,","47.7",",,,0","0",",,,0"
"VQC00671810","1995-09","17.76028","-64.61278","42.7","COTTON VALLEY 2, VI US","11",",0","8",",0","2",",0","0",",0","0",",0","19950930","+,,0","19950930","+,,0","","","19950916",",,0","0",",,0,30,+","0",",,0,30,+","95.3",",,0,16,","196.1",",,,0","0",",,,0"
"VQC00671810","1995-10","17.76028","-64.61278","42.7","COTTON VALLEY 2, VI US","16",",0","6",",0","0",",0","0",",0","0",",0","19951031","+,,0","19951031","+,,0","","","19951025",",,0","0",",,0,31,+","0",",,0,31,+","15.2",",,0,25,","61.2",",,,0","0",",,,0"
"VQC00671810","1995-11","17.76028","-64.61278","42.7","COTTON VALLEY 2, VI US","13",",0","6",",0","0",",0","0",",0","0",",0","19951130","+,,0","19951130","+,,0","","","19951103",",,0","0",",,0,30,+","0",",,0,30,+","5.6",",,0,03,","26.3",",,,0","0",",,,0"
"VQC00671810","1995-12","17.76028","-64.61278","42.7","COTTON VALLEY 2, VI US","13",",0","6",",0","0",",0","0",",0","0",",0","19951231","+,,0","19951231","+,,0","","","19951218",",,0","0",",,0,31,+","0",",,0,31,+","11.9",",,0,18,","40.7",",,,0","0",",,,0"
"VQC00671810","1996-01","17.76028","-64.61278","42.7","COTTON VALLEY 2, VI US","12",",0","5",",0","0",",0","0",",0","0",",0","19960131","+,,0","19960131","+,,0","","","19960115",",,0","0",",,0,31,+","0",",,0,31,+","7.6",",,0,15,","36.3",",,,0","0",",,,0"
"VQC00671810","1996-02","17.76028","-64.61278","42.7","COTTON VALLEY 2, VI US","6",",0","1",",0","0",",0","0",",0","0",",0","19960229","+,,0","19960229","+,,0","","","19960207",",,0","0",",,0,29,+","0",",,0,29,+","3.0",",,0,07,","9.1",",,,0","0",",,,0"
"VQC00671810","1996-03","17.76028","-64.61278","42.7","COTTON VALLEY 2, VI US","6",",0","1",",0","0",",0","0",",0","0",",0","19960331","+,,0","19960331","+,,0","","","19960318",",,0","0",",,0,31,+","0",",,0,31,+","4.1",",,0,18,","9.6",",,,0","0",",,,0"
"VQC00671810","1996-04","17.76028","-64.61278","42.7","COTTON VALLEY 2, VI US","","","","","","","0",",0","0",",0","19960430","+,,0","19960430","+,,0","","","","","0",",,0,30,+","0",",,0,30,+","","","","","0",",,,0"
"VQC00671810","1996-05","17.76028","-64.61278","42.7","COTTON VALLEY 2, VI US","8",",0","2",",0","0",",0","0",",0","0",",0","19960531","+,,0","19960531","+,,0","","","19960508",",,0","0",",,0,31,+","0",",,0,31,+","14.5",",,0,08,","25.8",",,,0","0",",,,0"
"VQC00671810","1996-06","17.76028","-64.61278","42.7","COTTON VALLEY 2, VI US","11",",0","7",",0","0",",0","0",",0","0",",0","19960630","+,,0","19960630","+,,0","","","19960607",",,0","0",",,0,30,+","0",",,0,30,+","8.6",",,0,07,","42.8",",,,0","0",",,,0"
"VQC00671810","1996-07","17.76028","-64.61278","42.7","COTTON VALLEY 2, VI US","7",",0","4",",0","0",",0","0",",0","0",",0","19960731","+,,0","19960731","+,,0","","","19960709",",,0","0",",,0,31,+","0",",,0,31,+","18.8",",,0,09,","47.7",",,,0","0",",,,0"
"VQC00671810","1996-08","17.76028","-64.61278","42.7","COTTON VALLEY 2, VI US","","","","","","","0",",0","0",",0","19960831","+,,0","19960831","+,,0","","","","","0",",,0,31,+","0",",,0,31,+","","","","","0",",,,0"
"VQC00671810","1996-09","17.76028","-64.61278","42.7","COTTON VALLEY 2, VI US","15",",0","6",",0","1",",0","0",",0","0",",0","19960930","+,,0","19960930","+,,0","","","19960910",",,0","0",",,0,30,+","0",",,0,30,+","120.7",",,0,10,","166.3",",,,0","0",",,,0"
"VQC00671810","1996-10","17.76028","-64.61278","42.7","COTTON VALLEY 2, VI US","13",",0","3",",0","0",",0","0",",0","0",",0","19961031","+,,0","19961031","+,,0","","","19961027",",,0","0",",,0,31,+","0",",,0,31,+","11.9",",,0,27,","25.6",",,,0","0",",,,0"
"VQC00671810","1996-11","17.76028","-64.61278","42.7","COTTON VALLEY 2, VI US","16",",0","9",",0","0",",0","0",",0","0",",0","19961130","+,,0","19961130","+,,0","","","19961122",",,0","0",",,0,30,+","0",",,0,30,+","21.1",",,0,22,","80.2",",,,0","0",",,,0"
"VQC00671810","1996-12","17.76028","-64.61278","42.7","COTTON VALLEY 2, VI US","12",",0","5",",0","1",",0","0",",0","0",",0","19961231","+,,0","19961231","+,,0","","","19961216",",,0","0",",,0,31,+","0",",,0,31,+","34.0",",,0,16,","77.2",",,,0","0",",,,0"
"VQC00671810","1997-01","17.76028","-64.61278","42.7","COTTON VALLEY 2, VI US","8",",0","2",",0","0",",0","0",",0","0",",0","19970131","+,,0","19970131","+,,0","","","19970125",",,0","0",",,0,31,+","0",",,0,31,+","9.1",",,0,25,","20.1",",,,0","0",",,,0"
"VQC00671810","1997-02","17.76028","-64.61278","42.7","COTTON VALLEY 2, VI US","12",",0","6",",0","0",",0","0",",0","0",",0","19970228","+,,0","19970228","+,,0","","","19970201",",,0","0",",,0,28,+","0",",,0,28,+","12.2",",,0,01,","39.5",",,,0","0",",,,0"
"VQC00671810","1997-03","17.76028","-64.61278","42.7","COTTON VALLEY 2, VI US","9",",0","1",",0","0",",0","0",",0","0",",0","19970331","+,,0","19970331","+,,0","","","19970308",",,0","0",",,0,31,+","0",",,0,31,+","2.8",",,0,08,","8.9",",,,0","0",",,,0"
"VQC00671810","1997-04","17.76028","-64.61278","42.7","COTTON VALLEY 2, VI US","1",",0","1",",0","0",",0","0",",0","0",",0","19970430","+,,0","19970430","+,,0","","","19970403",",,0","0",",,0,30,+","0",",,0,30,+","9.7",",,0,03,","9.7",",,,0","0",",,,0"
"VQC00671810","1997-05","17.76028","-64.61278","42.7","COTTON VALLEY 2, VI US","7",",0","3",",0","0",",0","0",",0","0",",0","19970531","+,,0","19970531","+,,0","","","19970530",",,0","0",",,0,31,+","0",",,0,31,+","8.9",",,0,30,","19.6",",,,0","0",",,,0"
"VQC00671810","1997-06","17.76028","-64.61278","42.7","COTTON VALLEY 2, VI US","8",",0","2",",0","0",",0","0",",0","0",",0","19970630","+,,0","19970630","+,,0","","","19970624",",,0","0",",,0,30,+","0",",,0,30,+","7.4",",,0,24,","19.0",",,,0","0",",,,0"
"VQC00671810","1997-07","17.76028","-64.61278","42.7","COTTON VALLEY 2, VI US","9",",0","4",",0","0",",0","0",",0","0",",0","19970731","+,,0","19970731","+,,0","","","19970722",",,0","0",",,0,31,+","0",",,0,31,+","21.8",",,0,22,","52.9",",,,0","0",",,,0"
"VQC00671810","1997-08","17.76028","-64.61278","42.7","COTTON VALLEY 2, VI US","10",",0","7",",0","0",",0","0","1,0","0",",0","19970831","+,1,0","19970831","+,,0","","","19970828",",,0","0","1,,0,31,+","0",",,0,31,+","7.4",",,0,28,","30.7",",,,0","0",",,,0"
"VQC00671810","1997-09","17.76028","-64.61278","42.7","COTTON VALLEY 2, VI US","14",",0","6",",0","1",",0","0",",0","0",",0","19970930","+,,0","19970930","+,,0","","","19970927",",,0","0",",,0,30,+","0",",,0,30,+","48.0",",,0,27,","89.2",",,,0","0",",,,0"
"VQC00671810","1997-10","17.76028","-64.61278","42.7","COTTON VALLEY 2, VI US","9",",0","8",",0","2",",0","0",",0","0",",0","19971031","+,,0","19971031","+,,0","","","19971014",",,0","0",",,0,31,+","0",",,0,31,+","40.6",",,0,14,","109.0",",,,0","0",",,,0"
"VQC00671810","1997-11","17.76028","-64.61278","42.7","COTTON VALLEY 2, VI US","13",",0","4",",0","0",",0","0",",0","0",",0","19971130","+,,0","19971130","+,,0","","","19971101",",,0","0",",,0,30,+","0",",,0,30,+","5.1",",,0,01,","25.0",",,,0","0",",,,0"
"VQC00671810","1997-12","17.76028","-64.61278","42.7","COTTON VALLEY 2, VI US","4",",0","2",",0","0",",0","0",",0","0",",0","19971231","+,,0","19971231","+,,0","","","19971221",",,0","0",",,0,31,+","0",",,0,31,+","7.6",",,0,21,","14.5",",,,0","0",",,,0"
"VQC00671810","1998-01","17.76028","-64.61278","42.7","COTTON VALLEY 2, VI US","12",",0","7",",0","0",",0","0",",0","0",",0","19980131","+,,0","19980131","+,,0","","","19980108",",,0","0",",,0,31,+","0",",,0,31,+","9.4",",,0,08,","39.0",",,,0","0",",,,0"
"VQC00671810","1998-02","17.76028","-64.61278","42.7","COTTON VALLEY 2, VI US","4",",0","2",",0","0",",0","0",",0","0",",0","19980228","+,,0","19980228","+,,0","","","19980214",",,0","0",",,0,28,+","0",",,0,28,+","3.0",",,0,14,","7.8",",,,0","0",",,,0"
"VQC00671810","1998-03","17.76028","-64.61278","42.7","COTTON VALLEY 2, VI US","11",",0","4",",0","0",",0","0",",0","0",",0","19980331","+,,0","19980331","+,,0","","","19980328",",,0","0",",,0,31,+","0",",,0,31,+","13.2",",,0,28,","37.8",",,,0","0",",,,0"
"VQC00671810","1998-04","17.76028","-64.61278","42.7","COTTON VALLEY 2, VI US","6",",0","3",",0","0",",0","0",",0","0",",0","19980430","+,,0","19980430","+,,0","","","19980416",",,0","0",",,0,30,+","0",",,0,30,+","17.3",",,0,16,","35.9",",,,0","0",",,,0"
"VQC00671810","1998-05","17.76028","-64.61278","42.7","COTTON VALLEY 2, VI US","9",",0","4",",0","0",",0","0",",0","0",",0","19980531","+,,0","19980531","+,,0","","","19980509",",,0","0",",,0,31,+","0",",,0,31,+","17.8",",,0,09,","47.4",",,,0","0",",,,0"
"VQC00671810","1998-06","17.76028","-64.61278","42.7","COTTON VALLEY 2, VI US","6",",0","3",",0","0",",0","0",",0","0",",0","19980630","+,,0","19980630","+,,0","","","19980618",",,0","0",",,0,30,+","0",",,0,30,+","10.7",",,0,18,","22.9",",,,0","0",",,,0"
"VQC00671810","1998-07","17.76028","-64.61278","42.7","COTTON VALLEY 2, VI US","15",",0","7",",0","0",",0","0",",0","0",",0","19980731","+,,0","19980731","+,,0","","","19980705",",,0","0",",,0,31,+","0",",,0,31,+","13.7",",,0,05,","55.8",",,,0","0",",,,0"
"VQC00671810","1998-08","17.76028","-64.61278","42.7","COTTON VALLEY 2, VI US","9",",0","5",",0","0",",0","0",",0","0",",0","19980831","+,,0","19980831","+,,0","","","19980825",",,0","0",",,0,31,+","0",",,0,31,+","8.4",",,0,25,","32.1",",,,0","0",",,,0"
"VQC00671810","1998-09","17.76028","-64.61278","42.7","COTTON VALLEY 2, VI US","10",",0","5",",0","1",",0","0",",0","0",",0","19980930","+,,0","19980930","+,,0","","","19980922",",,0","0",",,0,30,+","0",",,0,30,+","38.1",",,0,22,","78.8",",,,0","0",",,,0"
"VQC00671810","1998-10","17.76028","-64.61278","42.7","COTTON VALLEY 2, VI US","18",",0","11",",0","2",",0","","","0",",0","","","19981031","+,,0","","","19981023",",,0","","","0",",,0,31,+","135.1",",,0,23,","266.7",",,,0","0",",,,0"
"VQC00671810","1998-11","17.76028","-64.61278","42.7","COTTON VALLEY 2, VI US","13",",0","8",",0","1",",0","0",",0","0",",0","19981130","+,,0","19981130","+,,0","","","19981128",",,0","0",",,0,30,+","0",",,0,30,+","31.0",",,0,28,","93.6",",,,0","0",",,,0"
"VQC00671810","1998-12","17.76028","-64.61278","42.7","COTTON VALLEY 2, VI US","18",",0","6",",0","1",",0","0",",0","0",",0","19981231","+,,0","19981231","+,,0","","","19981205",",,0","0",",,0,31,+","0",",,0,31,+","44.7",",,0,05,","99.5",",,,0","0",",,,0"
"VQC00671810","1999-01","17.76028","-64.61278","42.7","COTTON VALLEY 2, VI US","14",",0","7",",0","0",",0","0",",0","0",",0","19990131","+,,0","19990131","+,,0","","","19990103",",,0","0",",,0,31,+","0",",,0,31,+","6.4",",,0,03,","34.7",",,,0","0",",,,0"
"VQC00671810","1999-02","17.76028","-64.61278","42.7","COTTON VALLEY 2, VI US","6",",0","2",",0","0",",0","0",",0","0",",0","19990228","+,,0","19990228","+,,0","","","19990202",",,0","0",",,0,28,+","0",",,0,28,+","6.9",",,0,02,","14.5",",,,0","0",",,,0"
"VQC00671810","1999-03","17.76028","-64.61278","42.7","COTTON VALLEY 2, VI US","6",",0","2",",0","0",",0","0",",0","0",",0","19990331","+,,0","19990331","+,,0","","","19990326",",,0","0",",,0,31,+","0",",,0,31,+","4.1",",,0,26,","12.5",",,,0","0",",,,0"
"VQC00671810","1999-04","17.76028","-64.61278","42.7","COTTON VALLEY 2, VI US","5",",0","2",",0","1",",0","0",",0","0",",0","19990430","+,,0","19990430","+,,0","","","19990410",",,0","0",",,0,30,+","0",",,0,30,+","52.3",",,0,10,","61.0",",,,0","0",",,,0"
"VQC00671810","1999-05","17.76028","-64.61278","42.7","COTTON VALLEY 2, VI US","2",",0","2",",0","0",",0","0",",0","0",",0","19990531","+,,0","19990531","+,,0","","","19990503",",,0","0",",,0,31,+","0",",,0,31,+","7.6",",,0,03,","14.2",",,,0","0",",,,0"
"VQC00671810","1999-06","17.76028","-64.61278","42.7","COTTON VALLEY 2, VI US","6",",0","3",",0","0",",0","0",",0","0",",0","19990630","+,,0","19990630","+,,0","","","19990610",",,0","0",",,0,30,+","0",",,0,30,+","10.7",",,0,10,","22.4",",,,0","0",",,,0"
"VQC00671810","1999-07","17.76028","-64.61278","42.7","COTTON VALLEY 2, VI US","","","","","","","0",",0","0",",0","19990731","+,,0","19990731","+,,0","","","","","0",",,0,31,+","0",",,0,31,+","","","57.4",",a,,0","0",",,,0"
"VQC00671810","1999-08","17.76028","-64.61278","42.7","COTTON VALLEY 2, VI US","6",",0","4",",0","0",",0","0",",0","0",",0","19990831","+,,0","19990831","+,,0","","","19990820",",,0","0",",,0,31,+","0",",,0,31,+","12.2",",,0,20,","34.7",",,,0","0",",,,0"
"VQC00671810","1999-09","17.76028","-64.61278","42.7","COTTON VALLEY 2, VI US","","","","","","","0",",0","0",",0","19990930","+,,0","19990930","+,,0","","","","","0",",,0,30,+","0",",,0,30,+","","","","","0",",,,0"
"VQC00671810","1999-10","17.76028","-64.61278","42.7","COTTON VALLEY 2, VI US","16",",0","11",",0","1",",0","0",",0","0",",0","19991031","+,,0","19991031","+,,0","","","19991026",",,0","0",",,0,31,+","0",",,0,31,+","27.7",",,0,26,","100.3",",,,0","0",",,,0"
"VQC00671810","1999-11","17.76028","-64.61278","42.7","COTTON VALLEY 2, VI US","7","1,0","4","1,0","0","1,0","0",",0","0",",0","19991130","+,,0","19991130","+,,0","1","","19991119",",1,0","0",",,0,30,+","0",",,0,30,+","7.6","1,,0,19,","24.0","1,,,0","0",",,,0"
"VQC00671810","1999-12","17.76028","-64.61278","42.7","COTTON VALLEY 2, VI US","10",",0","6",",0","1",",0","0",",0","0",",0","19991231","+,,0","19991231","+,,0","","","19991203",",,0","0",",,0,31,+","0",",,0,31,+","27.9",",,0,03,","64.8",",,,0","0",",,,0"
"VQC00671810","2000-01","17.76028","-64.61278","42.7","COTTON VALLEY 2, VI US","14",",0","10",",0","0",",0","0",",0","0",",0","20000131","+,,0","20000131","+,,0","","","20000116",",,0","0",",,0,31,+","0",",,0,31,+","12.7",",,0,16,","53.8",",,,0","0",",,,0"
"VQC00671810","2000-02","17.76028","-64.61278","42.7","COTTON VALLEY 2, VI US","7","3,0","5","3,0","1","3,0","0",",0","0",",0","20000229","+,,0","20000229","+,,0","","","20000220",",3,0","0",",,0,29,+","0",",,0,29,+","31.0","3,,0,20,","68.9",",a,,0","0",",,,0"
"VQC00671810","2000-03","17.76028","-64.61278","42.7","COTTON VALLEY 2, VI US","2",",0","0",",0","0",",0","0",",0","0",",0","20000331","+,,0","20000331","+,,0","","","20000325",",,0","0",",,0,31,+","0",",,0,31,+","1.8",",,0,25,","2.8",",,,0","0",",,,0"
"VQC00671810","2000-04","17.76028","-64.61278","42.7","COTTON VALLEY 2, VI US","4",",0","1",",0","0",",0","0",",0","0",",0","20000430","+,,0","20000430","+,,0","","","20000406",",,0","0",",,0,30,+","0",",,0,30,+","10.9",",,0,06,","13.4",",,,0","0",",,,0"
"VQC00671810","2000-05","17.76028","-64.61278","42.7","COTTON VALLEY 2, VI US","10",",0","7",",0","0",",0","0",",0","0",",0","20000531","+,,0","20000531","+,,0","","","20000529",",,0","0",",,0,31,+","0",",,0,31,+","20.8",",,0,29,","74.7",",,,0","0",",,,0"
"VQC00671810","2000-06","17.76028","-64.61278","42.7","COTTON VALLEY 2, VI US","4",",0","3",",0","0",",0","0",",0","0",",0","20000630","+,,0","20000630","+,,0","","","20000613",",,0","0",",,0,30,+","0",",,0,30,+","4.1",",,0,13,","11.2",",,,0","0",",,,0"
"VQC00671810","2000-07","17.76028","-64.61278","42.7","COTTON VALLEY 2, VI US","8",",0","4",",0","1",",0","0",",0","0",",0","20000731","+,,0","20000731","+,,0","","","20000730",",,0","0",",,0,31,+","0",",,0,31,+","115.3",",,0,30,","130.3",",,,0","0",",,,0"
"VQC00671810","2000-08","17.76028","-64.61278","42.7","COTTON VALLEY 2, VI US","10",",0","8",",0","0",",0","0",",0","0",",0","20000831","+,,0","20000831","+,,0","","","20000801",",,0","0",",,0,31,+","0",",,0,31,+","19.3",",,0,01,","54.3",",,,0","0",",,,0"
"VQC00671810","2000-09","17.76028","-64.61278","42.7","COTTON VALLEY 2, VI US","12",",0","6",",0","0",",0","0",",0","0",",0","20000930","+,,0","20000930","+,,0","","","20000918",",,0","0",",,0,30,+","0",",,0,30,+","19.1",",,0,18,","52.7",",,,0","0",",,,0"
"VQC00671810","2000-10","17.76028","-64.61278","42.7","COTTON VALLEY 2, VI US","8",",0","2",",0","1",",0","0",",0","0",",0","20001031","+,,0","20001031","+,,0","","","20001009",",,0","0",",,0,31,+","0",",,0,31,+","34.5",",,0,09,","46.7",",,,0","0",",,,0"
"VQC00671810","2000-11","17.76028","-64.61278","42.7","COTTON VALLEY 2, VI US","12",",0","9",",0","0",",0","0",",0","0",",0","20001130","+,,0","20001130","+,,0","","","20001108",",,0","0",",,0,30,+","0",",,0,30,+","24.9",",,0,08,","59.2",",,,0","0",",,,0"
"VQC00671810","2000-12","17.76028","-64.61278","42.7","COTTON VALLEY 2, VI US","8",",0","3",",0","0",",0","0",",0","0",",0","20001231","+,,0","20001231","+,,0","","","20001224",",,0","0",",,0,31,+","0",",,0,31,+","8.4",",,0,24,","26.4",",,,0","0",",,,0"
"VQC00671810","2001-01","17.76028","-64.61278","42.7","COTTON VALLEY 2, VI US","4",",0","3",",0","0",",0","0",",0","0",",0","20010131","+,,0","20010131","+,,0","","","20010128",",,0","0",",,0,31,+","0",",,0,31,+","7.1",",,0,28,","15.5",",,,0","0",",,,0"
"VQC00671810","2001-02","17.76028","-64.61278","42.7","COTTON VALLEY 2, VI US","10",",0","4",",0","0",",0","0",",0","0",",0","20010228","+,,0","20010228","+,,0","","","20010225",",,0","0",",,0,28,+","0",",,0,28,+","4.8",",,0,25,","23.9",",,,0","0",",,,0"
"VQC00671810","2001-03","17.76028","-64.61278","42.7","COTTON VALLEY 2, VI US","4",",0","2",",0","0",",0","0",",0","0",",0","20010331","+,,0","20010331","+,,0","","","20010323",",,0","0",",,0,31,+","0",",,0,31,+","6.9",",,0,23,","11.4",",,,0","0",",,,0"
"VQC00671810","2001-04","17.76028","-64.61278","42.7","COTTON VALLEY 2, VI US","8",",0","4",",0","0",",0","0",",0","0",",0","20010430","+,,0","20010430","+,,0","","","20010425",",,0","0",",,0,30,+","0",",,0,30,+","6.4",",,0,25,","21.7",",,,0","0",",,,0"
"VQC00671810","2001-05","17.76028","-64.61278","42.7","COTTON VALLEY 2, VI US","7",",0","3",",0","1",",0","0",",0","0",",0","20010531","+,,0","20010531","+,,0","","","20010508",",,0","0",",,0,31,+","0",",,0,31,+","189.7",",,0,08,","199.2",",,,0","0",",,,0"
"VQC00671810","2001-06","17.76028","-64.61278","42.7","COTTON VALLEY 2, VI US","3",",0","0",",0","0",",0","0",",0","0",",0","20010630","+,,0","20010630","+,,0","","","20010625",",,0","0",",,0,30,+","0",",,0,30,+","1.0",",,0,25,","2.3",",,,0","0",",,,0"
"VQC00671810","2001-07","17.76028","-64.61278","42.7","COTTON VALLEY 2, VI US","9",",0","3",",0","0",",0","0",",0","0",",0","20010731","+,,0","20010731","+,,0","","","20010731",",,0","0",",,0,31,+","0",",,0,31,+","17.8",",,0,31,","36.9",",,,0","0",",,,0"
"VQC00671810","2001-08","17.76028","-64.61278","42.7","COTTON VALLEY 2, VI US","","","","","","","0",",0","0",",0","20010831","+,,0","20010831","+,,0","","","","","0",",,0,31,+","0",",,0,31,+","","","","","0",",,,0"
